Place_Id,Place_Name,Description,Category,City,Price,Rating,Description_Clean,Fitur_Gabungan,Tipe_Wisata,Time_Minutes
1,Monumen Nasional,"Monumen Nasional atau yang populer disingkat dengan Monas atau Tugu Monas adalah monumen peringatan setinggi 132 meter (433 kaki) yang didirikan untuk mengenang perlawanan dan perjuangan rakyat Indonesia untuk merebut kemerdekaan dari pemerintahan kolonial Hindia Belanda. Pembangunan monumen ini dimulai pada tanggal 17 Agustus 1961 di bawah perintah presiden Soekarno dan dibuka untuk umum pada tanggal 12 Juli 1975. Tugu ini dimahkotai lidah api yang dilapisi lembaran emas yang melambangkan semangat perjuangan yang menyala-nyala. Monumen Nasional terletak tepat di tengah Lapangan Medan Merdeka, Jakarta Pusat.",Budaya,Jakarta,20000,46.0,monumen nasional populer singkat monas tugu monas monumen ingat meter kaki diri kenang lawan juang rakyat indonesia rebut merdeka perintah kolonial hindia belanda bangun monumen tanggal agustus perintah presiden soekarno buka umum tanggal juli tugu mahkota lidah api lapis lembar emas melambang semangat juang nyala nyala monumen nasional letak tengah lapang medan merdeka jakarta pusat,monumen nasional populer singkat monas tugu monas monumen ingat meter kaki diri kenang lawan juang rakyat indonesia rebut merdeka perintah kolonial hindia belanda bangun monumen tanggal agustus perintah presiden soekarno buka umum tanggal juli tugu mahkota lidah api lapis lembar emas melambang semangat juang nyala nyala monumen nasional letak tengah lapang medan merdeka jakarta pusat budaya jakarta,Budaya,60
2,Kota Tua,"Kota tua di Jakarta, yang juga bernama Kota Tua, berpusat di Alun-Alun Fatahillah, yaitu alun-alun yang ramai dengan pertunjukan rutin tarian tradisional. Museum Sejarah Jakarta adalah bangunan era Belanda dengan lukisan dan barang antik, sedangkan Museum Wayang memamerkan boneka kayu khas Jawa. Desa Glodok, atau Chinatown, terkenal dengan makanan kaki lima, seperti pangsit dan mi goreng. Di dekatnya, terdapat sekunar dan kapal penangkap ikan di pelabuhan Sunda Kelapa yang kuno",Budaya,Jakarta,0,46.0,kota tua jakarta nama kota tua pusat alun alun fatahillah alun alun ramai tunjuk rutin tari tradisional museum sejarah jakarta bangun era belanda lukis barang antik museum wayang pamer boneka kayu khas jawa desa glodok chinatown kenal makan kaki pangsit mi goreng dekat sekunar kapal tangkap ikan labuh sunda kelapa kuno,kota tua jakarta nama kota tua pusat alun alun fatahillah alun alun ramai tunjuk rutin tari tradisional museum sejarah jakarta bangun era belanda lukis barang antik museum wayang pamer boneka kayu khas jawa desa glodok chinatown kenal makan kaki pangsit mi goreng dekat sekunar kapal tangkap ikan labuh sunda kelapa kuno budaya jakarta,Budaya,60
3,Dunia Fantasi,"Dunia Fantasi atau disebut juga Dufan adalah tempat hiburan yang terletak di kawasan Taman Impian Jaya Ancol, Jakarta Utara, Indonesia. Dufan diresmikan dan dibuka pada tanggal 29 Agustus 1985.",Taman Hiburan,Jakarta,270000,46.0,dunia fantasi dufan hibur letak kawasan taman impi jaya ancol jakarta utara indonesia dufan resmi buka tanggal agustus,dunia fantasi dufan hibur letak kawasan taman impi jaya ancol jakarta utara indonesia dufan resmi buka tanggal agustus taman hiburan jakarta,Taman Hiburan,60
4,Taman Mini Indonesia Indah (TMII),"Taman Mini Indonesia Indah merupakan suatu kawasan taman wisata bertema budaya Indonesia di Jakarta Timur. Area seluas kurang lebih 150 hektare atau 1,5 kilometer persegi ini terletak pada koordinat 6°18′6.8″LS,106°53′47.2″BT",Taman Hiburan,Jakarta,10000,45.0,taman mini indonesia indah kawasan taman wisata tema budaya indonesia jakarta timur area luas hektare kilometer persegi letak koordinat ls bt,taman mini indonesia indah kawasan taman wisata tema budaya indonesia jakarta timur area luas hektare kilometer persegi letak koordinat ls bt taman hiburan jakarta,Kebun/Taman,60
5,Atlantis Water Adventure,"Atlantis Water Adventure atau dikenal dengan Atlantis Ancol akan menyuguhkan petualangan wisata air tak terlupakan. Tempat Wisata bertemakan permainan air dengan luas 5 hektar ini memberi sensasi petualangan di 8 kolam utama. Yaitu kolam Antila, Plaza Atlas, Poseidon, Aquarius, Octopus, Kiddy Pool, dan Atlantean. Berlokasi di kawasan Ancol Jakarta Baycity, Atlantis bisa menjadi pilihan destinasi yang pas untuk wisata berenang.",Taman Hiburan,Jakarta,94000,45.0,atlantis water adventure kenal atlantis ancol suguh tualang wisata air lupa wisata tema main air luas hektar sensasi tualang kolam utama kolam antila plaza atlas poseidon aquarius octopus kiddy pool atlantean lokasi kawasan ancol jakarta baycity atlantis pilih destinasi pas wisata renang,atlantis water adventure kenal atlantis ancol suguh tualang wisata air lupa wisata tema main air luas hektar sensasi tualang kolam utama kolam antila plaza atlas poseidon aquarius octopus kiddy pool atlantean lokasi kawasan ancol jakarta baycity atlantis pilih destinasi pas wisata renang taman hiburan jakarta,Taman Hiburan,60
6,Taman Impian Jaya Ancol,Taman Impian Jaya Ancol merupakan sebuah objek wisata di Jakarta Utara.\n\n,Taman Hiburan,Jakarta,25000,45.0,taman impi jaya ancol objek wisata jakarta utara,taman impi jaya ancol objek wisata jakarta utara taman hiburan jakarta,Kebun/Taman,60
7,Kebun Binatang Ragunan,"Kebun Binatang Ragunan adalah sebuah kebun binatang yang terletak di daerah Ragunan, Pasar Minggu, Jakarta Selatan, Indonesia. Kebun binatang seluas 140 hektare ini didirikan pada tahun 1864. Di dalamnya terdapat berbagai koleksi yang terdiri dari 295 spesies dan 4040 spesimen.\nRagunan sempat ditutup selama sekitar tiga minggu sejak 19 September 2005 karena hewan-hewan di dalamnya ada yang terinfeksi flu burung, tetapi dibuka kembali pada 11 Oktober 2005.Kebun binatang ini memiliki banyak spesies hewan yang langka antara lain kakatua, orangutan, gorila, anoa dan gajah",Cagar Alam,Jakarta,4000,45.0,kebun binatang ragunan kebun binatang letak daerah ragunan pasar minggu jakarta selatan indonesia kebun binatang luas hektare diri tahun dalam koleksi spesies spesimen nragunan tutup minggu september hewan hewan dalam infeksi flu burung buka oktober kebun binatang milik spesies hewan langka kakatua orangutan gorila anoa gajah,kebun binatang ragunan kebun binatang letak daerah ragunan pasar minggu jakarta selatan indonesia kebun binatang luas hektare diri tahun dalam koleksi spesies spesimen nragunan tutup minggu september hewan hewan dalam infeksi flu burung buka oktober kebun binatang milik spesies hewan langka kakatua orangutan gorila anoa gajah cagar alam jakarta,Kebun/Taman,60
8,Ocean Ecopark,"Ocean Ecopark Salah satu zona rekreasi Ancol yang menawarkan ruang terbuka hijau serta pengalaman dan tidak melupakan sisi pendidikan bagi para pengunjung. Beragam aktivitas dan wahana seru yang bisa dimainkan di tempat rekreasi keluarga, beberapa diantaranya : Outbondholic, Rumah Energy, Rumah Lebah, Kano, Paintball, Outbondholic, Eco-Market, Learning Farm, Eco-Bike, Faunaland. Kalau berencana berwisata ke Ocean Eco Park ancol tidak perlu khawatir dengan harga tiket masuknya. Karena harga tiket masuk Ocean Eco Park ditawarkan dengan harga yang masih terjangkau._x000D_",Taman Hiburan,Jakarta,180000,4.0,ocean ecopark salah zona rekreasi ancol tawar ruang buka hijau alam lupa sisi didik unjung agam aktivitas wahana seru main rekreasi keluarga outbondholic rumah energy rumah lebah kano paintball outbondholic eco market learning farm eco bike faunaland rencana wisata ocean eco park ancol khawatir harga tiket masuk harga tiket ocean eco park tawar harga jangkau,ocean ecopark salah zona rekreasi ancol tawar ruang buka hijau alam lupa sisi didik unjung agam aktivitas wahana seru main rekreasi keluarga outbondholic rumah energy rumah lebah kano paintball outbondholic eco market learning farm eco bike faunaland rencana wisata ocean eco park ancol khawatir harga tiket masuk harga tiket ocean eco park tawar harga jangkau taman hiburan jakarta,Taman Hiburan,60
9,Pelabuhan Marina,"Pelabuhan Marina Ancol berada di kawasan Taman Impian Jaya Ancol, Jakarta. Pelabuhan yang biasa disebut Dermaga Marina Ancol ini adalah kawasan yang tidak hanya untuk keperluan penyeberangan saja, tetapi juga dikembangkan untuk banyak hal, seperti wisata air, olahraga air maupun wahana bermain. Fungsi utama dari pelabuhan ini adalah untuk melayani para penumpang yang ingin menyeberang menuju ke kepulauan Seribu, begitu juga sebaliknya. Banyak orang yang berada di Jakarta dan sekitarnya, menjadikan kepulaun Seribu sebagai tujuan wisata yang utama. Liburan di Pulau Seribu memang mampu menghilangkan kepenatan bekerja di kota metropolitan, sembari menikmati keindahan pantai yang masih terjaga dengan baik. Marina Ancol berada di Jakarta Utara atau secara lengkap beralamat di Kota Tua, Ancol, Pademangan, Kota Jakarta. Sangat mudah menuju ke tempat ini karena tidak terlalu jauh dari pusat kota. Selain itu, ada banyak transportasi umum yang menuju ke tempat ini atau bisa juga menggunakan jasa transportasi online.",Bahari,Jakarta,175000,44.0,labuh marina ancol kawasan taman impi jaya ancol jakarta labuh dermaga marina ancol kawasan perlu seberang kembang wisata air olahraga air wahana main fungsi utama labuh layan tumpang seberang pulau ribu jakarta jadi kepulaun ribu tuju wisata utama libur pulau ribu hilang penat kota metropolitan sembari nikmat indah pantai jaga marina ancol jakarta utara lengkap alamat kota tua ancol pademangan kota jakarta mudah pusat kota transportasi umum jasa transportasi online,labuh marina ancol kawasan taman impi jaya ancol jakarta labuh dermaga marina ancol kawasan perlu seberang kembang wisata air olahraga air wahana main fungsi utama labuh layan tumpang seberang pulau ribu jakarta jadi kepulaun ribu tuju wisata utama libur pulau ribu hilang penat kota metropolitan sembari nikmat indah pantai jaga marina ancol jakarta utara lengkap alamat kota tua ancol pademangan kota jakarta mudah pusat kota transportasi umum jasa transportasi online bahari jakarta,Pantai/Bahari,60
10,Pulau Tidung,"Pulau Tidung adalah salah satu kelurahan di kecamatan Kepulauan Seribu Selatan, Kabupaten Kepulauan Seribu, Jakarta, Indonesia.",Bahari,Jakarta,150000,45.0,pulau tidung salah lurah camat pulau ribu selatan kabupaten pulau ribu jakarta indonesia,pulau tidung salah lurah camat pulau ribu selatan kabupaten pulau ribu jakarta indonesia bahari jakarta,Pantai/Bahari,60
11,Pulau Bidadari,"Pulau Bidadari merupakan salah satu resor di Kabupaten Kepulauan Seribu, Jakarta. Sebelum bernama Pulau Bidadari, pulau ini memiliki dua nama yaitu Pulau Sakit dan Pulau Purmerend",Bahari,Jakarta,5000,46.0,pulau bidadari salah resor kabupaten pulau ribu jakarta nama pulau bidadari pulau milik nama pulau sakit pulau purmerend,pulau bidadari salah resor kabupaten pulau ribu jakarta nama pulau bidadari pulau milik nama pulau sakit pulau purmerend bahari jakarta,Pantai/Bahari,60
12,Pulau Pari,"Pulau Pari adalah sebuah pulau yang terletak di Kepulauan Seribu di Daerah Khusus Ibukota Jakarta, Indonesia._x000D_",Bahari,Jakarta,150000,4.0,pulau pari pulau letak pulau ribu daerah ibukota jakarta indonesia,pulau pari pulau letak pulau ribu daerah ibukota jakarta indonesia bahari jakarta,Pantai/Bahari,60
13,Pulau Pramuka,Pulau Pramuka merupakan salah satu pulau yang berada dalam gugusan Kepulauan Seribu. Pulau ini merupakan pusat administrasi dan pemerintahan Kabupaten Administrasi Kepulauan Seribu. Pulau Pramuka termasuk ke dalam wilayah Kelurahan Pulau Panggang.,Bahari,Jakarta,5000,42.0,pulau pramuka salah pulau gugus pulau ribu pulau pusat administrasi perintah kabupaten administrasi pulau ribu pulau pramuka wilayah lurah pulau panggang,pulau pramuka salah pulau gugus pulau ribu pulau pusat administrasi perintah kabupaten administrasi pulau ribu pulau pramuka wilayah lurah pulau panggang bahari jakarta,Pantai/Bahari,60
14,Pulau Pelangi,"Pulau Pelangi adalah sebuah pulau yang terletak di Kepulauan Seribu di Daerah Khusus Ibukota Jakarta, Indonesia. Pulau Pelangi adalah sebuah pulau yang terletak di Kepulauan Seribu di Daerah Khusus Ibukota Jakarta, Indonesia, Pulau Pelangi / biasa disebut Pulau Petondan Besar ( Pelangi Island ) merupakan pulau resort yang sesuai untuk berlibur. Pulau Resort ini mempunyai konsep natural, karena sebagian wilayahnya di penuhi dengan rerimbunan pohon yang menyejukan mata, Keindahan alam dan lautnya layak untuk dikunjungi. Dikelilingi oleh rimbunan pohon dan laut berwarana biru jernih membuat suasanan sejuk dan nyaman. Kondisi yang ideal untuk wisata bersama keluarga. Dengan akomodasi yang langsung menghadap ke laut membuat turis betah berlama-lama di Pulau Pelangi.\nMenurut informasi, Pulau Pelangi atau Pulau Petondan Besar merupakan pulau yang berada pada gugusan Kepulauan Seribu. Secara administratif termasuk dalam wilayah Kabupaten Administratif Kepulauan Seribu provinsi DKI Jakarta. Bersamaan dengan Pulau Petondan Kecil merupakan sebuah resort berlibur. Letaknya berdekatan dengan gugusan yang sama dengan Pulau Kelor dan Pulau Kelapa.\nUntuk mencapai Pelangi Resort dibutuhkan waktu 90 menit perjalanan dari dermaga Pantai Mutiara. Terdapat kapal speedboat khusus di pier R1 Pantai Mutiara yang membawa penumpang kesana. Letaknya 60 – 70 km dari Pantai Mutiara memang lumayan jauh. Namun perjalanan anda terbayar lunas begitu sampai di Pulau Pelangi._x000D_",Bahari,Jakarta,900000,48.0,pulau pelangi pulau letak pulau ribu daerah ibukota jakarta indonesia pulau pelangi pulau letak pulau ribu daerah ibukota jakarta indonesia pulau pelangi pulau petondan pelangi island pulau resort sesuai libur pulau resort konsep natural wilayah penuh rimbun pohon sejuk indah alam laut layak kunjung keliling rimbun pohon laut berwarana biru jernih suasanan sejuk nyaman kondisi ideal wisata keluarga akomodasi hadap laut turis betah lama pulau pelangi nmenurut informasi pulau pelangi pulau petondan pulau gugus pulau ribu administratif wilayah kabupaten administratif pulau ribu provinsi dki jakarta sama pulau petondan resort libur letak dekat gugus pulau kelor pulau kelapa nuntuk capai pelangi resort butuh waktu menit jalan dermaga pantai mutiara kapal speedboat pier pantai mutiara bawa tumpang kesana letak km pantai mutiara lumayan jalan bayar lunas pulau pelangi,pulau pelangi pulau letak pulau ribu daerah ibukota jakarta indonesia pulau pelangi pulau letak pulau ribu daerah ibukota jakarta indonesia pulau pelangi pulau petondan pelangi island pulau resort sesuai libur pulau resort konsep natural wilayah penuh rimbun pohon sejuk indah alam laut layak kunjung keliling rimbun pohon laut berwarana biru jernih suasanan sejuk nyaman kondisi ideal wisata keluarga akomodasi hadap laut turis betah lama pulau pelangi nmenurut informasi pulau pelangi pulau petondan pulau gugus pulau ribu administratif wilayah kabupaten administratif pulau ribu provinsi dki jakarta sama pulau petondan resort libur letak dekat gugus pulau kelor pulau kelapa nuntuk capai pelangi resort butuh waktu menit jalan dermaga pantai mutiara kapal speedboat pier pantai mutiara bawa tumpang kesana letak km pantai mutiara lumayan jalan bayar lunas pulau pelangi bahari jakarta,Pantai/Bahari,60
15,Pasar Seni,"Pasar Seni merupakan Pusat kerajinan dan kesenian yang menjadi wadah bagi seniman berbakat untuk menyalurkan kerajinan seni yang mereka miliki. Seniman dapat bertemu dengan para kolektor seni dan pengusaha untuk saling berbagi informasi dan memasarkan produk yang dimiliki. Didirikan awal tahun 1977, dengan peletakan batu pertama oleh Bang Ali Sadikin, Gubernur pertama DKI Jakarta, tepatnya pada bulan Juli 1977. Dan diresmikan oleh Gubernur H. Tjokropanolo pada tanggal 17 Desember 1977. Sejak diresmikan Pasar Seni, mendapat sambutan positif bagi pada pecinta seni yang ada.",Pusat Perbelanjaan,Jakarta,0,44.0,pasar seni pusat rajin seni wadah seniman bakat salur rajin seni milik seniman temu kolektor seni usaha bagi informasi pasar produk milik diri tahun leta batu bang ali sadikin gubernur dki jakarta tepat juli resmi gubernur tjokropanolo tanggal desember resmi pasar seni sambut positif cinta seni,pasar seni pusat rajin seni wadah seniman bakat salur rajin seni milik seniman temu kolektor seni usaha bagi informasi pasar produk milik diri tahun leta batu bang ali sadikin gubernur dki jakarta tepat juli resmi gubernur tjokropanolo tanggal desember resmi pasar seni sambut positif cinta seni pusat perbelanjaan jakarta,Pusat Perbelanjaan,60
16,Jembatan Kota Intan,"Jembatan Kota Intan adalah jembatan tertua di Indonesia yang dibangun pada tahun 1628 oleh pemerintah Vereenigde Oostindische Compagnie atau VOC, atau masyarakat kita lebih familiar dengan sebutan Kumpeni. Jembatan itu kini terletak di Kali Besar kawasan Kota Tua wilayah Jakarta Barat dan berada di bawah pengelolaan Dinas Pariwisata dan Kebudayaan Provinsi DKI Jakarta.",Budaya,Jakarta,0,43.0,jembatan kota intan jembatan tua indonesia bangun tahun perintah vereenigde oostindische compagnie voc masyarakat familiar sebut kumpeni jembatan letak kawasan kota tua wilayah jakarta barat kelola dinas pariwisata budaya provinsi dki jakarta,jembatan kota intan jembatan tua indonesia bangun tahun perintah vereenigde oostindische compagnie voc masyarakat familiar sebut kumpeni jembatan letak kawasan kota tua wilayah jakarta barat kelola dinas pariwisata budaya provinsi dki jakarta budaya jakarta,Budaya,60
17,Museum Fatahillah,"Museum Fatahillah memiliki nama resmi Museum Sejarah Jakarta adalah sebuah museum yang terletak di Jalan Taman Fatahillah No. 1, Jakarta Barat dengan luas lebih dari 1.300 meter persegi.\nBangunan ini dahulu merupakan balai kota Batavia (bahasa Belanda: Stadhuis van Batavia) yang dibangun pada tahun 1707-1710 atas perintah Gubernur-Jendral Joan van Hoorn. Bangunan ini menyerupai Istana Dam di Amsterdam, terdiri atas bangunan utama dengan dua sayap di bagian timur dan barat serta bangunan sanding yang digunakan sebagai kantor, ruang pengadilan, dan ruang-ruang bawah tanah yang dipakai sebagai penjara. Pada tanggal 30 Maret 1974, bangunan ini kemudian diresmikan oleh bapak Ali Sadikin sebagai Museum Sejarah Jakarta.",Budaya,Jakarta,5000,44.0,museum fatahillah milik nama resmi museum sejarah jakarta museum letak jalan taman fatahillah no jakarta barat luas meter persegi nbangunan balai kota batavia bahasa belanda stadhuis van batavia bangun tahun perintah gubernur jendral joan van hoorn bangun rupa istana dam amsterdam bangun utama sayap timur barat bangun sanding kantor ruang adil ruang ruang tanah pakai penjara tanggal maret bangun resmi ali sadikin museum sejarah jakarta,museum fatahillah milik nama resmi museum sejarah jakarta museum letak jalan taman fatahillah no jakarta barat luas meter persegi nbangunan balai kota batavia bahasa belanda stadhuis van batavia bangun tahun perintah gubernur jendral joan van hoorn bangun rupa istana dam amsterdam bangun utama sayap timur barat bangun sanding kantor ruang adil ruang ruang tanah pakai penjara tanggal maret bangun resmi ali sadikin museum sejarah jakarta budaya jakarta,Museum,60
18,Museum Bank Indonesia,"Museum Bank Indonesia adalah sebuah museum di Jakarta, Indonesia yang terletak di Jl. Pintu Besar Utara No.3, Jakarta Barat (depan stasiun Beos Kota), dengan menempati area bekas gedung Bank Indonesia Kota yang merupakan cagar budaya peninggalan De Javasche Bank yang beraliran neo-klasikal, dipadu dengan pengaruh lokal, dan dibangun pertama kali pada tahun 1828.\nPada tahun 1625, di tempat ini pernah dibangun sebuah gereja sederhana untuk umat Protestan. Pada tahun 1628, gereja ini dibongkar karena digunakan untuk tempat meriam besar ketika puluhan ribu tentara Sultan Agung menyerang Batavia untuk pertama kali.Museum ini menyajikan informasi peran Bank Indonesia dalam perjalanan sejarah bangsa yang dimulai sejak sebelum kedatangan bangsa barat di Nusantara hingga terbentuknya Bank Indonesia pada tahun 1953 dan kebijakan-kebijakan Bank Indonesia, meliputi pula latar belakang dan dampak kebijakan Bank Indonesia bagi masyarakat sampai dengan tahun 2005. Penyajiannya dikemas sedemikian rupa dengan memanfaatkan teknologi modern dan multi media, seperti display elektronik, panel statik, televisi plasma, dan diorama sehingga menciptakan kenyamanan pengunjung dalam menikmati Museum Bank Indonesia. Selain itu terdapat pula fakta dan koleksi benda bersejarah pada masa sebelum terbentuknya Bank Indonesia, seperti pada masa kerajaan-kerajaan Nusantara, antara lain berupa koleksi uang numismatik yang ditampilkan juga secara menarik.\nPeresmian Museum Bank Indonesia dilakukan melalui dua tahap, yaitu peresmian tahap I dan mulai dibuka untuk masyarakat (soft opening) pada tanggal 15 Desember 2006 oleh Gubernur Bank Indonesia saat itu, Burhanuddin Abdullah, dan peresmian tahap II (grand opening) oleh Presiden RI Susilo Bambang Yudhoyono, pada tanggal 21 Juli 2009.\nMuseum Bank Indonesia buka setiap hari kecuali Senin dan hari libur nasional.",Budaya,Jakarta,2000,47.0,museum bank indonesia museum jakarta indonesia letak jl pintu utara no jakarta barat stasiun beos kota tempat area bekas gedung bank indonesia kota cagar budaya tinggal de javasche bank alir neo klasikal padu pengaruh lokal bangun tahun npada tahun bangun gereja sederhana umat protestan tahun gereja bongkar meriam puluh ribu tentara sultan agung serang batavia museum saji informasi peran bank indonesia jalan sejarah bangsa datang bangsa barat nusantara bentuk bank indonesia tahun bijak bijak bank indonesia liput latar dampak bijak bank indonesia masyarakat tahun saji kemas manfaat teknologi modern multi media display elektronik panel statik televisi plasma diorama cipta nyaman unjung nikmat museum bank indonesia fakta koleksi benda sejarah bentuk bank indonesia raja raja nusantara koleksi uang numismatik tampil tarik nperesmian museum bank indonesia tahap resmi tahap buka masyarakat soft opening tanggal desember gubernur bank indonesia burhanuddin abdullah resmi tahap ii grand opening presiden ri susilo bambang yudhoyono tanggal juli nmuseum bank indonesia buka kecuali senin libur nasional,museum bank indonesia museum jakarta indonesia letak jl pintu utara no jakarta barat stasiun beos kota tempat area bekas gedung bank indonesia kota cagar budaya tinggal de javasche bank alir neo klasikal padu pengaruh lokal bangun tahun npada tahun bangun gereja sederhana umat protestan tahun gereja bongkar meriam puluh ribu tentara sultan agung serang batavia museum saji informasi peran bank indonesia jalan sejarah bangsa datang bangsa barat nusantara bentuk bank indonesia tahun bijak bijak bank indonesia liput latar dampak bijak bank indonesia masyarakat tahun saji kemas manfaat teknologi modern multi media display elektronik panel statik televisi plasma diorama cipta nyaman unjung nikmat museum bank indonesia fakta koleksi benda sejarah bentuk bank indonesia raja raja nusantara koleksi uang numismatik tampil tarik nperesmian museum bank indonesia tahap resmi tahap buka masyarakat soft opening tanggal desember gubernur bank indonesia burhanuddin abdullah resmi tahap ii grand opening presiden ri susilo bambang yudhoyono tanggal juli nmuseum bank indonesia buka kecuali senin libur nasional budaya jakarta,Museum,60
19,Kidzania,"KidZania adalah sebuah waralaba swasta Meksiko berupa pusat hiburan keluarga yang saat ini beroperasi di 23 lokasi, yang memungkinkan anak-anak melakukan pekerjaan orang dewasa dan mendapat bayaran. KidZania telah dikunjungi oleh lebih dari 31 juta pengunjung di seluruh dunia sejak pembukaannya, menjadikannya salah satu merek hiburan global yang paling cepat berkembang di dunia.",Taman Hiburan,Jakarta,185000,46.0,kidzania waralaba swasta meksiko pusat hibur keluarga operasi lokasi anak anak kerja dewasa bayar kidzania kunjung juta unjung dunia buka jadi salah merek hibur global cepat kembang dunia,kidzania waralaba swasta meksiko pusat hibur keluarga operasi lokasi anak anak kerja dewasa bayar kidzania kunjung juta unjung dunia buka jadi salah merek hibur global cepat kembang dunia taman hiburan jakarta,Taman Hiburan,60
20,Museum Taman Prasasti,"Museum Taman Prasasti adalah sebuah museum cagar budaya peninggalan masa kolonial Belanda yang berada di Jalan Tanah Abang No. 1, Jakarta Pusat. Museum ini memiliki koleksi prasasti nisan kuno serta miniatur makam khas dari 27 provinsi di Indonesia, beserta koleksi kereta jenazah antik. Museum seluas 1,2 ha ini merupakan museum terbuka yang menampilkan karya seni dari masa lampau tentang kecanggihan para pematung, pemahat, kaligrafer dan sastrawan yang menyatu._x000D_",Budaya,Jakarta,2000,45.0,museum taman prasasti museum cagar budaya tinggal kolonial belanda jalan tanah abang no jakarta pusat museum milik koleksi prasasti nisan kuno miniatur makam khas provinsi indonesia serta koleksi kereta jenazah antik museum luas ha museum buka tampil karya seni lampau canggih patung pahat kaligrafer sastrawan satu,museum taman prasasti museum cagar budaya tinggal kolonial belanda jalan tanah abang no jakarta pusat museum milik koleksi prasasti nisan kuno miniatur makam khas provinsi indonesia serta koleksi kereta jenazah antik museum luas ha museum buka tampil karya seni lampau canggih patung pahat kaligrafer sastrawan satu budaya jakarta,Museum,60
21,Museum Wayang,"Museum Wayang adalah sebuah museum yang berlokasi di Jalan Pintu Besar Utara Nomor 27, Jakarta Barat.",Budaya,Jakarta,5000,45.0,museum wayang museum lokasi jalan pintu utara nomor jakarta barat,museum wayang museum lokasi jalan pintu utara nomor jakarta barat budaya jakarta,Museum,60
22,Masjid Istiqlal,"Masjid Istiqlal (arti harfiah: Masjid Merdeka) adalah masjid nasional negara Republik Indonesia yang terletak di bekas Taman Wilhelmina, di Timur Laut Lapangan Medan Merdeka yang di tengahnya berdiri Monumen Nasional (Monas), di pusat ibukota Jakarta. Masjid ini merupakan salah satu dari 10 masjid terbesar kapasitasnya di dunia yang dapat menampung lebih dari 200.000 jamaah. Di seberang Timur masjid ini berdiri Gereja Katedral Jakarta. Ketua Harian Badan Pengelola Masjid Istiqlal (BPMI) sekaligus Imam Besar Masjid Istiqlal adalah Prof. Dr. Nasaruddin Umar, M.A. Pembangunan masjid ini diprakarsai oleh Presiden Republik Indonesia saat itu, Ir. Soekarno. Peletakan batu pertama sebagai tanda dimulainya pembangunan Masjid Istiqlal dilakukan oleh Ir. Soekarno pada tanggal 24 Agustus 1961. Arsitek Masjid Istiqlal adalah Frederich Silaban, seorang Nasrani.Masjid ini memiliki gaya arsitektur modern dengan dinding dan lantai berlapis marmer, dihiasi ornamen geometrik dari baja antikarat. Bangunan utama masjid ini terdiri dari lima lantai dan satu lantai dasar. Bangunan utama itu dimahkotai satu kubah besar berdiameter 45 meter yang ditopang 12 tiang besar. Menara tunggal setinggi total 96,66 meter menjulang di sudut Selatan selasar masjid. Masjid ini mampu menampung lebih dari 200.000 jamaah.Selain digunakan sebagai aktivitas ibadah umat Islam, masjid ini juga digunakan sebagai kantor berbagai organisasi Islam di Indonesia, aktivitas sosial, dan kegiatan umum. Masjid ini juga menjadi salah satu daya tarik wisata yang terkenal di Jakarta. Kebanyakan wisatawan yang berkunjung umumnya wisatawan domestik di samping sebagian wisatawan asing yang beragama Islam. Masyarakat non-Muslim juga dapat berkunjung ke masjid ini setelah sebelumnya mendapat pembekalan informasi mengenai Islam dan Masjid Istiqlal, meskipun bagian yang boleh dikunjungi kaum non-Muslim terbatas dan harus didampingi pemandu.\nPada tiap hari besar Islam seperti Ramadhan, Idul Fitri, Idul Adha, Tahun Baru Hijriyah, Maulid Nabi Muhammad serta Isra dan Mi'raj, Presiden Republik Indonesia selalu mengadakan kegiatan keagamaan di masjid ini yang disiarkan secara langsung melalui televisi nasional (TVRI) dan sebagian televisi swasta.",Tempat Ibadah,Jakarta,0,47.0,masjid istiqlal harfiah masjid merdeka masjid nasional negara republik indonesia letak bekas taman wilhelmina timur laut lapang medan merdeka tengah diri monumen nasional monas pusat ibukota jakarta masjid salah masjid besar kapasitas dunia tampung jamaah seberang timur masjid diri gereja katedral jakarta ketua hari badan kelola masjid istiqlal bpmi imam masjid istiqlal prof dr nasaruddin umar bangun masjid prakarsa presiden republik indonesia ir soekarno leta batu tanda bangun masjid istiqlal ir soekarno tanggal agustus arsitek masjid istiqlal frederich silaban nasrani masjid milik gaya arsitektur modern dinding lantai lap marmer hias ornamen geometrik baja antikarat bangun utama masjid lantai lantai dasar bangun utama mahkota kubah diameter meter topang tiang menara tunggal total meter julang sudut selatan selasar masjid masjid tampung jamaah aktivitas ibadah umat islam masjid kantor organisasi islam indonesia aktivitas sosial giat umum masjid salah daya tarik wisata kenal jakarta banyak wisatawan kunjung wisatawan domestik samping wisatawan asing agama islam masyarakat non muslim kunjung masjid bekal informasi islam masjid istiqlal kunjung kaum non muslim batas damping pandu npada islam ramadhan idul fitri idul adha tahun hijriyah maulid nabi muhammad isra mi raj presiden republik indonesia ada giat agama masjid siar televisi nasional tvri televisi swasta,masjid istiqlal harfiah masjid merdeka masjid nasional negara republik indonesia letak bekas taman wilhelmina timur laut lapang medan merdeka tengah diri monumen nasional monas pusat ibukota jakarta masjid salah masjid besar kapasitas dunia tampung jamaah seberang timur masjid diri gereja katedral jakarta ketua hari badan kelola masjid istiqlal bpmi imam masjid istiqlal prof dr nasaruddin umar bangun masjid prakarsa presiden republik indonesia ir soekarno leta batu tanda bangun masjid istiqlal ir soekarno tanggal agustus arsitek masjid istiqlal frederich silaban nasrani masjid milik gaya arsitektur modern dinding lantai lap marmer hias ornamen geometrik baja antikarat bangun utama masjid lantai lantai dasar bangun utama mahkota kubah diameter meter topang tiang menara tunggal total meter julang sudut selatan selasar masjid masjid tampung jamaah aktivitas ibadah umat islam masjid kantor organisasi islam indonesia aktivitas sosial giat umum masjid salah daya tarik wisata kenal jakarta banyak wisatawan kunjung wisatawan domestik samping wisatawan asing agama islam masyarakat non muslim kunjung masjid bekal informasi islam masjid istiqlal kunjung kaum non muslim batas damping pandu npada islam ramadhan idul fitri idul adha tahun hijriyah maulid nabi muhammad isra mi raj presiden republik indonesia ada giat agama masjid siar televisi nasional tvri televisi swasta tempat ibadah jakarta,Tempat Ibadah,60
23,Gereja Katedral,"Gereja Katedral Jakarta, atau bernama resmi Gereja Santa Maria Diangkat Ke Surga (bahasa Jerman: De Kerk van Onze Lieve Vrouwe ten Hemelopneming; bahasa Inggris: The Church of Our Lady of the Assumption) adalah sebuah gereja di Jakarta. Gedung gereja ini diresmikan pada 1901 dan dibangun dengan arsitektur neo-gotik dari Eropa, yakni arsitektur yang sangat lazim digunakan untuk membangun gedung gereja beberapa abad yang lalu.",Tempat Ibadah,Jakarta,0,48.0,gereja katedral jakarta nama resmi gereja santa maria angkat surga bahasa jerman de kerk van onze lieve vrouwe ten hemelopneming bahasa inggris the church of our lady of the assumption gereja jakarta gedung gereja resmi bangun arsitektur neo gotik eropa arsitektur lazim bangun gedung gereja abad,gereja katedral jakarta nama resmi gereja santa maria angkat surga bahasa jerman de kerk van onze lieve vrouwe ten hemelopneming bahasa inggris the church of our lady of the assumption gereja jakarta gedung gereja resmi bangun arsitektur neo gotik eropa arsitektur lazim bangun gedung gereja abad tempat ibadah jakarta,Tempat Ibadah,60
24,Museum Nasional,"Museum Nasional Republik Indonesia atau Museum Gajah, adalah sebuah museum arkeologi, sejarah, etnografi, dan geografi yang terletak di Jakarta Pusat dan persisnya di Jalan Merdeka Barat 12. Museum ini merupakan museum pertama dan terbesar di Asia Tenggara.",Budaya,Jakarta,5000,46.0,museum nasional republik indonesia museum gajah museum arkeologi sejarah etnografi geografi letak jakarta pusat persis jalan merdeka barat museum museum besar asia tenggara,museum nasional republik indonesia museum gajah museum arkeologi sejarah etnografi geografi letak jakarta pusat persis jalan merdeka barat museum museum besar asia tenggara budaya jakarta,Museum,60
25,Pasar Tanah Abang,"Pasar Tanah Abang atau Pasar Sabtu dibangun oleh Yustinus Vinck pada 30 Agustus 1735. Yustinus Vinck mendirikan Pasar Tanah Abang Pasar atas izin dari Gubernur Jenderal Abraham Patramini. Izin yang diberikan saat itu untuk Pasar Tanah Abang adalah untuk berjualan tekstil serta barang kelontong dan hanya buka setiap hari Sabtu. Oleh karena itu, pasar ini disebut Pasar Sabtu. Pasar ini mampu menyaingi Pasar Senen (Welter Vreden) yang sudah lebih dulu maju.\nPada tahun 1740 terjadi Peristiwa Geger Pecinan, yaitu pembantaian orang-orang Tionghoa, perusakan harta benda, termasuk Pasar Tanah Abang diporakporandakan dan dibakar. Pada tahun 1881, Pasar Tanah Abang kembali dibangun dan yang tadinya dibuka pada hari Sabtu, ditambah hari Rabu, sehingga Pasar Tanah Abang dibuka 2 kali seminggu. Bangunan Pasar pada mulanya sangat sederhana,terdiri dari dinding bambu dan papan serta atap rumbia dari 229 papan dan 139 petak bambu. Pasar Tanah Abang terus mengalami perbaikan hingga akhir abad ke-19 dan bagian lantainya mulai dikeraskan dengan pondasi adukan. Pada tahun 1913, Pasar Tanah Abang kembali diperbaiki. Pada tahun 1926 pemerintah Batavia membongkar Pasar Tanah Abang dan diganti bangunan permanen berupa tiga los panjang dari tembok dan papan serta beratap genteng, dengan kantor pasarnya berada di atas bangunan pasar mirip kandang burung. Pelataran parkir di depan pasar menjadi tempat parkir kuda-kuda penarik delman dan gerobak. Di situ tersedia kobakan air yang cukup besar, dan di seberang jalan ada toko yang khusus menjual dedak makanan kuda. Beberapa puluh meter dari toko dedak ada sebuah gang yang dikenal sebagai Gang Madat, tempat lokalisasi para pemadat.\nPada zaman pendudukan Jepang, pasar ini hampir tidak berfungsi, dan menjadi tempat para gelandangan.\nPasar Tanah Abang semakin berkembang setelah dibangunnya Stasiun Tanah Abang. Di tempat tersebut mulai dibangun tempat-tempat seperti Masjid Al Makmur dan Klenteng Hok Tek Tjen Sien yang keduanya seusia dengan Pasar Tanah Abang. Pada tahun 1973, Pasar Tanah Abang diremajakan, diganti dengan 4 bangunan berlantai empat, dan sudah mengalami dua kali kebakaran, pertama tanggal 30 Desember 1978, Blok A di lantai tiga dan kedua menimpa Blok B tanggal 13 Agustus 1979. Pada tahun 1975 tercatat kiosnya ada 4.351 buah dengan 3.016 pedagang.",Pusat Perbelanjaan,Jakarta,0,4.0,pasar tanah abang pasar sabtu bangun yustinus vinck agustus yustinus vinck diri pasar tanah abang pasar izin gubernur jenderal abraham patramini izin pasar tanah abang jual tekstil barang kelontong buka sabtu pasar pasar sabtu pasar saing pasar senen welter vreden maju npada tahun peristiwa geger pecinan bantai tionghoa rusa harta benda pasar tanah abang diporakporandakan bakar tahun pasar tanah abang bangun buka sabtu tambah rabu pasar tanah abang buka minggu bangun pasar sederhana dinding bambu papan atap rumbia papan petak bambu pasar tanah abang alami baik abad lantai keras pondasi adu tahun pasar tanah abang baik tahun perintah batavia bongkar pasar tanah abang ganti bangun permanen los tembok papan atap genteng kantor pasar bangun pasar kandang burung latar parkir pasar parkir kuda kuda tarik delman gerobak situ sedia kobak air seberang jalan toko jual dedak makan kuda puluh meter toko dedak gang kenal gang madat lokalisasi madat npada zaman duduk jepang pasar fungsi gelandang npasar tanah abang kembang bangun stasiun tanah abang bangun masjid al makmur klenteng hok tek tjen sien usia pasar tanah abang tahun pasar tanah abang remaja ganti bangun lantai alami bakar tanggal desember blok lantai timpa blok tanggal agustus tahun catat kios buah dagang,pasar tanah abang pasar sabtu bangun yustinus vinck agustus yustinus vinck diri pasar tanah abang pasar izin gubernur jenderal abraham patramini izin pasar tanah abang jual tekstil barang kelontong buka sabtu pasar pasar sabtu pasar saing pasar senen welter vreden maju npada tahun peristiwa geger pecinan bantai tionghoa rusa harta benda pasar tanah abang diporakporandakan bakar tahun pasar tanah abang bangun buka sabtu tambah rabu pasar tanah abang buka minggu bangun pasar sederhana dinding bambu papan atap rumbia papan petak bambu pasar tanah abang alami baik abad lantai keras pondasi adu tahun pasar tanah abang baik tahun perintah batavia bongkar pasar tanah abang ganti bangun permanen los tembok papan atap genteng kantor pasar bangun pasar kandang burung latar parkir pasar parkir kuda kuda tarik delman gerobak situ sedia kobak air seberang jalan toko jual dedak makan kuda puluh meter toko dedak gang kenal gang madat lokalisasi madat npada zaman duduk jepang pasar fungsi gelandang npasar tanah abang kembang bangun stasiun tanah abang bangun masjid al makmur klenteng hok tek tjen sien usia pasar tanah abang tahun pasar tanah abang remaja ganti bangun lantai alami bakar tanggal desember blok lantai timpa blok tanggal agustus tahun catat kios buah dagang pusat perbelanjaan jakarta,Pusat Perbelanjaan,60
26,Pecinan Glodok,"Kawasan Glodok yang dikenal sebagai pusat perdagangan elektronik sendiri dulunya merupakan bekas Penjara Glodok yang angker. Lokasi ini berada di seberang Glodok-Pancoran di kawasan Harco. Sebelum terjadi kerusuhan Mei 1998, kawasan ini sempat menjadi pusat belanja elektronik bagi wisatawan Jepang, Taiwan, dan Hongkong. Di Pinangsia, masyarakat bisa menemukan produk perlengkapan rumah tangga dan bangunan. Selain wisata belanja, pecinan Glodok-Pancoran juga merupakan situs sejarah awal mula Kota Jakarta. Setelah etnis Tionghoa bermukim dan membangun bisnis, serta perkebunan tebu, Batavia mulai berkembang pesat.",Pusat Perbelanjaan,Jakarta,0,43.0,kawasan glodok kenal pusat dagang elektronik dulunya bekas penjara glodok angker lokasi seberang glodok pancoran kawasan harco rusuh mei kawasan pusat belanja elektronik wisatawan jepang taiwan hongkong pinangsia masyarakat temu produk lengkap rumah tangga bangun wisata belanja pecinan glodok pancoran situs sejarah kota jakarta etnis tionghoa mukim bangun bisnis kebun tebu batavia kembang pesat,kawasan glodok kenal pusat dagang elektronik dulunya bekas penjara glodok angker lokasi seberang glodok pancoran kawasan harco rusuh mei kawasan pusat belanja elektronik wisatawan jepang taiwan hongkong pinangsia masyarakat temu produk lengkap rumah tangga bangun wisata belanja pecinan glodok pancoran situs sejarah kota jakarta etnis tionghoa mukim bangun bisnis kebun tebu batavia kembang pesat pusat perbelanjaan jakarta,Pusat Perbelanjaan,60
27,Sea World,"Seaworld Indonesia adalah sebuah miniatur pesona laut yang terdapat dalam kompleks wisata pertama di Taman Impian Jaya Ancol.\nPada tanggal 2 Oktober 1992, Gubernur DKI masa itu, Wiyogo Atmodarminto meletakkan batu pertama pembangunan Seaworld Indonesia. Tidak sampai dua tahun, pada tanggal 3 Juni 1994 SeaWorld Indonesia sudah mulai beroperasi. Area Seaworld seluas 3 hektare dengan luas bangunan utama 4.500 m2 berisi berbagai macam akuarium, lorong Antasena (lorong bawah air), perpustakaan, museum, terapi ikan dokter, glow theatre, komputer edukatif layar sentuh berisi informasi berbagai spesies di Seaworld dan bermacam fasilitas pelengkap untuk pengunjung seperti tempat makan, toko suvenir, dan ruang serba guna.",Taman Hiburan,Jakarta,115000,45.0,seaworld indonesia miniatur pesona laut kompleks wisata taman impi jaya ancol npada tanggal oktober gubernur dki wiyogo atmodarminto letak batu bangun seaworld indonesia tahun tanggal juni seaworld indonesia operasi area seaworld luas hektare luas bangun utama isi akuarium lorong antasena lorong air pustaka museum terapi ikan dokter glow theatre komputer edukatif layar sentuh isi informasi spesies seaworld fasilitas lengkap unjung makan toko suvenir ruang serba,seaworld indonesia miniatur pesona laut kompleks wisata taman impi jaya ancol npada tanggal oktober gubernur dki wiyogo atmodarminto letak batu bangun seaworld indonesia tahun tanggal juni seaworld indonesia operasi area seaworld luas hektare luas bangun utama isi akuarium lorong antasena lorong air pustaka museum terapi ikan dokter glow theatre komputer edukatif layar sentuh isi informasi spesies seaworld fasilitas lengkap unjung makan toko suvenir ruang serba taman hiburan jakarta,Taman Hiburan,60
28,Wisata Agro Edukatif Istana Susu Cibugary,Kawasan Wisata Agro Edukatif Istana Susu “Cibugary” (Cibubur Garden Dairy ) merupakan suatu kawasan agro peternakan sapi perah bernuansa kebun dan taman. Wisata edukasi Cibubur Garden Dairy (CIBUGARY) merupakan salah wisata edukasi yang diminati siswa sekolah. Edukasi pengenalan peternakan sapi memberikan pengalaman yang tidak dapat dilupakan oleh siswa sekolah. Kegiatan edukasi yang tidak terlalu banyak dan menyenangkan ini sangat disukai siswa sekolah. Dengan berwisata edukasi ini dapat menambah ilmu dan pengalaman secara langsung bagi siswa sekolah. Paket wisata edukatif Istana Susu Cibugary dihargai antara Rp 35.000 sampai Rp 65.000 per orang. Harga tersebut sudah termasuk beberapa botol susu pasteurisasi dan goodybag cibugary.,Taman Hiburan,Jakarta,35000,45.0,kawasan wisata agro edukatif istana susu cibugary cibubur garden dairy kawasan agro terna sapi perah nuansa kebun taman wisata edukasi cibubur garden dairy cibugary salah wisata edukasi mati siswa sekolah edukasi kenal terna sapi alam lupa siswa sekolah giat edukasi senang suka siswa sekolah wisata edukasi tambah ilmu alam siswa sekolah paket wisata edukatif istana susu cibugary harga rp rp harga botol susu pasteurisasi goodybag cibugary,kawasan wisata agro edukatif istana susu cibugary cibubur garden dairy kawasan agro terna sapi perah nuansa kebun taman wisata edukasi cibubur garden dairy cibugary salah wisata edukasi mati siswa sekolah edukasi kenal terna sapi alam lupa siswa sekolah giat edukasi senang suka siswa sekolah wisata edukasi tambah ilmu alam siswa sekolah paket wisata edukatif istana susu cibugary harga rp rp harga botol susu pasteurisasi goodybag cibugary taman hiburan jakarta,Candi/Keraton,60
29,Wisata Kuliner Pecenongan,"Pecenongan merupakan salah satu surga kuliner di Jakarta Pusat yang dikenal sejak zaman Jakarta masih bernama kota Batavia. Dulunya di kawasan ini terdapat pedagang kaki lima yang menjajakan kuliner di pinggir jalan, tetapi tahun demi tahun kawasan Pecenongan semakin ramai dengan adanya rumah makan-rumah makan yang mulai dibangun. Kawasan pecenongan ini cocok bagi kalian yang ingin berwisata kuliner dimalam hari, beragam jenis kuliner yang pastinya membuat kamu kebingungan ingin mencoba yang mana terlebih dahulu. Tak heran jika orang yang sudah pernah mencoba pergi kulineran ke sini pasti akan kembali lagi._x000D_",Pusat Perbelanjaan,Jakarta,0,5.0,pecenongan salah surga kuliner jakarta pusat kenal zaman jakarta nama kota batavia dulunya kawasan dagang kaki jaja kuliner pinggir jalan tahun tahun kawasan pecenongan ramai rumah makan rumah makan bangun kawasan pecenongan cocok wisata kuliner malam agam jenis kuliner pasti bingung coba heran coba pergi kuliner,pecenongan salah surga kuliner jakarta pusat kenal zaman jakarta nama kota batavia dulunya kawasan dagang kaki jaja kuliner pinggir jalan tahun tahun kawasan pecenongan ramai rumah makan rumah makan bangun kawasan pecenongan cocok wisata kuliner malam agam jenis kuliner pasti bingung coba heran coba pergi kuliner pusat perbelanjaan jakarta,Pusat Perbelanjaan,60
30,Taman Menteng,"Taman Menteng adalah sebuah taman yang berlokasi di kawasan Menteng, Jakarta Pusat. Taman ini dulunya ditempati oleh Stadion Menteng.\nTaman ini berdiri di atas lahan seluas 2,9 hektar, dan memiliki koleksi 30 spesies tanaman yang berbeda. Taman Menteng juga memiliki beragam fasilitas pendukung seperti taman bermain untuk anak-anak serta lapangan futsal dan basket. Uniknya, di taman ini terdapat pula 44 sumur resapan untuk membantu penyerapan air hujan ke dalam tanah._x000D_",Taman Hiburan,Jakarta,0,45.0,taman menteng taman lokasi kawasan menteng jakarta pusat taman dulunya tempat stadion menteng ntaman diri lahan luas hektar milik koleksi spesies tanam beda taman menteng milik agam fasilitas dukung taman main anak anak lapang futsal basket unik taman sumur resap bantu serap air hujan tanah,taman menteng taman lokasi kawasan menteng jakarta pusat taman dulunya tempat stadion menteng ntaman diri lahan luas hektar milik koleksi spesies tanam beda taman menteng milik agam fasilitas dukung taman main anak anak lapang futsal basket unik taman sumur resap bantu serap air hujan tanah taman hiburan jakarta,Kebun/Taman,60
31,Wisata Alam Mangrove Angke,"Jangan anggap di Jakarta tidak ada wisata alam. Langsung meluncur ke Jakarta Utara, tepatnya di Kamal Muara Penjaringan atau Pantai Indah Kapuk. Di daerah ini terdapat area wisata alam yaitu Taman Wisata Mangrove Jakarta yang sekarang dan beberapa tahun belakangan tengah hits. Di kawasan ini terdapat tiga area, satu berupa Suaka Margasatwa Muara Angke yang tertutup untuk umum, Hutan Mangrove milik Pemprov DKI tetapi kurang begitu menarik untuk wisata. Selanjutnya Taman Wisata Alam Mangrove Angke yang memang merupakan area wisata berbasis konservasi mangrove._x000D_",Cagar Alam,Jakarta,25000,43.0,anggap jakarta wisata alam luncur jakarta utara tepat kamal muara jaring pantai indah kapuk daerah area wisata alam taman wisata mangrove jakarta tahun tengah hits kawasan area suaka margasatwa muara angke tutup umum hutan mangrove milik pemprov dki tarik wisata taman wisata alam mangrove angke area wisata bas konservasi mangrove,anggap jakarta wisata alam luncur jakarta utara tepat kamal muara jaring pantai indah kapuk daerah area wisata alam taman wisata mangrove jakarta tahun tengah hits kawasan area suaka margasatwa muara angke tutup umum hutan mangrove milik pemprov dki tarik wisata taman wisata alam mangrove angke area wisata bas konservasi mangrove cagar alam jakarta,Cagar Alam,60
32,Setu Babakan,"Setu Babakan atau Danau Babakan terletak di Srengseng Sawah, kecamatan Jagakarsa, Kotamadya Jakarta Selatan, Indonesia dekat Depok yang berfungsi sebagai pusat Perkampungan Budaya Betawi, suatu area yang diperuntukkan untuk pelestarian warisan budaya Jakarta, yaitu budaya asli Betawi.\nPerkampungan budaya Betawi ini didirikan pada tanggal 18 Agustus 2000 melalui Surat Keputusan Gubernur DKI Nomor 92 tahun 2000 yang dikeluarkan oleh Gubernur DKI Jakarta pada waktu itu yaitu Sutiyoso\nSitu Babakan merupakan danau buatan dengan area 30 hektare (79 akre) dengan kedalaman 1-5 meter dimana airnya berasal dari Sungai Ciliwung dan saat ini digunakan sebagai tempat wisata alternatif, bagi warga dan para pengunjung.\nTaman disekitarnya ditanami dengan beragam pohon buah-buahan yaitu Mangga, Palem, Melinjo, Rambutan, Jambu, Pandan, Kecapi, Jamblang, Krendang, Guni, Nangka Cimpedak, Nam-nam, dan Jengkol.\nBanyak kuliner khas Betawi terdapat disini, antara lain Kerak Telor, Toge Goreng, Arum Manis, Rujak Bebek, Soto Betawi, Es Potong, Es Duren, Bir Pletok, Nasi Uduk, Nasi Ulam, Lontong Sayur, dll.\nWisata budaya yang disajikan antara laim rumah-rumah khas Betawi yang dibagi menjadi 3 macam, pertama rumah Betawi gudang atau kandang, kedua rumah Betawi Kebaya atau Bapang, dan yang ketiga adalah rumah Joglo, hampir serupa dengan rumah khas Yogyakarta.\nKeseniannya berupa Lenong, Tari Topeng, Tanjidor, Marawis, Gambang Kromong, Tari Lenggang Nyai, dan Tari Narojeng.\nUpacara Adat yang ada di perkampungan Betawi Setu Babakan adalah Penganten Sunat, Pindah Rumah, Khatam Qur'an, dan Nujuh Bulan.\nMayoritas penduduk di Setu Babakan adalah Betawi, dengan program dari pemda DKI untuk memperbaiki sarana dan prasarana yang ada untuk mengakomodasi kebutuhan ruang terbuka hijau, serta area untuk resapan air, setu babakan berbenah diri dengan dukungan penuh dari pemda DKI\nFungsi dari Setu ini bukan hanya untuk tempat melestarikan kebudayaan betawi yang makin tergerus oleh zaman, tetapi digunakan juga sebagai tempat alternatif rekreasi yang berlokasi di selatan jakarta. selain fungsi utamanya sebagai penampung air resapan untuk selatan jakarta,",Budaya,Jakarta,0,44.0,setu babakan danau babakan letak srengseng sawah camat jagakarsa kotamadya jakarta selatan indonesia depok fungsi pusat kampung budaya betawi area untuk lestari waris budaya jakarta budaya asli betawi nperkampungan budaya betawi diri tanggal agustus surat putus gubernur dki nomor tahun keluar gubernur dki jakarta waktu sutiyoso nsitu babakan danau buat area hektare akre dalam meter mana air asal sungai ciliwung wisata alternatif warga unjung ntaman sekitar tanam agam pohon buah buah mangga palem melinjo rambutan jambu pandan kecapi jamblang krendang gun nangka cimpedak nam nam jengkol nbanyak kuliner khas betawi kerak telor toge goreng arum manis rujak bebek soto betawi es potong es duren bir pletok nasi uduk nasi ulam lontong sayur dll nwisata budaya saji laim rumah rumah khas betawi bagi rumah betawi gudang kandang rumah betawi kebaya bapang tiga rumah joglo rumah khas yogyakarta nkeseniannya lenong tari topeng tanjidor marawis gambang kromong tari lenggang nyai tari narojeng nupacara adat kampung betawi setu babakan penganten sunat pindah rumah khatam qur an nujuh nmayoritas duduk setu babakan betawi program pemda dki baik sarana prasarana akomodasi butuh ruang buka hijau area resap air setu babakan benah dukung penuh pemda dki nfungsi setu lestari budaya betawi gerus zaman alternatif rekreasi lokasi selatan jakarta fungsi utama tampung air resap selatan jakarta,setu babakan danau babakan letak srengseng sawah camat jagakarsa kotamadya jakarta selatan indonesia depok fungsi pusat kampung budaya betawi area untuk lestari waris budaya jakarta budaya asli betawi nperkampungan budaya betawi diri tanggal agustus surat putus gubernur dki nomor tahun keluar gubernur dki jakarta waktu sutiyoso nsitu babakan danau buat area hektare akre dalam meter mana air asal sungai ciliwung wisata alternatif warga unjung ntaman sekitar tanam agam pohon buah buah mangga palem melinjo rambutan jambu pandan kecapi jamblang krendang gun nangka cimpedak nam nam jengkol nbanyak kuliner khas betawi kerak telor toge goreng arum manis rujak bebek soto betawi es potong es duren bir pletok nasi uduk nasi ulam lontong sayur dll nwisata budaya saji laim rumah rumah khas betawi bagi rumah betawi gudang kandang rumah betawi kebaya bapang tiga rumah joglo rumah khas yogyakarta nkeseniannya lenong tari topeng tanjidor marawis gambang kromong tari lenggang nyai tari narojeng nupacara adat kampung betawi setu babakan penganten sunat pindah rumah khatam qur an nujuh nmayoritas duduk setu babakan betawi program pemda dki baik sarana prasarana akomodasi butuh ruang buka hijau area resap air setu babakan benah dukung penuh pemda dki nfungsi setu lestari budaya betawi gerus zaman alternatif rekreasi lokasi selatan jakarta fungsi utama tampung air resap selatan jakarta budaya jakarta,Budaya,60
33,Taman Suropati,"Taman Suropati (awalnya bernama Burgemeester Bisschopplein) adalah nama sebuah taman di Jakarta. Pada awalnya nama taman ini diambil dari nama wali kota Batavia pertama, G.J. Bisshop (1916–1920). Taman ini merupakan pusat kawasan Menteng, berada tepat di antara pertemuan tiga jalan utama, yaitu Menteng Boulevard (Jalan Teuku Umar), Orange Boulevard (Jalan Diponegoro), dan Nassau Boulevard (Jalan Imam Bonjol). Lapangan yang kini disebut sebagai Taman Suropati ini sejak tahun 1920 sudah menggantikan lapangan bundar yang luas dalam Rencana Moojen. Taman Suropati, yang disebut-sebut sebagai titik nol Republik Indonesia, menjadi taman yang rindang dan sejak beberapa tahun yang lalu dihiasi dengan patung-patung karya pematung dari negara-negara pendiri Perhimpunan Bangsa-Bangsa Asia Tenggara.",Taman Hiburan,Jakarta,0,46.0,taman suropati nama burgemeester bisschopplein nama taman jakarta nama taman ambil nama wali kota batavia bisshop taman pusat kawasan menteng temu jalan utama menteng boulevard jalan teuku umar orange boulevard jalan diponegoro nassau boulevard jalan imam bonjol lapang taman suropati tahun ganti lapang bundar luas rencana moojen taman suropati titik nol republik indonesia taman rindang tahun hias patung patung karya patung negara negara diri himpun bangsa bangsa asia tenggara,taman suropati nama burgemeester bisschopplein nama taman jakarta nama taman ambil nama wali kota batavia bisshop taman pusat kawasan menteng temu jalan utama menteng boulevard jalan teuku umar orange boulevard jalan diponegoro nassau boulevard jalan imam bonjol lapang taman suropati tahun ganti lapang bundar luas rencana moojen taman suropati titik nol republik indonesia taman rindang tahun hias patung patung karya patung negara negara diri himpun bangsa bangsa asia tenggara taman hiburan jakarta,Kebun/Taman,60
34,Pasar Taman Puring,"Taman Puring bukanlah taman secara harfiah. Sejak eksis di tahun 1960 silam, Taman Puring adalah sebuah pasar. Selama bertahun-tahun, pasar ini sempat menjadi pasar gelap alias pasar barang-barang ilegal. Antara tahun 1980-1990an, pasar ini makin dijauhi masyarakat karena menjadi sentra barang-barang hasil tindakan kriminal. Sejak terbakar pada 2002, Pasar Taman Puring perlahan berbenah diri hingga sekarang menjadi destinasi belanja akhir pekan favorit warga Jakarta. Ada ratusan kios sepatu pria mulai dari sepatu kulit, sepatu gunung, sepatu futsal, hingga sepatu gaul khas anak muda. Beragam merk mulai dari Adidas, Caterpillar, Nike, Karrimor, Vans, hingga Converse tersedia dalam berbagai model dan warna.",Pusat Perbelanjaan,Jakarta,0,44.0,taman puring taman harfiah eks tahun silam taman puring pasar tahun tahun pasar pasar gelap alias pasar barang barang ilegal tahun an pasar jauh masyarakat sentra barang barang hasil tindak kriminal bakar pasar taman puring perlahan benah destinasi belanja pekan favorit warga jakarta ratus kios sepatu pria sepatu kulit sepatu gunung sepatu futsal sepatu gaul khas anak muda agam merk adidas caterpillar nike karrimor vans converse sedia model warna,taman puring taman harfiah eks tahun silam taman puring pasar tahun tahun pasar pasar gelap alias pasar barang barang ilegal tahun an pasar jauh masyarakat sentra barang barang hasil tindak kriminal bakar pasar taman puring perlahan benah destinasi belanja pekan favorit warga jakarta ratus kios sepatu pria sepatu kulit sepatu gunung sepatu futsal sepatu gaul khas anak muda agam merk adidas caterpillar nike karrimor vans converse sedia model warna pusat perbelanjaan jakarta,Kebun/Taman,60
35,Grand Indonesia Mall,"Grand Indonesia merupakan mal di Jakarta. Mal ini dibuka pada tahun 2007 oleh Presiden Susilo Bambang Yudhoyono. Pada tahun 2007, Hotel Indonesia mengalami pemugaran. Selanjutnya setelah dibuka kembali, hotel dikelola oleh grup Kempinski dan namanya diganti menjadi Hotel Indonesia-Kempinski.",Pusat Perbelanjaan,Jakarta,0,47.0,grand indonesia mal jakarta mal buka tahun presiden susilo bambang yudhoyono tahun hotel indonesia alami pugar buka hotel kelola grup kempinski nama ganti hotel indonesia kempinski,grand indonesia mal jakarta mal buka tahun presiden susilo bambang yudhoyono tahun hotel indonesia alami pugar buka hotel kelola grup kempinski nama ganti hotel indonesia kempinski pusat perbelanjaan jakarta,Pusat Perbelanjaan,60
36,Skyrink - Mall Taman Anggrek,Salah satu arena ice skating Jakarta adalah Ice Skating Taman Anggrek. Area ice skating di Taman Anggrek dibuat seluas 1.248 meter persegi. Ice Skating Termegah Di Indonesia adalaH di Taman Anggrek. Tidak hanya termegah di Indonesia tetapi juga termegah di Asia.Maka dari itu tidak mengherankan bahwa banyak sekali pengunjung yang datang.,Taman Hiburan,Jakarta,110000,45.0,salah arena ice skating jakarta ice skating taman anggrek area ice skating taman anggrek luas meter persegi ice skating megah indonesia taman anggrek megah indonesia megah asia heran unjung,salah arena ice skating jakarta ice skating taman anggrek area ice skating taman anggrek luas meter persegi ice skating megah indonesia taman anggrek megah indonesia megah asia heran unjung taman hiburan jakarta,Kebun/Taman,60
37,Bumi Perkemahan Cibubur,"Bumi Perkemahan dan Graha Wisata Pramuka Cibubur (Buperta Cibubur) adalah kawasan perkemahan yang terdapat di Cibubur, Ciracas, Jakarta Timur. Kawasan ini memiliki luas 210 hektar dan sudah berkali-kali menjadi lokasi pelaksanaan Jambore Nasional sejak tahun 1973. Buperta Cibubur dibangun di kawasan yang sebelumnya merupakan hutan karet. Pihak pengelola juga bekerja sama dengan TNI AD dan TNI AU dalam pengelolaan Buperta Cibubur.Buperta Cibubur dapat diakses dari Terminal Kampung Rambutan dengan angkutan umum jurusan Kranggan atau Mekarsari Jonggol,_x000D_",Taman Hiburan,Jakarta,10000,45.0,bumi kemah graha wisata pramuka cibubur buperta cibubur kawasan kemah cibubur ciracas jakarta timur kawasan milik luas hektar kali lokasi laksana jambore nasional tahun buperta cibubur bangun kawasan hutan karet kelola tni ad tni au kelola buperta cibubur buperta cibubur akses terminal kampung rambutan angkut umum jurus kranggan mekarsari jonggol,bumi kemah graha wisata pramuka cibubur buperta cibubur kawasan kemah cibubur ciracas jakarta timur kawasan milik luas hektar kali lokasi laksana jambore nasional tahun buperta cibubur bangun kawasan hutan karet kelola tni ad tni au kelola buperta cibubur buperta cibubur akses terminal kampung rambutan angkut umum jurus kranggan mekarsari jonggol taman hiburan jakarta,Taman Hiburan,60
38,Istana Negara Republik Indonesia,"Istana Negara merupakan pusat kegiatan pemerintahan negara. Banyak kegiatan-kegiatan bersifat kenegaraan digelar di Istana Negara. Seperti kegiatan pelantikan pejabat-pejabat penting negara, maupun pembukaan kongres bersifat nasional dan internasional. Istana Negara fungsinya lebih difokuskan kepada kegiatan resmi kepresidenan, yaitu sebagai kantor Presiden Republik Indonesia. Dilansir situs Sekretaris Negara (Sesneg), Istana Negara awalnya sebagai kediaman pribadi warga Belanda, J.A Van Braam.",Budaya,Jakarta,0,46.0,istana negara pusat giat perintah negara giat giat sifat negara gelar istana negara giat lantik jabat jabat negara buka kongres sifat nasional internasional istana negara fungsi fokus giat resmi presiden kantor presiden republik indonesia lansir situs sekretaris negara sesneg istana negara diam pribadi warga belanda van braam,istana negara pusat giat perintah negara giat giat sifat negara gelar istana negara giat lantik jabat jabat negara buka kongres sifat nasional internasional istana negara fungsi fokus giat resmi presiden kantor presiden republik indonesia lansir situs sekretaris negara sesneg istana negara diam pribadi warga belanda van braam budaya jakarta,Candi/Keraton,60
39,Museum Macan (Modern and Contemporary Art in Nusantara),"Museum Seni Modern dan Kontemporer di Nusantara atau Museum MACAN adalah sebuah museum seni di Kebon Jeruk di Jakarta, Indonesia. Museum ini merupakan yang pertama di Indonesia yang memiliki koleksi seni modern dan kontemporer Indonesia dan internasional.",Budaya,Jakarta,100000,45.0,museum seni modern kontemporer nusantara museum macan museum seni kebon jeruk jakarta indonesia museum indonesia milik koleksi seni modern kontemporer indonesia internasional,museum seni modern kontemporer nusantara museum macan museum seni kebon jeruk jakarta indonesia museum indonesia milik koleksi seni modern kontemporer indonesia internasional budaya jakarta,Museum,60
40,Galeri Nasional Indonesia,"Galeri Nasional Indonesia (bahasa Inggris: National Gallery of Indonesia) adalah sebuah lembaga budaya negara atau sebagai museum seni rupa modern dan kontemporer. Di sini terdapat gedung yang berfungsi antara lain sebagai tempat pameran, dan perhelatan seni rupa Indonesia dan mancanegara. Gedung ini merupakan institusi milik pemerintah di bawah Menteri Pendidikan dan Kebudayaan. Fungsi Galeri Nasional Indonesia adalah melaksanakan pengkajian, pengumpulan, registrasi, perawatan, pengamanan, pameran, kemitraan, layanan edukasi dan publikasi karya seni rupa. Lalu fungsi utamanya adalah melindungi, pengembangan, dan pemanfaatan asset kesenian (seni rupa) sebagai fasilitas pendidikan dan kebudayaan. Galeri Nasional beralamat di Jalan Medan Merdeka Timur No. 14 Jakarta Pusat._x000D_",Budaya,Jakarta,0,46.0,galeri nasional indonesia bahasa inggris national gallery of indonesia lembaga budaya negara museum seni modern kontemporer gedung fungsi pamer helat seni indonesia mancanegara gedung institusi milik perintah menteri didik budaya fungsi galeri nasional indonesia laksana kaji kumpul registrasi awat aman pamer mitra layan edukasi publikasi karya seni fungsi utama lindung kembang manfaat asset seni seni fasilitas didik budaya galeri nasional alamat jalan medan merdeka timur no jakarta pusat,galeri nasional indonesia bahasa inggris national gallery of indonesia lembaga budaya negara museum seni modern kontemporer gedung fungsi pamer helat seni indonesia mancanegara gedung institusi milik perintah menteri didik budaya fungsi galeri nasional indonesia laksana kaji kumpul registrasi awat aman pamer mitra layan edukasi publikasi karya seni fungsi utama lindung kembang manfaat asset seni seni fasilitas didik budaya galeri nasional alamat jalan medan merdeka timur no jakarta pusat budaya jakarta,Budaya,60
41,Museum Bahari Jakarta,Museum Bahari adalah museum yang menyimpan koleksi yang berhubungan dengan kebaharian dan kenelayanan bangsa Indonesia dari Sabang hingga Merauke yang berlokasi di seberang Pelabuhan Sunda Kelapa. Museum adalah salah satu dari delapan museum yang berada di bawah pengawasan dari Dinas Kebudayaan Permuseuman Provinsi Daerah Khusus Ibu kota Jakarta.,Budaya,Jakarta,2000,44.0,museum bahari museum simpan koleksi hubung bahari nelayan bangsa indonesia sabang merauke lokasi seberang labuh sunda kelapa museum salah delapan museum awas dinas budaya museum provinsi daerah kota jakarta,museum bahari museum simpan koleksi hubung bahari nelayan bangsa indonesia sabang merauke lokasi seberang labuh sunda kelapa museum salah delapan museum awas dinas budaya museum provinsi daerah kota jakarta budaya jakarta,Pantai/Bahari,60
42,Museum Seni Rupa dan Kramik,"Museum Seni Rupa dan Keramik (Indonesia: Museum Seni Rupa dan Keramik) adalah sebuah museum di Jakarta, Indonesia. Museum ini didedikasikan khusus untuk menampilkan seni rupa tradisional dan keramik Indonesia. Museum ini terletak di sisi timur Lapangan Fatahillah, dekat Museum Sejarah Jakarta dan Museum Wayang.",Budaya,Jakarta,5000,44.0,museum seni keramik indonesia museum seni keramik museum jakarta indonesia museum dedikasi tampil seni tradisional keramik indonesia museum letak sisi timur lapang fatahillah museum sejarah jakarta museum wayang,museum seni keramik indonesia museum seni keramik museum jakarta indonesia museum dedikasi tampil seni tradisional keramik indonesia museum letak sisi timur lapang fatahillah museum sejarah jakarta museum wayang budaya jakarta,Museum,60
43,The Escape Hunt,"Escape Hunt adalah salah satu tempat rekreasi yang lokasinya terletak di Jakarta Selatan. Di tempat ini, kamu akan berperan sebagai seorang detektif yang berada di sebuah ruangan terkunci dan hanya diberikan waktu 1 jam untuk memecahkan teka-teki yang ada. Tidak perlu khawatir atau takut sendirian, karena di sini kamu bisa mengajak hingga 4 temanmu dalam satu ruangan yang sama dan memecahkan kasus bersama-sama. Menarik sekali, bukan? Pertama kali datang di tempat ini, kamu akan dituntun untuk mengisi data di formulir yang telah disediakan dan diberikan briefing oleh pemandu game mengenai jalan cerita tema/kasus yang sudah kamu tentukan.",Taman Hiburan,Jakarta,70000,44.0,escape hunt salah rekreasi lokasi letak jakarta selatan peran detektif ruang kunci waktu jam pecah teka teki khawatir takut ajak teman ruang pecah tarik tuntun isi data formulir sedia briefing pandu game jalan cerita tema tentu,escape hunt salah rekreasi lokasi letak jakarta selatan peran detektif ruang kunci waktu jam pecah teka teki khawatir takut ajak teman ruang pecah tarik tuntun isi data formulir sedia briefing pandu game jalan cerita tema tentu taman hiburan jakarta,Taman Hiburan,60
44,Monumen Selamat Datang,"Monumen Selamat Datang adalah sebuah monumen yang terletak di tengah Bundaran Hotel Indonesia, Jakarta, Indonesia. Monumen ini berupa patung sepasang manusia yang sedang menggenggam bunga dan melambaikan tangan. Patung tersebut menghadap ke utara yang berarti mereka menyambut orang-orang yang datang dari arah Monumen Nasional._x000D_",Budaya,Jakarta,0,47.0,monumen selamat monumen letak tengah bundar hotel indonesia jakarta indonesia monumen patung pasang manusia genggam bunga lambai tangan patung hadap utara sambut arah monumen nasional,monumen selamat monumen letak tengah bundar hotel indonesia jakarta indonesia monumen patung pasang manusia genggam bunga lambai tangan patung hadap utara sambut arah monumen nasional budaya jakarta,Budaya,60
45,Jakarta Aquarium dan Safari,"Jika telah mengunjungi Seaworld Ancol, mungkin sudah tidak asing lagi dengan serunya menyaksikan biota laut. Jika belum puas, pengunjung dapat mencoba mengunjungi wisata satwa laut unik di Jakarta Aquarium. Jakarta Aquarium menempati areal seluas ±7000 m2 ini menawarkan atraksi wisata laut modern yang tidak hanya menghibur, juga edukatif. Meskipun tidak seluas SeaWorld Ancol, taman rekreasi ini juga menawarkan wahana dan atraksi yang tak kalah menariknya.",Taman Hiburan,Jakarta,185000,46.0,unjung seaworld ancol asing seru saksi biota laut puas unjung coba unjung wisata satwa laut unik jakarta aquarium jakarta aquarium tempat areal luas tawar atraksi wisata laut modern hibur edukatif luas seaworld ancol taman rekreasi tawar wahana atraksi kalah tarik,unjung seaworld ancol asing seru saksi biota laut puas unjung coba unjung wisata satwa laut unik jakarta aquarium jakarta aquarium tempat areal luas tawar atraksi wisata laut modern hibur edukatif luas seaworld ancol taman rekreasi tawar wahana atraksi kalah tarik taman hiburan jakarta,Taman Hiburan,60
46,Pulau Semak Daun,"Pulau Semak Daun merupakan salah satu pulau yang terletak digugusan kepulauan Seribu. Secara administratif pulau ini termasuk dalam wilayah kabupaten Kepulauan Seribu provinsi DKI Jakarta sebagai daerah penangkaran penyu sisik dengan pantai yang nyaman untuk berenang karena pantainya yang bersih dan landai, berpasir putih, dan bebas bulu babi, terdapat pula daerah yang bagus untuk menyelam dan snorkeling pemula dan letaknya tidak jauh dari pulau Pramuka.",Bahari,Jakarta,40000,4.0,pulau semak daun salah pulau letak gugus pulau ribu administratif pulau wilayah kabupaten pulau ribu provinsi dki jakarta daerah tangkar penyu sisik pantai nyaman renang pantai bersih landai pasir putih bebas bulu babi daerah bagus selam snorkeling mula letak pulau pramuka,pulau semak daun salah pulau letak gugus pulau ribu administratif pulau wilayah kabupaten pulau ribu provinsi dki jakarta daerah tangkar penyu sisik pantai nyaman renang pantai bersih landai pasir putih bebas bulu babi daerah bagus selam snorkeling mula letak pulau pramuka bahari jakarta,Pantai/Bahari,60
47,Taman Situ Lembang,"Taman Situ Lembang adalah sebuah taman kota yang terletak di pusat Jakarta. Situ berarti danau yang payau, sedangkan Lembang adalah nama jalan yang berada di dekat taman tersebut..\nTaman ini merupakan salah satu taman tertua di Jakarta dan memiliki danau kecil yang airnya berasal dari sumber air alam. Di taman ini terletak fasilitas arena pemancingan, trek lari, dan arena permainan anak. Taman Situ Lembang dikelilingi oleh rumah-rumah di kawasan elite Menteng",Taman Hiburan,Jakarta,0,45.0,taman situ lembang taman kota letak pusat jakarta situ danau payau lembang nama jalan taman ntaman salah taman tua jakarta milik danau air asal sumber air alam taman letak fasilitas arena pancing trek lari arena main anak taman situ lembang keliling rumah rumah kawasan elite menteng,taman situ lembang taman kota letak pusat jakarta situ danau payau lembang nama jalan taman ntaman salah taman tua jakarta milik danau air asal sumber air alam taman letak fasilitas arena pancing trek lari arena main anak taman situ lembang keliling rumah rumah kawasan elite menteng taman hiburan jakarta,Kebun/Taman,60
48,Taman Ismail Marzuki,"Pusat Kesenian Jakarta Taman Ismail Marzuki yang populer disebut Taman Ismail Marzuki (TIM) merupakan sebuah pusat kesenian dan kebudayaan yang berlokasi di jalan Cikini Raya 73, Jakarta Pusat. Di sini terletak Institut Kesenian Jakarta dan Planetarium Jakarta. Selain itu, TIM juga memiliki enam teater modern, balai pameran, galeri, gedung arsip, dan bioskop. Acara-acara seni dan budaya dipertunjukkan secara rutin di pusat kesenian ini, termasuk pementasan drama, tari, wayang, musik, pembacaan puisi, pameran lukisan dan pertunjukan film. Berbagai jenis kesenian tradisional dan kontemporer, baik yang merupakan tradisi asli Indonesia maupun dari luar negeri juga dapat ditemukan di tempat ini. Nama pusat kesenian ini berasal dari nama pencipta lagu terkenal Indonesia, Ismail Marzuki.",Budaya,Jakarta,5000,46.0,pusat seni jakarta taman ismail marzuki populer taman ismail marzuki tim pusat seni budaya lokasi jalan cikini raya jakarta pusat letak institut seni jakarta planetarium jakarta tim milik enam teater modern balai pamer galeri gedung arsip bioskop acara acara seni budaya tunjuk rutin pusat seni mentas drama tari wayang musik baca puisi pamer lukis tunjuk film jenis seni tradisional kontemporer tradisi asli indonesia negeri temu nama pusat seni asal nama cipta lagu kenal indonesia ismail marzuki,pusat seni jakarta taman ismail marzuki populer taman ismail marzuki tim pusat seni budaya lokasi jalan cikini raya jakarta pusat letak institut seni jakarta planetarium jakarta tim milik enam teater modern balai pamer galeri gedung arsip bioskop acara acara seni budaya tunjuk rutin pusat seni mentas drama tari wayang musik baca puisi pamer lukis tunjuk film jenis seni tradisional kontemporer tradisi asli indonesia negeri temu nama pusat seni asal nama cipta lagu kenal indonesia ismail marzuki budaya jakarta,Kebun/Taman,60
49,Galeri Indonesia Kaya,"Galeri Indonesia Kaya (disingkat GIK) adalah ruang publik yang memadukan konsep edukasi dan digital dengan tujuan untuk memperkenalkan dan mengapresiasi seni-budaya Indonesia khususnya kepada generasi muda, yang bertempat di Grand Indonesia, Jakarta, Indonesia. Galeri Indonesia Kaya digagas dan dibangun untuk menjadi ruang edutainment budaya berbasis teknologi digital yang dapat mendekatkan dan menyalurkan kreativitas berekspresi generasi muda dalam lingkup tradisi budaya nusantara. Tempat ini memiliki auditorium yang dapat digunakan untuk masyarakat yang membutuhkan tempat berkarya.",Budaya,Jakarta,0,48.0,galeri indonesia kaya singkat gik ruang publik madu konsep edukasi digital tuju kenal apresiasi seni budaya indonesia generasi muda tempat grand indonesia jakarta indonesia galeri indonesia kaya gagas bangun ruang edutainment budaya bas teknologi digital dekat salur kreativitas ekspres generasi muda lingkup tradisi budaya nusantara milik auditorium masyarakat butuh karya,galeri indonesia kaya singkat gik ruang publik madu konsep edukasi digital tuju kenal apresiasi seni budaya indonesia generasi muda tempat grand indonesia jakarta indonesia galeri indonesia kaya gagas bangun ruang edutainment budaya bas teknologi digital dekat salur kreativitas ekspres generasi muda lingkup tradisi budaya nusantara milik auditorium masyarakat butuh karya budaya jakarta,Budaya,60
50,Museum Joang 45,"Gedung Joang '45 atau Museum Joang 45 adalah salah satu museum yang berada di Jakarta. Saat ini pengelolaannya dilaksanakan oleh Dinas Pariwisata dan Kebudayaan Provinsi DKI Jakarta. Museum ini terletak di Jalan Menteng Raya 31, Kelurahan Kebon Sirih, Kecamatan Menteng, Jakarta Pusat. Museum ini diresmikan pada tahun 1974 oleh Presiden Soeharto, setelah dilakukan renovasi.",Budaya,Jakarta,2000,4.0,gedung joang museum joang salah museum jakarta kelola laksana dinas pariwisata budaya provinsi dki jakarta museum letak jalan menteng raya lurah kebon sirih camat menteng jakarta pusat museum resmi tahun presiden soeharto renovasi,gedung joang museum joang salah museum jakarta kelola laksana dinas pariwisata budaya provinsi dki jakarta museum letak jalan menteng raya lurah kebon sirih camat menteng jakarta pusat museum resmi tahun presiden soeharto renovasi budaya jakarta,Museum,60
51,Jakarta Planetarium,"Planetarium dan Observatorium Jakarta adalah satu dari tiga wahana simulasi langit di Indonesia selain di Kutai, Kalimantan Timur, dan Surabaya, Jawa Timur. Planetarium tertua ini letaknya di Taman Ismail Marzuki, Jakarta. Planetarium Jakarta merupakan sarana wisata pendidikan yang dapat menyajikan pertunjukan / peragaan simulasi perbintangan atau benda-benda langit. Pengunjung diajak mengembara di jagat raya untuk memahami konsepsi tentang alam semesta melalui acara demi acara. Planetarium Jakarta berdiri tahun 1964 diprakarsai Presiden Soekarno dan diserahkan ke Pemerintah Provinsi DKI Jakarta pada 1969. Di tempat ini juga tersedia ruang pameran benda- benda angkasa yang menyuguhkan berbagai foto serta keterangan lengkap dari berbagai bentuk galaksi, teori-teori pembentukan galaksi disertai pengenalan tokoh-tokoh di balik munculnya teori.",Taman Hiburan,Jakarta,12000,41.0,planetarium observatorium jakarta wahana simulasi langit indonesia kuta kalimantan timur surabaya jawa timur planetarium tua letak taman ismail marzuki jakarta planetarium jakarta sarana wisata didik saji tunjuk aga simulasi bintang benda benda langit unjung ajak embara jagat raya paham konsepsi alam semesta acara acara planetarium jakarta diri tahun prakarsa presiden soekarno serah perintah provinsi dki jakarta sedia ruang pamer benda benda angkasa suguh foto terang lengkap bentuk galaksi teori teori bentuk galaksi serta kenal tokoh tokoh muncul teori,planetarium observatorium jakarta wahana simulasi langit indonesia kuta kalimantan timur surabaya jawa timur planetarium tua letak taman ismail marzuki jakarta planetarium jakarta sarana wisata didik saji tunjuk aga simulasi bintang benda benda langit unjung ajak embara jagat raya paham konsepsi alam semesta acara acara planetarium jakarta diri tahun prakarsa presiden soekarno serah perintah provinsi dki jakarta sedia ruang pamer benda benda angkasa suguh foto terang lengkap bentuk galaksi teori teori bentuk galaksi serta kenal tokoh tokoh muncul teori taman hiburan jakarta,Taman Hiburan,60
52,Kampung Cina,"KAMPUNG China adalah hunian dan kawasan perdagangan di Cibubur, Jakarta Timur. Wilayah ini berdiri berkat kerja sama antara Pemerintah Kota Jakarta Timur dengan perusahaan asing untuk menyulap area 300 hektare kawasan wisata Cibubur menjadi kota wisata, mandiri dan town center. Mengutip buku Ensiklopedia Jakarta, kampung itu mulai beroperasi pada tanggal 14 September 2002. Bangunan, nuansa alam, sampai pernak-pernik yang dijual masih berbau kesenian China. Semua produk yang dijajahkan pun berasal dari negeri tirai bambu tersebut. Wilayah itu akan menjadi tujuan wisata pada setiap perayaan hari raya Imlek._x000D_",Budaya,Jakarta,15000,45.0,kampung china huni kawasan dagang cibubur jakarta timur wilayah diri berkat perintah kota jakarta timur usaha asing sulap area hektare kawasan wisata cibubur kota wisata mandiri town center kutip buku ensiklopedia jakarta kampung operasi tanggal september bangun nuansa alam pernak pernik jual bau seni china produk jajah asal negeri tirai bambu wilayah tuju wisata raya raya imlek,kampung china huni kawasan dagang cibubur jakarta timur wilayah diri berkat perintah kota jakarta timur usaha asing sulap area hektare kawasan wisata cibubur kota wisata mandiri town center kutip buku ensiklopedia jakarta kampung operasi tanggal september bangun nuansa alam pernak pernik jual bau seni china produk jajah asal negeri tirai bambu wilayah tuju wisata raya raya imlek budaya jakarta,Budaya,60
53,Rumah Sipitung,"Rumah Si Pitung di Marunda, Jakarta Utara, Indonesia, merupakan satu dari sedikit rumah panggung Betawi yang tersisa. Rumah panggung ini merupakan representasi hunian panggung masyarakat Betawi yang tinggal di wilayah-wilayah Pesisir. Rumah ini menjadi museum dan masuk dalam cagar budaya. Tidak diketahui kapan persisnya Rumah Si Pitung didirikan. Diperkirakan bangunan tersebut dibangun pada abad ke-20. Rumah panggung yang sering juga disebut Rumah Tinggi Marunda ini mirip dengan rumah tradisional Suku Bugis. Rumah ini tadinya milik Haji Saipudin, seorang saudagar kaya bandar ikan asal Makassar (sumber lain mengatakan Haji Saipudin adalah juragan sero, atau konglomerat kapal). Haji Saipuddin diyakini merupakan sahabat erat Si Pitung. Pitung ditengarai hanya beberapa kali singgah di rumah itu (diperkirakan pada dasawarsa 1890-an). Singgahnya Si Pitung terakhir kali adalah dalam rangka bersembunyi dari kejaran tentara Belanda dengan tuduhan merampok. Pemerintah DKI Jakarta pertama kali memugar rumah panggung yang ditopang oleh 40 buah tiang itu pada tahun 1972. Sebelumnya pada tahun yang sama bangunan ini dibeli oleh Pemprov DKI Jakarta dari keturunan (ahli waris) H. Saipudin. Bangunan tersebut kini menjadi museum dan masuk dalam cagar budaya berdasarkan SK Gubernur No.475 tahun 1993 dan SK Menteri No.140/M/1998. Lembaga yang memberi nama rumah asli Betawi Pesisir ini sebagai rumah Si Pitung adalah Museum Nasional.",Budaya,Jakarta,5000,45.0,rumah si pitung marunda jakarta utara indonesia rumah panggung betawi sisa rumah panggung representasi huni panggung masyarakat betawi tinggal wilayah wilayah pesisir rumah museum cagar budaya persis rumah si pitung diri bangun bangun abad rumah panggung rumah tinggi marunda rumah tradisional suku bugis rumah milik haji saipudin saudagar kaya bandar ikan makassar sumber haji saipudin juragan sero konglomerat kapal haji saipuddin yakin sahabat erat si pitung pitung tengara singgah rumah dasawarsa an singgah si pitung rangka sembunyi kejar tentara belanda tuduh rampok perintah dki jakarta pugar rumah panggung topang buah tiang tahun tahun bangun beli pemprov dki jakarta turun ahli waris saipudin bangun museum cagar budaya dasar sk gubernur no tahun sk menteri no lembaga nama rumah asli betawi pesisir rumah si pitung museum nasional,rumah si pitung marunda jakarta utara indonesia rumah panggung betawi sisa rumah panggung representasi huni panggung masyarakat betawi tinggal wilayah wilayah pesisir rumah museum cagar budaya persis rumah si pitung diri bangun bangun abad rumah panggung rumah tinggi marunda rumah tradisional suku bugis rumah milik haji saipudin saudagar kaya bandar ikan makassar sumber haji saipudin juragan sero konglomerat kapal haji saipuddin yakin sahabat erat si pitung pitung tengara singgah rumah dasawarsa an singgah si pitung rangka sembunyi kejar tentara belanda tuduh rampok perintah dki jakarta pugar rumah panggung topang buah tiang tahun tahun bangun beli pemprov dki jakarta turun ahli waris saipudin bangun museum cagar budaya dasar sk gubernur no tahun sk menteri no lembaga nama rumah asli betawi pesisir rumah si pitung museum nasional budaya jakarta,Budaya,60
54,Taman Agrowisata Cilangkap,"Taman seluas sekitar 19 hektar ini dimiliki oleh pemerintah Provinsi (Pemprov) DKI Jakarta yang dikelola oleh Dinas Pertanian dan Kehutanan DKI. Taman Wisata Agro Cilangkap ini terletak di Jalan Raya Cilangkap No.45, Jakarta Timur. Taman ini terasa begitu permai dengan tumbuhnya aneka jenis pepohonan rindang. Kesejukan udara yang jauh dari polusi asap kendaraan bermotor, juga dapat dinikmati di taman yang dijadikan alternatif destinasi wisata bagi warga berdomisili di sekitar kawasan tersebut. Taman Wisata Agro Cilangkap juga dilengkapi dengan beberapa fasilitas seperti arena olahraga, jogging track, arena bermain anak, serta bagi sobat Ayojakarta yang memiliki hobi memancing, di sekitar area taman memiliki danau yang biasanya dijadikan area untuk memancing.",Taman Hiburan,Jakarta,0,42.0,taman luas hektar milik perintah provinsi pemprov dki jakarta kelola dinas tani hutan dki taman wisata agro cilangkap letak jalan raya cilangkap no jakarta timur taman permai tumbuh aneka jenis pohon rindang sejuk udara polusi asap kendara motor nikmat taman jadi alternatif destinasi wisata warga domisili kawasan taman wisata agro cilangkap lengkap fasilitas arena olahraga jogging track arena main anak sobat ayojakarta milik hobi pancing area taman milik danau jadi area pancing,taman luas hektar milik perintah provinsi pemprov dki jakarta kelola dinas tani hutan dki taman wisata agro cilangkap letak jalan raya cilangkap no jakarta timur taman permai tumbuh aneka jenis pohon rindang sejuk udara polusi asap kendara motor nikmat taman jadi alternatif destinasi wisata warga domisili kawasan taman wisata agro cilangkap lengkap fasilitas arena olahraga jogging track arena main anak sobat ayojakarta milik hobi pancing area taman milik danau jadi area pancing taman hiburan jakarta,Kebun/Taman,60
55,Klenteng Jin De Yuan,"Kelenteng Kim Tek Le, atau yang lebih dikenal dengan Kelenteng Jin De Yuan, sudah dibangun sejak 1650. Kelenteng yang disebut-sebut sebagai yang tertua di Jakarta ini didirikan oleh seorang Letnan Tionghoa, Kwee Hoen dan awalnya dinamakan Koan Im Teng. Jin De Yuan juga dikenal sebagai salah satu dari empat kelenteng besar yang dikelola oleh Kong Koan atau Dewan Tionghoa. Mereka adalah Kelenteng Goenoeng Sari, Kelenteng Toa Peh Kong, Kelenteng Jin De yuan sendiri, dan Kelenteng Hian Thian Shang di Tanah Tandjoeng yang kini sudah musnah.",Tempat Ibadah,Jakarta,0,45.0,kelenteng kim tek le kenal kelenteng jin de yuan bangun kelenteng tua jakarta diri letnan tionghoa kwee hoen nama koan im teng jin de yuan kenal salah kelenteng kelola kong koan dewan tionghoa kelenteng goenoeng sari kelenteng toa peh kong kelenteng jin de yuan kelenteng hian thian shang tanah tandjoeng musnah,kelenteng kim tek le kenal kelenteng jin de yuan bangun kelenteng tua jakarta diri letnan tionghoa kwee hoen nama koan im teng jin de yuan kenal salah kelenteng kelola kong koan dewan tionghoa kelenteng goenoeng sari kelenteng toa peh kong kelenteng jin de yuan kelenteng hian thian shang tanah tandjoeng musnah tempat ibadah jakarta,Tempat Ibadah,60
56,Pantai Ancol,"Pantai Ancol merupakan kawasan wisata yang merupakan destinasi wisata pantai dalam kota Jakarta. Wisatawan dapat menikmati suasana segar Pantai Lagoon, Festival, Indah, Beach Pool dan Carnaval, serta Danau Impian. Berlibur di alam terbuka dipercaya memiliki efek menenangkan dan menyenangkan. Panjang garis pantainya yang kurang lebih 6,5 km menjadi tempat berbagai aktivitas wisata. Wisata pantai ini merupakan BUMD penghasil Pendapatan Asli Daerah kedua terbesar bagi provinsi DKI Jakarta.",Bahari,Jakarta,25000,44.0,pantai ancol kawasan wisata destinasi wisata pantai kota jakarta wisatawan nikmat suasana segar pantai lagoon festival indah beach pool carnaval danau impi libur alam buka percaya milik efek tenang senang garis pantai km aktivitas wisata wisata pantai bumd hasil dapat asli daerah besar provinsi dki jakarta,pantai ancol kawasan wisata destinasi wisata pantai kota jakarta wisatawan nikmat suasana segar pantai lagoon festival indah beach pool carnaval danau impi libur alam buka percaya milik efek tenang senang garis pantai km aktivitas wisata wisata pantai bumd hasil dapat asli daerah besar provinsi dki jakarta bahari jakarta,Pantai/Bahari,60
57,Taman Lapangan Banteng,"Lapangan Banteng, dulu bernama Waterlooplein (bahasa Belanda: plein = lapangan) yaitu suatu lapangan yang terletak di Weltevreden, Batavia; tidak jauh dari Gereja Katedral Jakarta. Pada masa itu, Lapangan Banteng dikenal dengan sebutan Lapangan Singa[1] karena di tengahnya terpancang tugu peringatan kemenangan pertempuran di Waterloo, dengan patung singa di atasnya. Pertempuran Waterloo tersebut terjadi tanggal 18 Juni 1815 di dekat kota Waterloo, yaitu sekitar 15 km ke arah selatan dari ibu kota Belgia, Brussels. Pertempuran itu merupakan pertempuran terakhir Napoleon melawan pasukan gabungan Inggris-Belanda-Jerman. Pertempuran ini juga dicatat dalam sejarah sebagai penutup dari seratus hari sejak larinya Napoleon dari pengasingannya di pulau Elba. Sedangkan Tugu Singa tersebut didirikan pada zaman pemerintahan pendudukan tentara Jepang (1942-1945). Setelah Indonesia merdeka, namanya diganti menjadi Lapangan Banteng. Terdapat kemungkinan pada zaman dahulu tempat yang kini menjadi lapangan itu dihuni berbagai macam satwa liar seperti macan, kijang, dan banteng. Pada waktu J.P. Coen membangun kota Batavia di dekat muara Ciliwung, lapangan tersebut dan sekelilingnya masih berupa hutan belantara yang sebagian berpaya–paya. Sebelah timur dijalan Lapangan banteng timur tedapat Kantor Satlantas Polres jakarta Pusat.",Taman Hiburan,Jakarta,0,47.0,lapang banteng nama waterlooplein bahasa belanda plein lapang lapang letak weltevreden batavia gereja katedral jakarta lapang banteng kenal sebut lapang singa tengah pancang tugu ingat menang tempur waterloo patung singa atas tempur waterloo tanggal juni kota waterloo km arah selatan kota belgia brussels tempur tempur napoleon lawan pasu gabung inggris belanda jerman tempur catat sejarah tutup ratus lari napoleon asing pulau elba tugu singa diri zaman perintah duduk tentara jepang indonesia merdeka nama ganti lapang banteng zaman lapang huni satwa liar macan kijang banteng waktu coen bangun kota batavia muara ciliwung lapang keliling hutan belantara paya paya belah timur jalan lapang banteng timur tedapat kantor satlantas polres jakarta pusat,lapang banteng nama waterlooplein bahasa belanda plein lapang lapang letak weltevreden batavia gereja katedral jakarta lapang banteng kenal sebut lapang singa tengah pancang tugu ingat menang tempur waterloo patung singa atas tempur waterloo tanggal juni kota waterloo km arah selatan kota belgia brussels tempur tempur napoleon lawan pasu gabung inggris belanda jerman tempur catat sejarah tutup ratus lari napoleon asing pulau elba tugu singa diri zaman perintah duduk tentara jepang indonesia merdeka nama ganti lapang banteng zaman lapang huni satwa liar macan kijang banteng waktu coen bangun kota batavia muara ciliwung lapang keliling hutan belantara paya paya belah timur jalan lapang banteng timur tedapat kantor satlantas polres jakarta pusat taman hiburan jakarta,Kebun/Taman,60
58,Taman Ayodya,"Taman Ayodya, yang dulu bernama Taman Barito, adalah sebuah taman kota yang berada di Jakarta Selatan. Taman ini berlokasi di atas lahan seluas 7.500 m2, dilengkapi dengan kolam buatan seluas 1.500 m2 di tengahnya.\nTaman Ayodya juga dilengkapi dengan jalur pijakan, kursi, gazebo, pendopo, kamar mandi, serta trek jogging.. Di dekat taman ini terdapat hotel dan pasar seperti Hotel Gran Mahakam, Plaza Blok M, Pasar Burung Barito, Mal Kebayoran Baru, dan Pasar Taman Puring.\nTaman ini bersebelahan dengan Taman Langsat hanya dengan menyebrang jalan raya saja.",Taman Hiburan,Jakarta,0,44.0,taman ayodya nama taman barito taman kota jakarta selatan taman lokasi lahan luas lengkap kolam buat luas tengah ntaman ayodya lengkap jalur pijak kursi gazebo pendopo kamar mandi trek jogging taman hotel pasar hotel gran mahakam plaza blok pasar burung barito mal kebayoran pasar taman puring ntaman bahan taman langsat menyebrang jalan raya,taman ayodya nama taman barito taman kota jakarta selatan taman lokasi lahan luas lengkap kolam buat luas tengah ntaman ayodya lengkap jalur pijak kursi gazebo pendopo kamar mandi trek jogging taman hotel pasar hotel gran mahakam plaza blok pasar burung barito mal kebayoran pasar taman puring ntaman bahan taman langsat menyebrang jalan raya taman hiburan jakarta,Kebun/Taman,60
59,Museum Sumpah Pemuda,"Museum Sumpah Pemuda adalah sebuah museum sejarah perjuangan kemerdekaan Republik Indonesia yang berada di Jalan Kramat Raya No. 106, Jakarta Pusat dan dikelola oleh Kementerian Pendidikan dan Kebudayaan Republik Indonesia. Museum ini dibuka untuk umum, setiap hari Selasa sampai dengan Jumat dari pukul 08.00 hingga 16.00 UTC+7, setiap Sabtu dan Minggu pada pukul 08.00—16.00 WIB, dan setiap hari Senin dan hari besar nasional, museum ini ditutup untuk umum.\nMuseum ini memiliki koleksi foto dan benda-benda yang berhubungan dengan sejarah Sumpah Pemuda 1928, serta kegiatan-kegiatan dalam pergerakan nasional kepemudaan Indonesia. Museum Sumpah Pemuda ini didirikan berdasarkan SK Gubernur DKI Jakarta pada tahun 1972 dan menjadi benda cagar budaya nasional._x000D_",Budaya,Jakarta,2000,47.0,museum sumpah pemuda museum sejarah juang merdeka republik indonesia jalan kramat raya no jakarta pusat kelola menteri didik budaya republik indonesia museum buka umum selasa jumat utc sabtu minggu wib senin nasional museum tutup umum nmuseum milik koleksi foto benda benda hubung sejarah sumpah pemuda giat giat gera nasional pemuda indonesia museum sumpah pemuda diri dasar sk gubernur dki jakarta tahun benda cagar budaya nasional,museum sumpah pemuda museum sejarah juang merdeka republik indonesia jalan kramat raya no jakarta pusat kelola menteri didik budaya republik indonesia museum buka umum selasa jumat utc sabtu minggu wib senin nasional museum tutup umum nmuseum milik koleksi foto benda benda hubung sejarah sumpah pemuda giat giat gera nasional pemuda indonesia museum sumpah pemuda diri dasar sk gubernur dki jakarta tahun benda cagar budaya nasional budaya jakarta,Museum,60
60,Museum Tekstil,"Museum cinta Tekstil menempati gedung tua di Jalan K.S. Tubun / Kota Bambu Selatan No. 4 Kecamatan Palmerah, Jakarta Barat\n\nGedungnya sendiri pada mulanya adalah rumah pribadi seorang warga negara Prancis yang dibangun pada abad ke-19. Kemudian dibeli oleh konsul Turki bernama Abdul Azis Almussawi Al Kazimi yang menetap di Indonesia. Selanjutnya tahun 1942 dijual kepada Dr. Karel Christian Cruq.\nPada masa perjuangan kemerdekaan Indonesia, gedung ini menjadi markas Barisan Keamanan Rakyat (BKR) dan tahun 1947 didiami oleh Lie Sion Pin. Pada tahun 1952 dibeli oleh Departemen Sosial dan pada tanggal 25 Oktober 1975 diserahkan kepada Pemda DKI Jakarta yang untuk kemudian pada tanggal 28 Juni 1976 diresmikan penggunaannya oleh Ibu Tien Soeharto sebagai Museum Tekstil.",Budaya,Jakarta,5000,45.0,museum cinta tekstil tempat gedung tua jalan tubun kota bambu selatan no camat palmerah jakarta barat ngedungnya rumah pribadi warga negara prancis bangun abad beli konsul turki nama abdul azis almussawi al kazimi tetap indonesia tahun jual dr karel christian cruq npada juang merdeka indonesia gedung markas baris aman rakyat bkr tahun ami lie sion pin tahun beli departemen sosial tanggal oktober serah pemda dki jakarta tanggal juni resmi guna tien soeharto museum tekstil,museum cinta tekstil tempat gedung tua jalan tubun kota bambu selatan no camat palmerah jakarta barat ngedungnya rumah pribadi warga negara prancis bangun abad beli konsul turki nama abdul azis almussawi al kazimi tetap indonesia tahun jual dr karel christian cruq npada juang merdeka indonesia gedung markas baris aman rakyat bkr tahun ami lie sion pin tahun beli departemen sosial tanggal oktober serah pemda dki jakarta tanggal juni resmi guna tien soeharto museum tekstil budaya jakarta,Museum,60
61,Tugu Proklamasi,"Tugu Proklamasi adalah tugu peringatan proklamasi kemerdekaan Republik Indonesia yang berdiri di kompleks Taman Proklamasi di Jalan Proklamasi, Jakarta Pusat. Taman tersebut berlokasi di bekas kediaman Sukarno di Jalan Pegangsaan Timur 56. Rumah tersebut, telah dihancurkan, adalah lokasi pembacaan proklamasi kemerdekaan.Pada kompleks juga terdapat monumen dua patung Sukarno-Hatta berukuran besar yang berdiri berdampingan, mirip dengan dokumentasi foto ketika naskah proklamasi pertama kali dibacakan. Di tengah-tengah dua patung proklamator terdapat patung naskah proklamasi terbuat dari lempengan batu marmer hitam, dengan susunan dan bentuk tulisan mirip dengan naskah ketikan aslinya.",Budaya,Jakarta,0,46.0,tugu proklamasi tugu ingat proklamasi merdeka republik indonesia diri kompleks taman proklamasi jalan proklamasi jakarta pusat taman lokasi bekas diam sukarno jalan gangsa timur rumah hancur lokasi baca proklamasi merdeka kompleks monumen patung sukarno hatta ukur diri damping dokumentasi foto naskah proklamasi baca tengah tengah patung proklamator patung naskah proklamasi buat lempeng batu marmer hitam susun bentuk tulis naskah keti asli,tugu proklamasi tugu ingat proklamasi merdeka republik indonesia diri kompleks taman proklamasi jalan proklamasi jakarta pusat taman lokasi bekas diam sukarno jalan gangsa timur rumah hancur lokasi baca proklamasi merdeka kompleks monumen patung sukarno hatta ukur diri damping dokumentasi foto naskah proklamasi baca tengah tengah patung proklamator patung naskah proklamasi buat lempeng batu marmer hitam susun bentuk tulis naskah keti asli budaya jakarta,Budaya,60
62,Taman Legenda Keong Emas,"Taman Legenda Keong Emas merupakan salah satu tempat rekreasi favorit yang ada di kawasan Jakarta Timur. Berada di dalam lokasi Taman Mini Indonesia Indah atau TMII, Taman Legenda Keong Emas TMII juga telah menjadi ikon di dalam pusat sarana wisata terbesar di Indonesia ini. Selain sebagai sarana rekreasi untuk seluruh keluarga, Taman Legenda Keong Emas TMII juga mempunyai visi dan misi untuk mengedukasi masyarakat sekaligus melestarikan warisan kebudayaan Indonesia, salah satunya melalui legenda cerita rakyat.",Taman Hiburan,Jakarta,30000,45.0,taman legenda keong emas salah rekreasi favorit kawasan jakarta timur lokasi taman mini indonesia indah tmii taman legenda keong emas tmii ikon pusat sarana wisata besar indonesia sarana rekreasi keluarga taman legenda keong emas tmii visi misi edukasi masyarakat lestari waris budaya indonesia salah satu legenda cerita rakyat,taman legenda keong emas salah rekreasi favorit kawasan jakarta timur lokasi taman mini indonesia indah tmii taman legenda keong emas tmii ikon pusat sarana wisata besar indonesia sarana rekreasi keluarga taman legenda keong emas tmii visi misi edukasi masyarakat lestari waris budaya indonesia salah satu legenda cerita rakyat taman hiburan jakarta,Kebun/Taman,60
63,Museum Kebangkitan Nasional,"Museum Kebangkitan Nasional (bahasa Inggris: Museum of National Awakening) adalah sebuah gedung yang dibangun sebagai monumen tempat lahir dan berkembangnya kesadaran nasional dan juga ditemukannya organisasi pergerakan modern pertama kali dengan nama Boedi Oetomo. Sebelum menjadi museum, bangunan ini dahulunya adalah sekolah kedokteran yang didirikan oleh Belanda dengan nama School tot Opleiding van Inlandsche Artsen disingkat STOVIA atau Sekolah Dokter Bumiputra. Dalam perjalanannya, gedung tersebut selalu beralih fungsi. Lokasi museum ini tidak jauh dari Pasar Senen, tepatnya di Jalan Abdurrahman Saleh No.26, sebelum RSPAD Gatot Subroto, Jakarta Pusat.",Budaya,Jakarta,2000,47.0,museum bangkit nasional bahasa inggris museum of national awakening gedung bangun monumen lahir kembang sadar nasional temu organisasi gera modern nama boedi oetomo museum bangun dahulu sekolah dokter diri belanda nama school tot opleiding van inlandsche artsen singkat stovia sekolah dokter bumiputra jalan gedung alih fungsi lokasi museum pasar senen tepat jalan abdurrahman saleh no rspad gatot subroto jakarta pusat,museum bangkit nasional bahasa inggris museum of national awakening gedung bangun monumen lahir kembang sadar nasional temu organisasi gera modern nama boedi oetomo museum bangun dahulu sekolah dokter diri belanda nama school tot opleiding van inlandsche artsen singkat stovia sekolah dokter bumiputra jalan gedung alih fungsi lokasi museum pasar senen tepat jalan abdurrahman saleh no rspad gatot subroto jakarta pusat budaya jakarta,Museum,60
64,Museum Sasmita Loka Ahmad Yani,"Museum Sasmita Loka Ahmad Yani adalah salah satu museum pahlawan nasional yang terletak di jalan Lembang No. 58 dan jalan Laruharhari No. 65, Jakarta Pusat, DKI Jakarta, Indonesia. Museum ini terbuka untuk umum dari hari Selasa hingga hari Minggu, dari pukul 08:00 hingga pukul 14:00 WIB. Setiap hari Senin museum ini ditutup untuk umum.",Budaya,Jakarta,2000,47.0,museum sasmita loka ahmad yani salah museum pahlawan nasional letak jalan lembang no jalan laruharhari no jakarta pusat dki jakarta indonesia museum buka umum selasa minggu wib senin museum tutup umum,museum sasmita loka ahmad yani salah museum pahlawan nasional letak jalan lembang no jalan laruharhari no jakarta pusat dki jakarta indonesia museum buka umum selasa minggu wib senin museum tutup umum budaya jakarta,Museum,60
65,Museum Basoeki Abdullah,"Museum Basoeki Abdullah berisi lukisan dan koleksi pribadi Basoeki Abdullah seperti patung, topeng, wayang dan senjata. Museum yang terletak di Jakarta Selatan ini dikelola oleh Kementerian Pendidikan dan Kebudayaan. Selain digunakan untuk pameran, museum ini juga digunakan untuk menggelar seminar, penelitian, lokakarya serta menerbitkan bermacam bentuk publikasi berupa katalog, biografi, kumpulan artikel dan hasil penelitian._x000D_",Budaya,Jakarta,1000,46.0,museum basoeki abdullah isi lukis koleksi pribadi basoeki abdullah patung topeng wayang senjata museum letak jakarta selatan kelola menteri didik budaya pamer museum gelar seminar teliti lokakarya terbit bentuk publikasi katalog biografi kumpul artikel hasil teliti,museum basoeki abdullah isi lukis koleksi pribadi basoeki abdullah patung topeng wayang senjata museum letak jakarta selatan kelola menteri didik budaya pamer museum gelar seminar teliti lokakarya terbit bentuk publikasi katalog biografi kumpul artikel hasil teliti budaya jakarta,Museum,60
66,Museum Layang-layang,"Museum Layang-Layang adalah sebuah museum yang terletak di Jl. H. Kamang No. 38, Pondok Labu, Jakarta Selatan. Museum ini merupakan museum layang-layang pertama di Indonesia. Jumlah koleksi layang-layang di museum ini berjumlah 600, tetapi jumlah tersebut terus bertambah seiring datangnya koleksi-koleksi baru dari para pelayang daerah dan luar negeri maupun layang-layang yang dibuat sendiri oleh karyawan museum. Museum Layang-Layang buka setiap hari mulai pukul 09.00-16.00 WIB. Hari libur nasional Museum Layang-layang tutup.",Budaya,Jakarta,10000,45.0,museum layang layang museum letak jl kamang no pondok labu jakarta selatan museum museum layang layang indonesia koleksi layang layang museum tambah iring datang koleksi koleksi layang daerah negeri layang layang karyawan museum museum layang layang buka wib libur nasional museum layang layang tutup,museum layang layang museum letak jl kamang no pondok labu jakarta selatan museum museum layang layang indonesia koleksi layang layang museum tambah iring datang koleksi koleksi layang daerah negeri layang layang karyawan museum museum layang layang buka wib libur nasional museum layang layang tutup budaya jakarta,Museum,60
67,Margasatwa Muara Angke,"Suaka margasatwa Muara Angke adalah sebuah kawasan konservasi berdasarkan SK Menteri Kehutanan RI Nomor: 097/Kpts-II/1988, 29 Februari 1998 di wilayah hutan bakau di pesisir utara Jakarta. Secara administratif, kawasan ini termasuk wilayah Kelurahan Kapuk Muara, Kecamatan Penjaringan, Kotamadya Jakarta Utara.",Cagar Alam,Jakarta,25000,42.0,suaka margasatwa muara angke kawasan konservasi dasar sk menteri hutan ri nomor kpts ii februari wilayah hutan bakau pesisir utara jakarta administratif kawasan wilayah lurah kapuk muara camat jaring kotamadya jakarta utara,suaka margasatwa muara angke kawasan konservasi dasar sk menteri hutan ri nomor kpts ii februari wilayah hutan bakau pesisir utara jakarta administratif kawasan wilayah lurah kapuk muara camat jaring kotamadya jakarta utara cagar alam jakarta,Cagar Alam,60
68,Pasar Petak Sembilan,"Pecinan Glodok, tepatnya di Pasar Petak Sembilan, Jakarta Barat merupakan salah satu tempat yang menjual berbagai macam kuliner khas China. Kawasan yang sebagaian besar dihuni oleh orang Tionghoa ini terkenal dengan kuliner khas China yang banyak dijajakan oleh para warga. Mulai dari kue keranjang, kue dodol, hingga kue lapis banyak dijajakan di sini. Dengan harga mulai dari Rp 30 ribu hingga Rp 100 ribu, ketiga jenis kue ini menjadi kue yang paling sering dibeli untuk melengkapi perayaan Imlek. Menurut sumber dari penjual, mereka mengaku bahwa kue yang dijajakan didatangkan langsung dari berbagai daerah. Karena berasal dari wilayah yang berbeda, kue-kue ini memilliki ciri khas tersendiri.",Pusat Perbelanjaan,Jakarta,0,44.0,pecinan glodok tepat pasar petak sembilan jakarta barat salah jual kuliner khas china kawasan bagai huni tionghoa kenal kuliner khas china jaja warga kue keranjang kue dodol kue lapis jaja harga rp ribu rp ribu tiga jenis kue kue beli lengkap raya imlek sumber jual aku kue jaja daerah asal wilayah beda kue kue memilliki ciri khas sendiri,pecinan glodok tepat pasar petak sembilan jakarta barat salah jual kuliner khas china kawasan bagai huni tionghoa kenal kuliner khas china jaja warga kue keranjang kue dodol kue lapis jaja harga rp ribu rp ribu tiga jenis kue kue beli lengkap raya imlek sumber jual aku kue jaja daerah asal wilayah beda kue kue memilliki ciri khas sendiri pusat perbelanjaan jakarta,Pusat Perbelanjaan,60
69,Freedom Library,"Freedom Library adalah perpustakaan buku yang dibuka umum. Memiliki puluhan ribu koleksi buku yang disusun di rak dan sesuai dengan tema, sehingga mempermudah untuk mencari buku yang diinginkan. Dengan desain ruangan yang modern serta suasana yang tenang membuat pembaca akan betah berlama-lama disini.  Cukup dengan mendaftar menjadi member terlebih dahulu dan tidak dikenakan biaya (Gratis) kalian bisa membaca buku diperpustakaan ini._x000D_",Budaya,Jakarta,0,5.0,freedom library pustaka buku buka umum milik puluh ribu koleksi buku susun rak sesuai tema mudah cari buku desain ruang modern suasana tenang baca betah lama daftar member kena biaya gratis baca buku pustaka,freedom library pustaka buku buka umum milik puluh ribu koleksi buku susun rak sesuai tema mudah cari buku desain ruang modern suasana tenang baca betah lama daftar member kena biaya gratis baca buku pustaka budaya jakarta,Budaya,60
70,Perpustakaan Nasional,"Perpustakaan Nasional adalah perpustakaan yang secara khusus didirikan oleh Pemerintah Negara demi menyimpan informasi negara tersebut. Berbeda dengan perpustakaan umum, sangatlah jarang khalayak ramai diperbolehkan meminjam buku. Seringkali sebuah perpustakaan nasional menyimpan koleksi langka dan bersejarah.\nBeberapa perpustakaan awal bisa disebut perpustakaan nasional, seperti Perpustakaan Alexandria yang merupakan Perpustakaan Mesir Kuno. Perpustakaan nasional sering kali berukuran sangat besar dan luas apalagi jika diperbandingkan dengan perpustakaan biasa lainnya di negaranya. Beberapa negara yang tidak independen, tetapi tetap berkeinginan melestarikan budaya khusus mereka umumnya mendirikan sebuah perpustakaan nasional dengan segala atribut kelembagaan tersebut deposito hukum.\nBanyak perpustakaan nasional yang bekerja sama dengan Federasi Internasional dari Asosiasi dan Institusi Perpustakaan (bahasa Inggris: International Federation of Library Associations and Institutions (IFLA)) guna membagas tugas umum, menetapkan, dan mempromosikan standar umum serta pelaksanaan proyek untuk membantu memenuhi tugas mereka. Perpustakaan nasional di Eropa berpartisipasi dalam Perpustakaan Eropa. Ini merupakan pelayanan dari Konferensi Pustakawan Nasional Eropa (bahasa Inggris: Conference of European National Librarians (CENL)).\nSalah satu rencana pertama dari sebuah perpustakaan nasional yang dirancang oleh matematikawan, John Dee, pada tahun 1556 yang diperlihatkan pada Mary I dari Inggris dengan rencana yang visioner untuk pelestarian buku-buku lama, manuskrip, dan catatan dan pendirian perpustakaan nasional, tetapi proposal tersebut tidak disetujui.",Budaya,Jakarta,0,47.0,pustaka nasional pustaka diri perintah negara simpan informasi negara beda pustaka umum jarang khalayak ramai boleh pinjam buku seringkali pustaka nasional simpan koleksi langka sejarah nbeberapa pustaka pustaka nasional pustaka alexandria pustaka mesir kuno pustaka nasional ukur luas banding pustaka negara negara independen lestari budaya diri pustaka nasional atribut lembaga deposito hukum nbanyak pustaka nasional federasi internasional asosiasi institusi pustaka bahasa inggris international federation of library associations and institutions ifla bagas tugas umum tetap promosi standar umum laksana proyek bantu penuh tugas pustaka nasional eropa partisipasi pustaka eropa layan konferensi pustakawan nasional eropa bahasa inggris conference of european national librarians cenl nsalah rencana pustaka nasional rancang matematikawan john dee tahun mary inggris rencana visioner lestari buku buku manuskrip catat diri pustaka nasional proposal tuju,pustaka nasional pustaka diri perintah negara simpan informasi negara beda pustaka umum jarang khalayak ramai boleh pinjam buku seringkali pustaka nasional simpan koleksi langka sejarah nbeberapa pustaka pustaka nasional pustaka alexandria pustaka mesir kuno pustaka nasional ukur luas banding pustaka negara negara independen lestari budaya diri pustaka nasional atribut lembaga deposito hukum nbanyak pustaka nasional federasi internasional asosiasi institusi pustaka bahasa inggris international federation of library associations and institutions ifla bagas tugas umum tetap promosi standar umum laksana proyek bantu penuh tugas pustaka nasional eropa partisipasi pustaka eropa layan konferensi pustakawan nasional eropa bahasa inggris conference of european national librarians cenl nsalah rencana pustaka nasional rancang matematikawan john dee tahun mary inggris rencana visioner lestari buku buku manuskrip catat diri pustaka nasional proposal tuju budaya jakarta,Budaya,60
71,Cibubur Garden Diary (Cibugary),"Cibubur Garden Dairy atau biasa dikenal degan sebutan Cibugary merupakan sebuah perternakan sapi perah dan peternakan kambing yang memiliki nuansa kebun dikawasan Cibubur, sang empunya Bapak Rachmat Baghory mempunyai inisiatif untuk menjadikan tempat tersebut sebagai wisata agro edukatif terutama untuk anak-anak.",Cagar Alam,Jakarta,50000,45.0,cibubur garden dairy kenal degan sebut cibugary terna sapi perah terna kambing milik nuansa kebun kawasan cibubur sang empunya rachmat baghory inisiatif jadi wisata agro edukatif anak anak,cibubur garden dairy kenal degan sebut cibugary terna sapi perah terna kambing milik nuansa kebun kawasan cibubur sang empunya rachmat baghory inisiatif jadi wisata agro edukatif anak anak cagar alam jakarta,Kebun/Taman,60
72,Waterboom PIK (Pantai Indah Kapuk),"Waterbom Jakarta merupakan sebuah wahana permainan air yang cukup populer di kawasan Pantai Indah Kapuk (PIK), Jakarta Utara. Harga tiket masuk Waterboom PIK tidak terlalu menguras kantong, hanya Rp 100 ribu per orang saat weekday atau Rp 200 ribu saat weekend. Waterboom PIK menjadi objek wisata favorit saat liburan karena menawarkan fasilitas memadai dan memiliki wahana permainan air yang terbilang lengkap.",Taman Hiburan,Jakarta,300000,44.0,waterbom jakarta wahana main air populer kawasan pantai indah kapuk pik jakarta utara harga tiket waterboom pik uras kantong rp ribu weekday rp ribu weekend waterboom pik objek wisata favorit libur tawar fasilitas pada milik wahana main air bilang lengkap,waterbom jakarta wahana main air populer kawasan pantai indah kapuk pik jakarta utara harga tiket waterboom pik uras kantong rp ribu weekday rp ribu weekend waterboom pik objek wisata favorit libur tawar fasilitas pada milik wahana main air bilang lengkap taman hiburan jakarta,Pantai/Bahari,60
73,Museum Perangko,Museum perangko dibangun dengan bentuk bangunan bergaya Jawa Bali di atas lahan seluas 9.590 m2 dan diresmikan oleh Presiden Soeharto pada tanggal 29 September 1983. Museum ini memamerkan koleksi perangko asal Indonesia dan luar negeri. Adapula sepeda pos antik merk Falter buatan Jerman Barat tahun 1950 diletakkan di serambi museum. Halaman depan ada bola dunia dengan merpati yang membawa sebuah surat yang melambangkan bahwa tugas Perum Pos dan Giro menjangkau seluruh dunia.,Budaya,Jakarta,5000,44.0,museum perangko bangun bentuk bangun gaya jawa bal lahan luas resmi presiden soeharto tanggal september museum pamer koleksi perangko indonesia negeri adapula sepeda pos antik merk falter buat jerman barat tahun letak serambi museum halaman bola dunia merpati bawa surat melambang tugas perum pos giro jangkau dunia,museum perangko bangun bentuk bangun gaya jawa bal lahan luas resmi presiden soeharto tanggal september museum pamer koleksi perangko indonesia negeri adapula sepeda pos antik merk falter buat jerman barat tahun letak serambi museum halaman bola dunia merpati bawa surat melambang tugas perum pos giro jangkau dunia budaya jakarta,Museum,60
74,Museum Tengah Kebun,"Museum di Tengah Kebun adalah sebuah museum penyimpanan ± 4.000 koleksi seni dan sejarah Indonesia dan luar negeri yang berlokasi di daerah Kemang, Jakarta Selatan. Museum ini dibangun di tengah kebun seluas 3.500 m2. Museum ini dimiliki secara pribadi oleh Sjahrial Djalil, salah satu tokoh periklanan modern Indonesia dan pendiri biro iklan Ad Force Inc. Pada tahun 2013, museum ini terpilih sebagai Museum Swasta Terbaik di Museum Awards dengan koleksi dari 63 negara dan 26 provinsi di Indonesia.[2] Hal yang membuat museum ini berbeda dari museum lainnya adalah penataan sebanyak 2.414 koleksi yang dipamerkan kepada pengunjung diletakkan tidak beraturan di berbagai sudut ruangan, seperti lantai, tangah taman, toilet, dinding luar rumah, dan lain sebagainya.",Budaya,Jakarta,0,46.0,museum tengah kebun museum simpan koleksi seni sejarah indonesia negeri lokasi daerah kemang jakarta selatan museum bangun tengah kebun luas museum milik pribadi sjahrial djalil salah tokoh iklan modern indonesia diri biro iklan ad force inc tahun museum pilih museum swasta baik museum awards koleksi negara provinsi indonesia museum beda museum tata koleksi pamer unjung letak atur sudut ruang lantai tangah taman toilet dinding rumah,museum tengah kebun museum simpan koleksi seni sejarah indonesia negeri lokasi daerah kemang jakarta selatan museum bangun tengah kebun luas museum milik pribadi sjahrial djalil salah tokoh iklan modern indonesia diri biro iklan ad force inc tahun museum pilih museum swasta baik museum awards koleksi negara provinsi indonesia museum beda museum tata koleksi pamer unjung letak atur sudut ruang lantai tangah taman toilet dinding rumah budaya jakarta,Museum,60
75,SnowBay Waterpark,"Waterpark yang menghadirkan wahana imajinatif berkonsep pegunungan bersalju. Tidak ketinggalan dengan atraksi air terbaik yang sangat menyenangkan. Dengan luas sekitar 3 hektar, tempat wisata ini menyediakan wahana – wahana permainan air terbaik. Tak salah jika water park ini diminati dan dipadati oleh pengunjung terutama saat musim liburan datang. Pengunjung dapat menikmati keseruan berbagai atraksi air dengan pemandangan artistik yang menutupi 70% kawasan dengan salju. Pengunjung dapat merasakan rasa lelah dan penat berkurang hanya dengan menyaksikan suasana salju eksotik ini. Pengunjung akan disambut dengan rekreasi air berkelas dunia dengan konsep petualangan yang akan membuat terkesima. Menyuguhkan berbagai aktivitas seru yang dapat dinikmati oleh seluruh keluarga dari segala umur. Tidak hanya permainan air, terdapat juga wahana yang menantang adrenalin, cocok bagi yang ingin melepas stres.",Taman Hiburan,Jakarta,180000,43.0,waterpark hadir wahana imajinatif konsep gunung salju tinggal atraksi air baik senang luas hektar wisata sedia wahana wahana main air baik salah water park mati padat unjung musim libur unjung nikmat seru atraksi air pandang artistik tutup kawasan salju unjung rasa lelah penat kurang saksi suasana salju eksotik unjung sambut rekreasi air kelas dunia konsep tualang kesima suguh aktivitas seru nikmat keluarga umur main air wahana tantang adrenalin cocok lepas stres,waterpark hadir wahana imajinatif konsep gunung salju tinggal atraksi air baik senang luas hektar wisata sedia wahana wahana main air baik salah water park mati padat unjung musim libur unjung nikmat seru atraksi air pandang artistik tutup kawasan salju unjung rasa lelah penat kurang saksi suasana salju eksotik unjung sambut rekreasi air kelas dunia konsep tualang kesima suguh aktivitas seru nikmat keluarga umur main air wahana tantang adrenalin cocok lepas stres taman hiburan jakarta,Taman Hiburan,60
76,Taman Cattleya,"Kehadiran Taman Cattleya tentu saja sangat bermanfaat bagi masyarakat Ibu Kota, ditengah situasi penatnya kemacetan, tumpukkan pekerjaan, serta polusi yang menjadi ancaman bagi kota-kota besar. Lokasi Taman Cattleya sangat strategis bagi mereka anda yang sedang bingung mencari tempat yang pas di akhir pekan. Lokasi Taman Cattleya berada di dekat pusat perbelanjaan yang sangat terkenal, yaitu Mall Taman Anggrek.",Taman Hiburan,Jakarta,20000,45.0,hadir taman cattleya manfaat masyarakat kota tengah situasi penat macet tumpuk kerja polusi ancam kota kota lokasi taman cattleya strategis bingung cari pas pekan lokasi taman cattleya pusat belanja kenal mall taman anggrek,hadir taman cattleya manfaat masyarakat kota tengah situasi penat macet tumpuk kerja polusi ancam kota kota lokasi taman cattleya strategis bingung cari pas pekan lokasi taman cattleya pusat belanja kenal mall taman anggrek taman hiburan jakarta,Kebun/Taman,60
77,Taman Hutan Tebet,"Taman Tebet dibangun tahun 1960, taman ini sempat tertunda di tahun 1970 dan jadi pemukiman liar sampai tahun 2006. Dahulu, namanya Taman Honda. Bukan tanpa alasan, dinamakan demikian karena restorasi taman ini dilakukan atas kerjasama PT Honda Prospect Motor dan Pemerintah Provinsi DKI Jakarta. Taman seluas 1.800 m2 yang diresmikan oleh gubernur DKI Jakarta (waktu itu) Fauzi Bowo tanggal 28 Juli 2010. Merupakan ruang terbuka hijau yang dapat dimanfaatkan warga Jakarta untuk beraktivitas. Berada di antara jalan Tebet Barat Raya dan jalan Tebet Timur Raya Kecamatan Tebet, Kotamadya Jakarta Selatan. Kawasan taman memiliki anak sungai yang mengalir dari arah Pasarminggu menuju ke Manggarai. Taman Tebet juga dilengkapi dengan sejumlah fasilitas, seperti arena bermain untuk anak dan tempat berolahraga. Untuk arena olahraga sendiri, ada bulu tangkis dan jogging track. Taman yang dirawat oleh petugas ini juga menyediakan musala, kamar mandi, gazebo, dan fasilitas terapi refleksi.",Taman Hiburan,Jakarta,0,44.0,taman tebet bangun tahun taman tunda tahun mukim liar tahun nama taman honda alas nama restorasi taman kerjasama pt honda prospect motor perintah provinsi dki jakarta taman luas resmi gubernur dki jakarta waktu fauzi bowo tanggal juli ruang buka hijau manfaat warga jakarta aktivitas jalan tebet barat raya jalan tebet timur raya camat tebet kotamadya jakarta selatan kawasan taman milik anak sungai alir arah pasarminggu manggarai taman tebet lengkap fasilitas arena main anak olahraga arena olahraga bulu tangkis jogging track taman rawat tugas sedia musala kamar mandi gazebo fasilitas terapi refleksi,taman tebet bangun tahun taman tunda tahun mukim liar tahun nama taman honda alas nama restorasi taman kerjasama pt honda prospect motor perintah provinsi dki jakarta taman luas resmi gubernur dki jakarta waktu fauzi bowo tanggal juli ruang buka hijau manfaat warga jakarta aktivitas jalan tebet barat raya jalan tebet timur raya camat tebet kotamadya jakarta selatan kawasan taman milik anak sungai alir arah pasarminggu manggarai taman tebet lengkap fasilitas arena main anak olahraga arena olahraga bulu tangkis jogging track taman rawat tugas sedia musala kamar mandi gazebo fasilitas terapi refleksi taman hiburan jakarta,Kebun/Taman,60
78,Hutan Kota Srengseng,"Selain Taman Hutan Mangrove dan Pantai Indah Kapuk, salah satu taman yang sudah cukup terkenal lama bisa dijumpai di sekitar Universitas Indonesia Depok, letaknya di pinggiran Jakarta, namanya Hutan Kota Srengseng. Sesuai namanya, kawasan wisata ini terletak di daerah Srengseng Kembangan Jakbar, letaknya dekat dengan daerah Kemayoran, Kebon Jeruk serta Rawa Buaya. Hutan Srengseng ini menjadi salah satu kawasan alam hijua yang bisa dijumpai di Daerah Khusus Ibukota Jakarta. Namun perlu diketahui bukan Srengseng Sawah ya, itu sudah berbeda. Kehadiran Taman Kota ini memberikan peran penting di sektor alam Jakarta yang tengah mengalami perkembangan cukup pesat.",Taman Hiburan,Jakarta,1000,43.0,taman hutan mangrove pantai indah kapuk salah taman kenal jumpa universitas indonesia depok letak pinggir jakarta nama hutan kota srengseng sesuai nama kawasan wisata letak daerah srengseng kembang jakbar letak daerah mayor kebon jeruk rawa buaya hutan srengseng salah kawasan alam hijua jumpa daerah ibukota jakarta srengseng sawah beda hadir taman kota peran sektor alam jakarta tengah alami kembang pesat,taman hutan mangrove pantai indah kapuk salah taman kenal jumpa universitas indonesia depok letak pinggir jakarta nama hutan kota srengseng sesuai nama kawasan wisata letak daerah srengseng kembang jakbar letak daerah mayor kebon jeruk rawa buaya hutan srengseng salah kawasan alam hijua jumpa daerah ibukota jakarta srengseng sawah beda hadir taman kota peran sektor alam jakarta tengah alami kembang pesat taman hiburan jakarta,Kebun/Taman,60
79,Taman Spathodea,"Objek Wisata Taman Spathodea di Jagakarsa DKI Jakarta Selatan Jakarta adalah salah satu tempat wisata yang berada di Jl. Kebagusan Raya, Kecamatan Jagakarsa, Kota Jakarta Selatan, Daerah Khusus Ibukota Jakarta, Indonesia. Objek Wisata Taman Spathodea di Jagakarsa DKI Jakarta Selatan Jakarta adalah tempat wisata yang ramai dengan wisatawan pada hari biasa maupun saat liburan. Yang menjadi daya tarik Taman Spathodea memiliki banyak jenis tanaman yang ditanam baik pepohonan dan bunga-bunga yang menghiasi area taman. Ada danau kecil yang berada ditengah taman akan membuat nyaman pengunjung. Banyak Fasilitas umum juga tersedia di Taman Spathodea seperti misalnya lintasan jogging, kolam ikan, outdoor gym, taman bermain untuk anak-anak, toilet, parkiran yang cukup luas dan tempat duduk yang cukup nyaman. Taman Spathodea ini hanya buka mulai pukul 05.00 – 18.00 WIB jadi kalo sudah mulai malam taman ini akan ditutup untuk umum.",Taman Hiburan,Jakarta,0,46.0,objek wisata taman spathodea jagakarsa dki jakarta selatan jakarta salah wisata jl bagus raya camat jagakarsa kota jakarta selatan daerah ibukota jakarta indonesia objek wisata taman spathodea jagakarsa dki jakarta selatan jakarta wisata ramai wisatawan libur daya tarik taman spathodea milik jenis tanam tanam pohon bunga bunga hias area taman danau tengah taman nyaman unjung fasilitas umum sedia taman spathodea lintas jogging kolam ikan outdoor gym taman main anak anak toilet parkir luas duduk nyaman taman spathodea buka wib kalo malam taman tutup umum,objek wisata taman spathodea jagakarsa dki jakarta selatan jakarta salah wisata jl bagus raya camat jagakarsa kota jakarta selatan daerah ibukota jakarta indonesia objek wisata taman spathodea jagakarsa dki jakarta selatan jakarta wisata ramai wisatawan libur daya tarik taman spathodea milik jenis tanam tanam pohon bunga bunga hias area taman danau tengah taman nyaman unjung fasilitas umum sedia taman spathodea lintas jogging kolam ikan outdoor gym taman main anak anak toilet parkir luas duduk nyaman taman spathodea buka wib kalo malam taman tutup umum taman hiburan jakarta,Kebun/Taman,60
80,Plaza Indonesia,"Plaza Indonesia diresmikan pada awal tahun 1990, terdiri dari empat lantai pertokoan kelas atas dengan luas 38.050 m2. Pusat perbelanjaan ini terletak di Bundaran Hotel Indonesia, tepatnya pada perantara jalan M.H. Thamrin dan jalan Kebon Kacang Raya di kawasan bisnis utama Jakarta.\nPlaza Indonesia juga dilengkapi dengan hotel Grand Hyatt Jakarta, sebuah hotel bintang lima berlantai 28 yang resmi dibuka juga pada awal tahun 1990. Hotel ini memiliki lebih dari 300 kamar dengan desain modern minimalis, restoran-restoran eksklusif, dan fasilitas yang sangat lengkap.\nPengembangan Plaza Indonesia berlanjut ketika Entertainment X'nter dibuka disebelah gedung yang ada dengan membidik pangsa pasar anak muda. Kedua gedung disambung dengan sebuah jembatan yang dikelilingi toko-toko.\nKini, Plaza Indonesia telah dilengkapi dengan gedung perkantoran The Plaza Office Tower dan apartement The Keraton Grand Hyatt Residences.\nPlaza Indonesia dikembangkan oleh PT Global Land Development Tbk (sebelumnya bernama PT Kridaperdana Indahgraha Tbk).",Pusat Perbelanjaan,Jakarta,0,47.0,plaza indonesia resmi tahun lantai toko kelas luas pusat belanja letak bundar hotel indonesia tepat antara jalan thamrin jalan kebon kacang raya kawasan bisnis utama jakarta nplaza indonesia lengkap hotel grand hyatt jakarta hotel bintang lantai resmi buka tahun hotel milik kamar desain modern minimal restoran restoran eksklusif fasilitas lengkap npengembangan plaza indonesia lanjut entertainment nter buka belah gedung bidik pangsa pasar anak muda gedung sambung jembatan keliling toko toko nkini plaza indonesia lengkap gedung kantor the plaza office tower apartement the keraton grand hyatt residences nplaza indonesia kembang pt global land development tbk nama pt kridaperdana indahgraha tbk,plaza indonesia resmi tahun lantai toko kelas luas pusat belanja letak bundar hotel indonesia tepat antara jalan thamrin jalan kebon kacang raya kawasan bisnis utama jakarta nplaza indonesia lengkap hotel grand hyatt jakarta hotel bintang lantai resmi buka tahun hotel milik kamar desain modern minimal restoran restoran eksklusif fasilitas lengkap npengembangan plaza indonesia lanjut entertainment nter buka belah gedung bidik pangsa pasar anak muda gedung sambung jembatan keliling toko toko nkini plaza indonesia lengkap gedung kantor the plaza office tower apartement the keraton grand hyatt residences nplaza indonesia kembang pt global land development tbk nama pt kridaperdana indahgraha tbk pusat perbelanjaan jakarta,Pusat Perbelanjaan,60
81,Mall Thamrin City,"Thamrin City atau Thamrin City Mall merupakan pusat perbelanjaan besar yang berada di Jakarta Pusat, yang lokasinya terletak ± 150 meter dari bundaran Hotel Indonesia dan ± 300 meter dari Pasar Tanah Abang, yang tepatnya berada di Jl. Thamrin Boulevard (d/h Kebon Kacang Raya) dengan akses berbagai arah antara lain dari Jl. Thamrin, Jl. Teluk Betung, maupun dari Jl. KH. Mas Mansyur",Pusat Perbelanjaan,Jakarta,0,44.0,thamrin city thamrin city mall pusat belanja jakarta pusat lokasi letak meter bundar hotel indonesia meter pasar tanah abang tepat jl thamrin boulevard kebon kacang raya akses arah jl thamrin jl teluk betung jl kh mas mansyur,thamrin city thamrin city mall pusat belanja jakarta pusat lokasi letak meter bundar hotel indonesia meter pasar tanah abang tepat jl thamrin boulevard kebon kacang raya akses arah jl thamrin jl teluk betung jl kh mas mansyur pusat perbelanjaan jakarta,Pusat Perbelanjaan,60
82,Museum Satria Mandala,"Museum Satria Mandala adalah museum sejarah perjuangan Tentara Nasional Indonesia yang terletak di Jalan Gatot Subroto, Jakarta Selatan. Museum yang diresmikan pada tahun 1972 oleh mantan Presiden Indonesia, Soeharto ini awalnya adalah rumah dari salah satu istri mantan Presiden Indonesia, Soekarno, yaitu istrinya yang bernama Ratna Sari Dewi Soekarno. Dalam museum ini dapat ditemui berbagai koleksi peralatan perang di Indonesia, dari masa lampau hingga modern seperti koleksi ranjau, rudal, torpedo, tank, meriam bahkan helikopter dan pesawat terbang (satu di antaranya adalah pesawat Cureng yang pernah diterbangkan oleh Marsekal Udara Agustinus Adisucipto).\nSelain itu museum ini juga menyimpan berbagai macam benda bersejarah yang berkaitan dengan TNI seperti aneka senjata berat maupun ringan, atribut ketentaraan, panji-panji dan lambang-lambang di lingkungan TNI. Selain itu di museum ini dipamerkan juga tandu yang dipergunakan untuk mengusung Panglima Besar Jenderal Soedirman saat dia bergerilya dalam keadaan sakit melawan pendudukan kembali Belanda pada era 1940-an.\nMasih dalam kompleks Museum TNI Satriamandala ini terdapat juga Museum Waspada Purbawisesa yang menampilkan diorama ketika TNI bersama-sama dengan rakyat menumpas gerombolan separatis DI/TII di Jawa Barat, Jawa Tengah, Aceh, Kalimantan Selatan dan Sulawesi Selatan pada era tahun 1960-an. Fasilitas lainnya yang ada di Museum TNI Satriamandala ini antara lain adalah Taman Bacaan Anak, Kios Cenderamata, Kantin serta Gedung Serbaguna yang berkapasitas 600 kursi.",Budaya,Jakarta,5000,45.0,museum satria mandala museum sejarah juang tentara nasional indonesia letak jalan gatot subroto jakarta selatan museum resmi tahun mantan presiden indonesia soeharto rumah salah istri mantan presiden indonesia soekarno istri nama ratna sari dewi soekarno museum temu koleksi alat perang indonesia lampau modern koleksi ranjau rudal torpedo tank meriam helikopter pesawat terbang pesawat cureng terbang marsekal udara agustinus adisucipto nselain museum simpan benda sejarah kait tni aneka senjata berat ringan atribut tentara panji panji lambang lambang lingkung tni museum pamer tandu usung panglima jenderal soedirman gerilya sakit lawan duduk belanda era an nmasih kompleks museum tni satriamandala museum waspada purbawisesa tampil diorama tni rakyat tumpas gerombol separatis tii jawa barat jawa tengah aceh kalimantan selatan sulawesi selatan era tahun an fasilitas museum tni satriamandala taman baca anak kios cenderamata kantin gedung serbaguna kapasitas kursi,museum satria mandala museum sejarah juang tentara nasional indonesia letak jalan gatot subroto jakarta selatan museum resmi tahun mantan presiden indonesia soeharto rumah salah istri mantan presiden indonesia soekarno istri nama ratna sari dewi soekarno museum temu koleksi alat perang indonesia lampau modern koleksi ranjau rudal torpedo tank meriam helikopter pesawat terbang pesawat cureng terbang marsekal udara agustinus adisucipto nselain museum simpan benda sejarah kait tni aneka senjata berat ringan atribut tentara panji panji lambang lambang lingkung tni museum pamer tandu usung panglima jenderal soedirman gerilya sakit lawan duduk belanda era an nmasih kompleks museum tni satriamandala museum waspada purbawisesa tampil diorama tni rakyat tumpas gerombol separatis tii jawa barat jawa tengah aceh kalimantan selatan sulawesi selatan era tahun an fasilitas museum tni satriamandala taman baca anak kios cenderamata kantin gedung serbaguna kapasitas kursi budaya jakarta,Museum,60
83,Alive Museum Ancol,"Museum kini tidak hanya menawarkan benda – benda yang bernilai sejarah dan edukatif. Tapi telah disulap menjadi wahana rekreasi seru dengan objek foto yang berbeda. Seperti Alive Museum yang ada di Ancol. Alive Museum menampilkan berbagai seni rupa berupa lukisan 3 dimensi. Dimana pengunjung dapat berfoto dengan latar belakang yang nyata meski hanya dari foto. Dan karena 3 dimensi, tentu foto akan terlihat nyata dengan objeknya.",Taman Hiburan,Jakarta,200000,43.0,museum tawar benda benda nila sejarah edukatif sulap wahana rekreasi seru objek foto beda alive museum ancol alive museum tampil seni lukis dimensi mana unjung foto latar foto dimensi foto objek,museum tawar benda benda nila sejarah edukatif sulap wahana rekreasi seru objek foto beda alive museum ancol alive museum tampil seni lukis dimensi mana unjung foto latar foto dimensi foto objek taman hiburan jakarta,Museum,60
84,Kawasan Kuliner BSM,"Tidak seperti Pecenongan, Kawasan Kuliner BSM buka dari pukul 09:00 hingga 18:00. Berlokasi di Jalan M. H. Thamrin, Jakarta Pusat, Kawasan Kuliner BSM merupakan tempat makan murah favorit warga sekitar serta pelancong. Kawasan kuliner Jakarta ini menghadirkan kios dan warung yang berderet di satu area khusus. Pengunjung bisa menyusuri jalur sempit di antara tiap kios untuk memilih hidangan. Kawasan Kuliner BSM menghadirkan hidangan berat dan makanan ringan. Pengunjung bisa menemukan bakso, nasi goreng, aneka soto, nasi Padang, nasi uduk, pecel, sete, gudeg, gado-gado, dan sebagainya. Ada juga berbagai hidangan ringan dan kue-kue, seperti misalnya donat kentang, jamur goreng, sup buah, kentang goreng, dan beragam gorengan. Pengunjung bisa naik bus Trans Jakarta koridor 1 (Blok M-Kota) hingga ke Halte Bank Indonesia, lalu menyeberang jalan ke dekat gedung Bank Mandiri. Dari sana, Kawasan Kuliner BSM cukup mudah ditemukan.",Pusat Perbelanjaan,Jakarta,0,46.0,pecenongan kawasan kuliner bsm buka lokasi jalan thamrin jakarta pusat kawasan kuliner bsm makan murah favorit warga lancong kawasan kuliner jakarta hadir kios warung deret area unjung susur jalur sempit kios pilih hidang kawasan kuliner bsm hadir hidang berat makan ringan unjung temu bakso nasi goreng aneka soto nasi padang nasi uduk pecel sete gudeg gado gado hidang ringan kue kue donat kentang jamur goreng sup buah kentang goreng agam goreng unjung bus trans jakarta koridor blok kota halte bank indonesia seberang jalan gedung bank mandiri kawasan kuliner bsm mudah temu,pecenongan kawasan kuliner bsm buka lokasi jalan thamrin jakarta pusat kawasan kuliner bsm makan murah favorit warga lancong kawasan kuliner jakarta hadir kios warung deret area unjung susur jalur sempit kios pilih hidang kawasan kuliner bsm hadir hidang berat makan ringan unjung temu bakso nasi goreng aneka soto nasi padang nasi uduk pecel sete gudeg gado gado hidang ringan kue kue donat kentang jamur goreng sup buah kentang goreng agam goreng unjung bus trans jakarta koridor blok kota halte bank indonesia seberang jalan gedung bank mandiri kawasan kuliner bsm mudah temu pusat perbelanjaan jakarta,Pusat Perbelanjaan,60
85,Taman Pintar Yogyakarta,"Taman Pintar Yogyakarta (bahasa Jawa: Hanacaraka,ꦠꦩꦤ꧀​ꦥꦶꦤ꧀ꦠꦂ​ꦔꦪꦺꦴꦒꦾꦏꦂꦠ, Taman Pintar Ngayogyakarta) adalah wahana wisata yang terdapat di pusat Kota Yogyakarta, tepatnya di Jalan Panembahan Senopati No. 1-3, Yogyakarta, di kawasan Benteng Vredeburg. Taman ini memadukan tempat wisata rekreasi maupun edukasi dalam satu lokasi. Taman Pintar memiliki arena bermain sekaligus sarana edukasi yang terbagi dalam beberapa zona. Akses langsung kepada pusat buku eks Shopping Centre juga menambah nilai lebih Taman Pintar. Tempat rekreasi ini sangat baik untuk anak-anak pada masa perkembangan.\nBeberapa tahun ini Taman Pintar menjadi alternatif tempat berwisata bagi masyarakat Yogyakarta maupun luar kota.Taman ini, khususnya pada wahana pendidikan anak usia dini dilengkapi dengan teknologi interaktif digital serta pemetaan video yang akan memacu imajinasi anak serta ketertarikan mereka terhadap teknologi. Pada saat ini ada 35 zona dan 3.500 alat peraga permainan yang edukatif.",Taman Hiburan,Yogyakarta,6000,45.0,taman pintar yogyakarta bahasa jawa hanacaraka taman pintar ngayogyakarta wahana wisata pusat kota yogyakarta tepat jalan panembahan senopati no yogyakarta kawasan benteng vredeburg taman madu wisata rekreasi edukasi lokasi taman pintar milik arena main sarana edukasi bagi zona akses pusat buku eks shopping centre tambah nilai taman pintar rekreasi anak anak kembang nbeberapa tahun taman pintar alternatif wisata masyarakat yogyakarta kota taman wahana didik anak usia lengkap teknologi interaktif digital meta video pacu imajinasi anak tari teknologi zona alat aga main edukatif,taman pintar yogyakarta bahasa jawa hanacaraka taman pintar ngayogyakarta wahana wisata pusat kota yogyakarta tepat jalan panembahan senopati no yogyakarta kawasan benteng vredeburg taman madu wisata rekreasi edukasi lokasi taman pintar milik arena main sarana edukasi bagi zona akses pusat buku eks shopping centre tambah nilai taman pintar rekreasi anak anak kembang nbeberapa tahun taman pintar alternatif wisata masyarakat yogyakarta kota taman wahana didik anak usia lengkap teknologi interaktif digital meta video pacu imajinasi anak tari teknologi zona alat aga main edukatif taman hiburan yogyakarta,Kebun/Taman,60
86,Keraton Yogyakarta,"Keraton Ngayogyakarta Hadiningrat atau Keraton Yogyakarta (bahasa Jawa: ꦏꦫꦠꦺꦴꦤ꧀​ꦔꦪꦺꦴꦒꦾꦏꦂꦠ​ꦲꦢꦶꦤꦶꦔꦿꦠ꧀, translit. Karaton Ngayogyakarta Hadiningrat) merupakan istana resmi Kesultanan Ngayogyakarta Hadiningrat yang kini berlokasi di Kota Yogyakarta. Keraton ini didirikan oleh Sri Sultan Hamengkubuwana I pada tahun 1755 sebagai Istana/Keraton Yogyakarta yang baru berdiri akibat perpecahan Mataram Islam dengan adanya Perjanjian Giyanti. Keraton ini adalah pecahan dari Keraton Surakarta Hadiningrat dari Kesunanan Surakarta (Kerajaan Surakarta). Sehingga dinasti Mataram diteruskan oleh 2 Kerajaan yakni Kesultanan Yogyakarta dan Kesunanan Surakarta. Total luas wilayah keseluruhan keraton yogyakarta mencapai 184 hektar, yakni meliputi seluruh area di dalam benteng Baluwarti, alun-alun Lor, alun-alun Kidul, gapura Gladak, dan kompleks Masjid Gedhe Yogyakarta. Sementara luas dari kedhaton (inti keraton) mencapai 13 hektar. Walaupun Kesultanan Yogyakarta secara resmi telah menjadi bagian Republik Indonesia pada tahun 1945, kompleks bangunan keraton ini masih berfungsi sebagai tempat tinggal sultan dan rumah tangga istananya yang masih menjalankan tradisi kesultanan hingga saat ini. Keraton ini kini juga merupakan salah satu objek wisata di Kota Yogyakarta. Sebagian kompleks keraton merupakan museum yang menyimpan berbagai koleksi milik kesultanan, termasuk berbagai pemberian dari raja-raja Eropa, replika pusaka keraton, dan gamelan. Dari segi bangunannya, keraton ini merupakan salah satu contoh arsitektur istana Jawa yang terbaik, memiliki balairung-balairung mewah dan lapangan serta paviliun yang luas.",Budaya,Yogyakarta,15000,46.0,keraton ngayogyakarta hadiningrat keraton yogyakarta bahasa jawa translit karaton ngayogyakarta hadiningrat istana resmi sultan ngayogyakarta hadiningrat lokasi kota yogyakarta keraton diri sri sultan hamengkubuwana tahun istana keraton yogyakarta diri akibat pecah mataram islam janji giyanti keraton pecah keraton surakarta hadiningrat sunan surakarta raja surakarta dinasti mataram terus raja sultan yogyakarta sunan surakarta total luas wilayah keraton yogyakarta capai hektar liput area benteng baluwarti alun alun lor alun alun kidul gapura gladak kompleks masjid gedhe yogyakarta luas kedhaton inti keraton capai hektar sultan yogyakarta resmi republik indonesia tahun kompleks bangun keraton fungsi tinggal sultan rumah tangga istana jalan tradisi sultan keraton salah objek wisata kota yogyakarta kompleks keraton museum simpan koleksi milik sultan beri raja raja eropa replika pusaka keraton gamelan segi bangun keraton salah contoh arsitektur istana jawa baik milik balairung balairung mewah lapang paviliun luas,keraton ngayogyakarta hadiningrat keraton yogyakarta bahasa jawa translit karaton ngayogyakarta hadiningrat istana resmi sultan ngayogyakarta hadiningrat lokasi kota yogyakarta keraton diri sri sultan hamengkubuwana tahun istana keraton yogyakarta diri akibat pecah mataram islam janji giyanti keraton pecah keraton surakarta hadiningrat sunan surakarta raja surakarta dinasti mataram terus raja sultan yogyakarta sunan surakarta total luas wilayah keraton yogyakarta capai hektar liput area benteng baluwarti alun alun lor alun alun kidul gapura gladak kompleks masjid gedhe yogyakarta luas kedhaton inti keraton capai hektar sultan yogyakarta resmi republik indonesia tahun kompleks bangun keraton fungsi tinggal sultan rumah tangga istana jalan tradisi sultan keraton salah objek wisata kota yogyakarta kompleks keraton museum simpan koleksi milik sultan beri raja raja eropa replika pusaka keraton gamelan segi bangun keraton salah contoh arsitektur istana jawa baik milik balairung balairung mewah lapang paviliun luas budaya yogyakarta,Candi/Keraton,60
87,Sindu Kusuma Edupark (SKE),"Sindu Kusuma Edupark (SKE) merupakan sebuah destinasi rekreasi yang terletak di Jogjakarta. Di tujuh hektar kawasan taman yang selesai dibangun tahun 2014 ini, terdapat bermacam-macam wahana, baik wahana bermain maupun wahana belajar yang bisa dinikmati oleh semua anggota keluarga. Wahana yang paling terkenal dari SKE adalah bianglalanya, yang merupakan sebuah wahana bermain sekaligus ikon SKE sendiri. Bila Singapore memiliki Flyer setinggi 165 meter, sementara Malaysia punya Eye setinggi 88 meter, dan di Thailand ada Asiatique setinggi 60 meter, Indonesia memiliki Cakra Manggilingan dengan tinggi 48 meter. Di tingkat Asia Tenggara, bianglala ini memang mesti berpuas diri duduk di peringkat keenam sebagai bianglala tertinggi, tetapi di tingkat nasional, ia duduk di peringkat pertama.",Taman Hiburan,Yogyakarta,20000,42.0,sindu kusuma edupark ske destinasi rekreasi letak jogjakarta tujuh hektar kawasan taman selesai bangun tahun wahana wahana main wahana ajar nikmat anggota keluarga wahana kenal ske bianglala wahana main ikon ske singapore milik flyer meter malaysia eye meter thailand asiatique meter indonesia milik cakra manggilingan tinggi meter tingkat asia tenggara bianglala mesti puas duduk peringkat enam bianglala tinggi tingkat nasional duduk peringkat,sindu kusuma edupark ske destinasi rekreasi letak jogjakarta tujuh hektar kawasan taman selesai bangun tahun wahana wahana main wahana ajar nikmat anggota keluarga wahana kenal ske bianglala wahana main ikon ske singapore milik flyer meter malaysia eye meter thailand asiatique meter indonesia milik cakra manggilingan tinggi meter tingkat asia tenggara bianglala mesti puas duduk peringkat enam bianglala tinggi tingkat nasional duduk peringkat taman hiburan yogyakarta,Taman Hiburan,60
88,Museum Benteng Vredeburg Yogyakarta,"Museum Benteng Vredeburg (bahasa Jawa: ꦩꦸꦱꦶꦪꦸꦩ꧀​ꦧꦺꦠꦺꦁ​ꦮ꦳ꦽꦢꦼꦧꦸꦂꦒ꧀, translit. Musiyum Bètèng Vredeburg adalah sebuah benteng yang terletak di depan Gedung Agung dan Kraton Kesultanan Yogyakarta. Sekarang, benteng ini menjadi sebuah museum. Di sejumlah bangunan di dalam benteng ini terdapat diorama mengenai sejarah Indonesia.",Budaya,Yogyakarta,3000,46.0,museum benteng vredeburg bahasa jawa translit musiyum ng vredeburg benteng letak gedung agung kraton sultan yogyakarta benteng museum bangun benteng diorama sejarah indonesia,museum benteng vredeburg bahasa jawa translit musiyum ng vredeburg benteng letak gedung agung kraton sultan yogyakarta benteng museum bangun benteng diorama sejarah indonesia budaya yogyakarta,Museum,60
89,De Mata Museum Jogja,"Museum De Mata merupakan salah satu museum yang berisi lukisan 3D terbanyak di dunia. Jumlah lukisannya sekitar 120 dan setiap lukisan memiliki konsep dengan latar belakang yang terlihat seperti nyata. Ada beberapa ukuran lukisan yang ada di Museum De Mata dari ukuran biasa sampai mencapai 5 meter. Ada beberapa macam kategori lukisannya yaitu ornament, lanscape, olahraga, tokoh-tokoh terkenal, superhero, sampai lukisan sirkus. Museum ini didirikan untuk masyarakat menghabiskan liburan dengan menambah pengetahuan. Museum ini menawarkan banyak lukisan-lukisan yang unik misalnya terdapat lukisan dimana anda dapat merasakan keseruan berjalan di atas jembatan kayu yang dibawahnya terdapat jurang yang curam Atau berjuang untuk memadamkan semburanapi panas ari mulut naga, lukisan tersebut tampak seolah-olah nyata. Semua itu terdapat di dalam museum De Mata dengan hasil efek yang menipu mata.",Budaya,Yogyakarta,50000,44.0,museum de salah museum isi lukis dunia lukis lukis milik konsep latar ukur lukis museum de ukur capai meter kategori lukis ornament lanscape olahraga tokoh tokoh kenal superhero lukis sirkus museum diri masyarakat habis libur tambah tahu museum tawar lukis lukis unik lukis mana rasa seru jalan jembatan kayu bawah jurang curam juang madam semburanapi panas ari mulut naga lukis olah museum de hasil efek tipu,museum de salah museum isi lukis dunia lukis lukis milik konsep latar ukur lukis museum de ukur capai meter kategori lukis ornament lanscape olahraga tokoh tokoh kenal superhero lukis sirkus museum diri masyarakat habis libur tambah tahu museum tawar lukis lukis unik lukis mana rasa seru jalan jembatan kayu bawah jurang curam juang madam semburanapi panas ari mulut naga lukis olah museum de hasil efek tipu budaya yogyakarta,Museum,60
90,Kampung Wisata Taman Sari,"Taman Sari Yogyakarta atau Taman Sari Keraton Yogyakarta (Hanacaraka:ꦠꦩꦤ꧀ꦱꦫꦶꦔꦪꦺꦴꦒꦾꦏꦂꦡ, Tamansari Ngayogyakarta) adalah situs bekas taman atau kebun istana Keraton Ngayogyakarta Hadiningrat, yang dapat dibandingkan dengan Kebun Raya Bogor sebagai kebun Istana Bogor. Kebun ini dibangun pada zaman Sultan Hamengku Buwono I (HB I) pada tahun 1758-1765/9. Awalnya, taman yang mendapat sebutan ""The Fragrant Garden"" ini memiliki luas lebih dari 10 hektare dengan sekitar 57 bangunan baik berupa gedung, kolam pemandian, jembatan gantung, kanal air, maupun danau buatan beserta pulau buatan dan lorong bawah air. Kebun yang digunakan secara efektif antara 1765-1812 ini pada mulanya membentang dari barat daya kompleks Kedhaton sampai tenggara kompleks Magangan. Namun saat ini, sisa-sisa bagian Taman Sari yang dapat dilihat hanyalah yang berada di barat daya kompleks Kedhaton saja.",Taman Hiburan,Yogyakarta,5000,46.0,taman sari yogyakarta taman sari keraton yogyakarta hanacaraka tamansari ngayogyakarta situs bekas taman kebun istana keraton ngayogyakarta hadiningrat banding kebun raya bogor kebun istana bogor kebun bangun zaman sultan hamengku buwono hb tahun taman sebut the fragrant garden milik luas hektare bangun gedung kolam mandi jembatan gantung kanal air danau buat serta pulau buat lorong air kebun efektif bentang barat daya kompleks kedhaton tenggara kompleks magang sisa sisa taman sari barat daya kompleks kedhaton,taman sari yogyakarta taman sari keraton yogyakarta hanacaraka tamansari ngayogyakarta situs bekas taman kebun istana keraton ngayogyakarta hadiningrat banding kebun raya bogor kebun istana bogor kebun bangun zaman sultan hamengku buwono hb tahun taman sebut the fragrant garden milik luas hektare bangun gedung kolam mandi jembatan gantung kanal air danau buat serta pulau buat lorong air kebun efektif bentang barat daya kompleks kedhaton tenggara kompleks magang sisa sisa taman sari barat daya kompleks kedhaton taman hiburan yogyakarta,Kebun/Taman,60
91,Situs Warungboto,"Situs Warungboto atau Pesanggrahan Rejawinangun adalah salah satu bangunan cagar budaya yang terletak di Jalan Veteran No.77, Kelurahan Warungboto, Kecamatan Umbulharjo, Kota Yogyakarta, Daerah Istimewa Yogyakarta. Pada awalnya, situs ini merupakan lokasi sebuah pesanggrahan dan pemandian.",Taman Hiburan,Yogyakarta,0,44.0,situs warungboto pesanggrahan rejawinangun salah bangun cagar budaya letak jalan veteran no lurah warungboto camat umbulharjo kota yogyakarta daerah istimewa yogyakarta situs lokasi pesanggrahan mandi,situs warungboto pesanggrahan rejawinangun salah bangun cagar budaya letak jalan veteran no lurah warungboto camat umbulharjo kota yogyakarta daerah istimewa yogyakarta situs lokasi pesanggrahan mandi taman hiburan yogyakarta,Taman Hiburan,60
92,Nol Kilometer Jl.Malioboro,"Walaupun hanyalah sebuah persimpangan, namun persimpangan Titik 0 km ini bukanlah sebuah persimpangan biasa. Karena di persimpangan ini bisa dibilang sebagai titik tengah kota Jogja karena lokasinya yang benar-benar di depan Keraton Yogyakarta sebagai pendiri daerah yang istimewa ini. Terlebih lagi di sebelah utaranya adalah pusat keramaian wisata Jogja yaitu Jalan Malioboro, sehingga jika anda sedang nongkrong di persimpangan Titik Nol Kilometer ini benar-benar merasakan titik tengah Jogja yang begitu syahdu. Titik 0 Kilometer Yogyakarta memang tempat favorit wisatawan untuk menghabiskan waktu, terlebih pada sore hari dan malam hari yang setiap hari selalu ramai disesaki oleh para wisatawan yang sekedar hanya untuk nongkrong di dudukan yang banyak disediakan di sekitar perempatan.",Taman Hiburan,Yogyakarta,0,47.0,simpang simpang titik km simpang simpang bilang titik tengah kota jogja lokasi keraton yogyakarta diri daerah istimewa belah utara pusat ramai wisata jogja jalan malioboro nongkrong simpang titik nol kilometer rasa titik tengah jogja syahdu titik kilometer yogyakarta favorit wisatawan habis waktu sore malam ramai saki wisatawan dar nongkrong duduk sedia empat,simpang simpang titik km simpang simpang bilang titik tengah kota jogja lokasi keraton yogyakarta diri daerah istimewa belah utara pusat ramai wisata jogja jalan malioboro nongkrong simpang titik nol kilometer rasa titik tengah jogja syahdu titik kilometer yogyakarta favorit wisatawan habis waktu sore malam ramai saki wisatawan dar nongkrong duduk sedia empat taman hiburan yogyakarta,Taman Hiburan,60
93,Gembira Loka Zoo,"Kebun Binatang Gembira Loka biasa disebut Gembira Loka Zoo (disingkat GL Zoo, bahasa Jawa: ꦏꦼꦧꦺꦴꦤ꧀​ꦫꦗ​ꦒꦼꦩ꧀ꦧꦶꦫ​ꦭꦺꦴꦏ, translit. Kêbon Raja Gêmbira Loka) adalah kebun binatang yang berada di Kota Yogyakarta. Berisi berbagai macam spesies dari belahan dunia, seperti orang utan, gajah asia, simpanse, harimau, dan lain sebagainya. Kebun Binatang Gembira Loka menjadi daya tarik tersendiri bagi para wisatawan Yogyakarta. Gembira Loka Zoo sempat rusak parah akibat gempa bumi Yogyakarta tahun 2006. Tetapi, setelah direnovasi Kebun Binatang Gembira Loka tetap dicari para wisatawan.",Cagar Alam,Yogyakarta,60000,45.0,kebun binatang gembira loka gembira loka zoo singkat gl zoo bahasa jawa translit bon raja mbira loka kebun binatang kota yogyakarta isi spesies bahan dunia utan gajah asia simpanse harimau kebun binatang gembira loka daya tarik sendiri wisatawan yogyakarta gembira loka zoo rusak parah akibat gempa bumi yogyakarta tahun renovasi kebun binatang gembira loka cari wisatawan,kebun binatang gembira loka gembira loka zoo singkat gl zoo bahasa jawa translit bon raja mbira loka kebun binatang kota yogyakarta isi spesies bahan dunia utan gajah asia simpanse harimau kebun binatang gembira loka daya tarik sendiri wisatawan yogyakarta gembira loka zoo rusak parah akibat gempa bumi yogyakarta tahun renovasi kebun binatang gembira loka cari wisatawan cagar alam yogyakarta,Kebun/Taman,60
94,Sumur Gumuling,Sumur Gumuling adalah salah satu tempat untuk ibadah atau kegiatan agama pada masa lalu. Sumur Gumuling merupakan masjid pada zaman pemerintahan Sri Sultan Hamengkubuwana I dan II.,Taman Hiburan,Yogyakarta,7000,45.0,sumur gumuling salah ibadah giat agama sumur gumuling masjid zaman perintah sri sultan hamengkubuwana ii,sumur gumuling salah ibadah giat agama sumur gumuling masjid zaman perintah sri sultan hamengkubuwana ii taman hiburan yogyakarta,Taman Hiburan,60
95,Desa Wisata Sungai Code Jogja Kota,"Kampung Code berada di Kelurahan Kotabaru, Kecamatan Gondokusuman Kota Yogyakarta. Lokasi persisnya ada di RT 01/RW 01 di sebelah selatan jembatan Gondolayu di Jl Jenderal Sudirman atau di sebelah timur bantaran Kali Code yang membelah Kota Yogyakarta. Kampung Code terletak persis di bantaran Kali Code yang memanjang ke arah selatan dengan kontur tanah bertebing dari atas ke bawah. Di bagian atas yang mepet Jl Faridan M. Noto sebagian besar digunakan warga untuk usaha jasa/jual beli ban mobil. Sedangkan di bagian bawah menjadi tempat pemukiman warga. Kampung Code yang tadinya kampung biasa, menjelma menjadi sebuah karya seni berkat jasa seorang arsitek sekaligus pemuka agama katolik, Romo YB Manguwijaya.",Taman Hiburan,Yogyakarta,0,5.0,kampung code lurah kotabaru camat gondokusuman kota yogyakarta lokasi persis rt rw belah selatan jembatan gondolayu jl jenderal sudirman belah timur bantaran code belah kota yogyakarta kampung code letak persis bantaran code panjang arah selatan kontur tanah tebing mepet jl faridan noto warga usaha jasa jual beli ban mobil mukim warga kampung code kampung jelma karya seni berkat jasa arsitek muka agama katolik romo yb manguwijaya,kampung code lurah kotabaru camat gondokusuman kota yogyakarta lokasi persis rt rw belah selatan jembatan gondolayu jl jenderal sudirman belah timur bantaran code belah kota yogyakarta kampung code letak persis bantaran code panjang arah selatan kontur tanah tebing mepet jl faridan noto warga usaha jasa jual beli ban mobil mukim warga kampung code kampung jelma karya seni berkat jasa arsitek muka agama katolik romo yb manguwijaya taman hiburan yogyakarta,Danau/Sungai,60
96,Alun Alun Selatan Yogyakarta,"Alun-alun Selatan atau yang sekarang lebih dikenal sebagai Alun-alun Kidul (Alkid) yaitu alun-alun yang terletak di sebelah selatan karaton Yogyakarta. Alun-alun ini berbentuk tanah lapang luas berpasir, dengan luas sekitar 160m x 160 m. Alun-alun ini dikelilingi pagar tembok batu bata setinggi 2,20 m, tebal pagar tembok 30 cm, sudah banyak yang runtuh dan rusak. Adapun pagar tembok yang dapat disaksikan sekarang adalah pagar tembok baru, yang dibangun oleh Sri Sultan Hamengkubuwono ke VII pada masa pemerintahannya tahun 1877 -1921 M.",Taman Hiburan,Yogyakarta,0,46.0,alun alun selatan kenal alun alun kidul alkid alun alun letak belah selatan karaton yogyakarta alun alun bentuk tanah lapang luas pasir luas alun alun keliling pagar tembok batu bata tebal pagar tembok cm runtuh rusak pagar tembok saksi pagar tembok bangun sri sultan hamengkubuwono vii perintah tahun,alun alun selatan kenal alun alun kidul alkid alun alun letak belah selatan karaton yogyakarta alun alun bentuk tanah lapang luas pasir luas alun alun keliling pagar tembok batu bata tebal pagar tembok cm runtuh rusak pagar tembok saksi pagar tembok bangun sri sultan hamengkubuwono vii perintah tahun taman hiburan yogyakarta,Alun-alun,60
97,Monumen Yogya Kembali,"Museum Monumen Yogya Kembali (bahasa Jawa: ꦩꦺꦴꦤꦸꦩꦺꦤ꧀​ꦪꦺꦴꦒꦾ​ꦏꦼꦩ꧀ꦧꦭꦶ, translit. Monumèn Yogya Kembali) biasa dikenal sebagai Monumen Jogja Kembali disingkat Monjali adalah sebuah museum sejarah perjuangan kemerdekaan Indonesia yang ada di Daerah Istimewa Yogyakarta dan dikelola oleh Kementerian Pariwisata dan Ekonomi Kreatif. Museum yang berada di bagian utara kota ini banyak dikunjungi oleh para pelajar dalam acara darmawisata.\n\nMuseum monumen dengan bentuk kerucut ini terdiri dari 3 lantai dan dilengkapi dengan ruang perpustakaan serta ruang serbaguna. Pada rana pintu masuk dituliskan sejumlah 422 nama pahlawan yang gugur di daerah Wehrkreise III (RIS) antara tanggal 19 Desember 1948 sampai dengan 29 Juni 1949. Dalam 4 ruang museum di lantai 1 terdapat benda-benda koleksi: relief, replika, foto, dokumen, heraldika, berbagai jenis senjata, bentuk evokatif dapur umum dalam suasana perang kemerdekaan 1945-1949. Tandu dan dokar (kereta kuda) yang pernah dipergunakan oleh Panglima Besar Jenderal Soedirman juga disimpan di sini (di ruang museum nomor 2). Monumen Yogya Kembali beralamat di Jl. Ring Road Utara, Kabupaten Sleman, Daerah Istimewa Yogyakarta.",Budaya,Yogyakarta,15000,45.0,museum monumen yogya bahasa jawa translit monum yogya kenal monumen jogja singkat monjali museum sejarah juang merdeka indonesia daerah istimewa yogyakarta kelola menteri pariwisata ekonomi kreatif museum utara kota kunjung ajar acara darmawisata nmuseum monumen bentuk kerucut lantai lengkap ruang pustaka ruang serbaguna rana pintu tulis nama pahlawan gugur daerah wehrkreise iii ris tanggal desember juni ruang museum lantai benda benda koleksi relief replika foto dokumen heraldika jenis senjata bentuk evokatif dapur umum suasana perang merdeka tandu dokar kereta kuda panglima jenderal soedirman simpan ruang museum nomor monumen yogya alamat jl ring road utara kabupaten sleman daerah istimewa yogyakarta,museum monumen yogya bahasa jawa translit monum yogya kenal monumen jogja singkat monjali museum sejarah juang merdeka indonesia daerah istimewa yogyakarta kelola menteri pariwisata ekonomi kreatif museum utara kota kunjung ajar acara darmawisata nmuseum monumen bentuk kerucut lantai lengkap ruang pustaka ruang serbaguna rana pintu tulis nama pahlawan gugur daerah wehrkreise iii ris tanggal desember juni ruang museum lantai benda benda koleksi relief replika foto dokumen heraldika jenis senjata bentuk evokatif dapur umum suasana perang merdeka tandu dokar kereta kuda panglima jenderal soedirman simpan ruang museum nomor monumen yogya alamat jl ring road utara kabupaten sleman daerah istimewa yogyakarta budaya yogyakarta,Budaya,60
98,Taman Pelangi Yogyakarta,"Taman Pelangi Yogyakarta merupakan tempat wisata malam yang menampilkan warna-warni lampu lampion, sehingga terlihat seperti pelangi. Taman wisata ini terletak di Jalan Padjajaran (sebelumnya bernama Jalan Ring Road Utara), dan berada di lokasi Museum Monumen Yogya Kembali (Monumen Jogja Kembali) Yogyakarta. Taman Pelangi memiliki lebih dari 20 jenis permainan, 25 stand makan dan stand minum. Taman pelangi ini bisa dinikmati dari sore sampai malam, atau dari jam 17.00 sampai jam 23.00. Malam hari anda akan terasa lengkap dan sempurna di Taman Pelangi dengan banyaknya lampion yang menyala memberikan kesan yang menarik untuk menenangkan pikiran.",Taman Hiburan,Yogyakarta,15000,43.0,taman pelangi yogyakarta wisata malam tampil warna warni lampu lampion pelangi taman wisata letak jalan padjajaran nama jalan ring road utara lokasi museum monumen yogya monumen jogja yogyakarta taman pelangi milik jenis main stand makan stand minum taman pelangi nikmat sore malam jam jam malam lengkap sempurna taman pelangi banyak lampion nyala kesan tarik tenang pikir,taman pelangi yogyakarta wisata malam tampil warna warni lampu lampion pelangi taman wisata letak jalan padjajaran nama jalan ring road utara lokasi museum monumen yogya monumen jogja yogyakarta taman pelangi milik jenis main stand makan stand minum taman pelangi nikmat sore malam jam jam malam lengkap sempurna taman pelangi banyak lampion nyala kesan tarik tenang pikir taman hiburan yogyakarta,Kebun/Taman,60
99,Kampung Wisata Kadipaten,Kampung Wisata Kadipaten secaara kewilayahan berada di Kelurahan Kadipaten Kecamatan Kraton. Keberadaannya juga berfungsi sebagai penyangga obyek wisata Kraton Kasultanan Yogyakarta. Sesuai dengan potensi yang ada Kampung Wisata Kadipaten kemudian mengangkat tema “Art and Heritage Turism” sebagai brandinngnya. Kawasan kampung wisata ini menjadi sangat unik dan spesifik karena disana banyak terdapat bangunan situs cagar busaya terutama bangunan Dalem Pangeran. Nama Kadipaten sendiri konon berasal dari nama kawasan yang disana banyak terdapat bangunan situs cagar budaya terutama bangunan Dalem Pangeran. Nama Kadipaten konon berasal dari nama kawasan yang disana banyak ditinggali oleh kerabat Kraton yang sekaligus sebagai pengagung Kraton.,Budaya,Yogyakarta,0,44.0,kampung wisata kadipaten secaara wilayah lurah kadipaten camat kraton ada fungsi sangga obyek wisata kraton kasultanan yogyakarta sesuai potensi kampung wisata kadipaten angkat tema art and heritage turism brandinngnya kawasan kampung wisata unik spesifik sana bangun situs cagar busaya bangun dalem pangeran nama kadipaten konon asal nama kawasan sana bangun situs cagar budaya bangun dalem pangeran nama kadipaten konon asal nama kawasan sana tinggal kerabat kraton agung kraton,kampung wisata kadipaten secaara wilayah lurah kadipaten camat kraton ada fungsi sangga obyek wisata kraton kasultanan yogyakarta sesuai potensi kampung wisata kadipaten angkat tema art and heritage turism brandinngnya kawasan kampung wisata unik spesifik sana bangun situs cagar busaya bangun dalem pangeran nama kadipaten konon asal nama kawasan sana bangun situs cagar budaya bangun dalem pangeran nama kadipaten konon asal nama kawasan sana tinggal kerabat kraton agung kraton budaya yogyakarta,Budaya,60
100,Taman Budaya Yogyakarta,"Taman Budaya Yogyakarta (TBY) (Hanacaraka:ꦠꦩꦤ꧀​ꦧꦸꦢꦪ​ꦔꦪꦺꦴꦒꦾꦏꦂꦠ, bahasa Jawa: Taman Budaya Ngayogyakarta) adalah sarana wisata yang terletak di Jalan Sri Wedani No 1, Yogyakarta. TBY memiliki kompleks gedung yang berfungsi sebagai tempat pameran, pertunjukan, dan berbagai kegiatan seni lainnya. TBY merupakan Unit Pelaksana Teknis Dinas (UPTD) pada Dinas Kebudayaan Provinsi Daerah Istimewa Yogyakarta. Fungsi dari TBY adalah sebagai pusat budaya termasuk di dalamnya pengembangan dan pengolahan pusat dokumentasi, etalase, dan informasi seni budaya dan pariwisata._x000D_",Budaya,Yogyakarta,0,45.0,taman budaya yogyakarta tby hanacaraka bahasa jawa taman budaya ngayogyakarta sarana wisata letak jalan sri wedani no yogyakarta tby milik kompleks gedung fungsi pamer tunjuk giat seni tby unit laksana teknis dinas uptd dinas budaya provinsi daerah istimewa yogyakarta fungsi tby pusat budaya dalam kembang olah pusat dokumentasi etalase informasi seni budaya pariwisata,taman budaya yogyakarta tby hanacaraka bahasa jawa taman budaya ngayogyakarta sarana wisata letak jalan sri wedani no yogyakarta tby milik kompleks gedung fungsi pamer tunjuk giat seni tby unit laksana teknis dinas uptd dinas budaya provinsi daerah istimewa yogyakarta fungsi tby pusat budaya dalam kembang olah pusat dokumentasi etalase informasi seni budaya pariwisata budaya yogyakarta,Kebun/Taman,60
101,Kampung Wisata Sosro Menduran,"Kampung wisata Sosromenduran merupakan kampung wisata yang sangat unik karena berbasis multi culture, akomodasi dan belanja sekaligus berfungsi sebagai penyangga kawasan Objek Wisata Malioboro. Secara kewilayahan kampung wisata sosromenduran berada di Kelurahan Sosromenduran Kecamatan Gedongtengen. Letaknya sangat strategis karena berada disamping dikawasan Malioboro juga sangat dekat dengan Stasiun Kereta Api Tugu serta banyak terdapat fasilitas kepariwisataan baik hotel, homestay, warung dan restoran, travel, money changer, coffee, rental mobil, sepeda motor bahkan sepeda ontel dan yang sangat menarik di kampung wisata Sosromenduran juga terdapat banyak produsen souvenir kaos oblong yang juga banyak dijual di sepanjang jalan malioboro",Budaya,Yogyakarta,0,4.0,kampung wisata sosromenduran kampung wisata unik bas multi culture akomodasi belanja fungsi sangga kawasan objek wisata malioboro wilayah kampung wisata sosromenduran lurah sosromenduran camat gedongtengen letak strategis samping kawasan malioboro stasiun kereta api tugu fasilitas pariwisata hotel homestay warung restoran travel money changer coffee rental mobil sepeda motor sepeda ontel tarik kampung wisata sosromenduran produsen souvenir kaos oblong jual jalan malioboro,kampung wisata sosromenduran kampung wisata unik bas multi culture akomodasi belanja fungsi sangga kawasan objek wisata malioboro wilayah kampung wisata sosromenduran lurah sosromenduran camat gedongtengen letak strategis samping kawasan malioboro stasiun kereta api tugu fasilitas pariwisata hotel homestay warung restoran travel money changer coffee rental mobil sepeda motor sepeda ontel tarik kampung wisata sosromenduran produsen souvenir kaos oblong jual jalan malioboro budaya yogyakarta,Budaya,60
102,Monumen Batik Yogyakarta,"Perhatian pemerintah megenai kebudayan batik ini sangat besar, hal ini dikarenakan kebudayaannya bersinggungan langsung dengan masyarakat Jawa. Memperingati Hari Batik Nasional pada hari ini, traveler bisa berjalan-jalan ke monumen batik yang ada di Jogja. Perhatian pemerintah megenai kebudayan batik ini sangat besar, hal ini dikarenakan kebudayaannya bersinggungan langsung dengan masyarakat Jawa. Memperingati Hari Batik Nasional pada hari ini, traveler bisa berjalan-jalan ke monumen batik yang ada di Jogja.",Budaya,Yogyakarta,40000,45.0,perhati perintah megenai kebudayan batik budaya singgung masyarakat jawa ingat batik nasional traveler jalan jalan monumen batik jogja perhati perintah megenai kebudayan batik budaya singgung masyarakat jawa ingat batik nasional traveler jalan jalan monumen batik jogja,perhati perintah megenai kebudayan batik budaya singgung masyarakat jawa ingat batik nasional traveler jalan jalan monumen batik jogja perhati perintah megenai kebudayan batik budaya singgung masyarakat jawa ingat batik nasional traveler jalan jalan monumen batik jogja budaya yogyakarta,Budaya,60
103,Tugu Pal Putih Jogja,"Tugu Yogyakarta (Jawa: , Tugu Ngayogyakarta) adalah sebuah landmark bersejarah yang penting di kota Yogyakarta, Indonesia. Tugu berarti tugu, yang biasanya dibangun sebagai simbol suatu kawasan yang mengkonseptualisasikan ciri-ciri kawasan tersebut. Karena latar belakang sejarahnya, Tugu Yogyakarta telah menjadi ikon sejarah kota. Tugu Yogyakarta terletak tepat di tengah persimpangan antara Jalan Mangkubumi, Jalan Sudirman, Jalan A.M Sangaji, dan Jalan Dipenogoro kota._x000D_",Taman Hiburan,Yogyakarta,0,47.0,tugu yogyakarta jawa tugu ngayogyakarta landmark sejarah kota yogyakarta indonesia tugu tugu bangun simbol kawasan konseptualisasi ciri ciri kawasan latar sejarah tugu yogyakarta ikon sejarah kota tugu yogyakarta letak tengah simpang jalan mangkubumi jalan sudirman jalan sangaji jalan dipenogoro kota,tugu yogyakarta jawa tugu ngayogyakarta landmark sejarah kota yogyakarta indonesia tugu tugu bangun simbol kawasan konseptualisasi ciri ciri kawasan latar sejarah tugu yogyakarta ikon sejarah kota tugu yogyakarta letak tengah simpang jalan mangkubumi jalan sudirman jalan sangaji jalan dipenogoro kota taman hiburan yogyakarta,Taman Hiburan,60
104,Tebing Breksi,"Tebing Breksi merupakan tempat wisata yang berada di wilayah Kabupaten Sleman. Lokasinya berada di sebelah selatan Candi Prambanan dan berdekatan dengan Candi Ijo serta Kompleks Keraton Boko. Lokasi Wisata Tebing Breksi tepatnya berada di Desa Sambirejo, Prambanan, Kabupaten Sleman, Daerah Istimewa Yogyakarta 55572.",Budaya,Yogyakarta,20000,44.0,tebing breksi wisata wilayah kabupaten sleman lokasi belah selatan candi prambanan dekat candi ijo kompleks keraton boko lokasi wisata tebing breksi tepat desa sambirejo prambanan kabupaten sleman daerah istimewa yogyakarta,tebing breksi wisata wilayah kabupaten sleman lokasi belah selatan candi prambanan dekat candi ijo kompleks keraton boko lokasi wisata tebing breksi tepat desa sambirejo prambanan kabupaten sleman daerah istimewa yogyakarta budaya yogyakarta,Budaya,60
105,Candi Donotirto,"Walaupun melekat dengan kata candi, Candi Donotirto bukanlah peninggalan jaman Hindu-Buddha di Yogyakarta. Tempat ini dibangun oleh pemerintah Belanda. Ada dua bagian, yaitu bagian barat untuk kaum adam dan bagian timur untuk kaum hawa. Masing-masing dialiri oleh 5 buah pancuran air yang bersumber dari Sungai Winogo, berarti ada 10 buah pancuran di sana. Hingga kini, tempat ini tetap dirawat oleh warga sekitar walaupun digunakan sebagai WC umum. Oleh karenanya, janganlah berat tangan untuk menyisihkan uang Anda sebagai ganti biaya perawatan dan kebersihan tempat ini.",Budaya,Yogyakarta,0,44.0,lekat candi candi donotirto tinggal jaman hindu buddha yogyakarta bangun perintah belanda barat kaum adam timur kaum hawa alir buah pancur air sumber sungai winogo buah pancur rawat warga wc umum berat tangan sisih uang ganti biaya awat bersih,lekat candi candi donotirto tinggal jaman hindu buddha yogyakarta bangun perintah belanda barat kaum adam timur kaum hawa alir buah pancur air sumber sungai winogo buah pancur rawat warga wc umum berat tangan sisih uang ganti biaya awat bersih budaya yogyakarta,Candi/Keraton,60
106,Kawasan Malioboro,"Jalan Malioboro adalah nama salah satu kawasan jalan dari tiga jalan di Kota Yogyakarta yang membentang dari Tugu Yogyakarta hingga ke perempatan Kantor Pos Yogyakarta. Secara keseluruhan terdiri dari Jalan Margo Utomo, Jalan Malioboro, dan Jalan Margo Mulyo. Jalan ini merupakan poros Garis Imajiner Kraton Yogyakarta.",Taman Hiburan,Yogyakarta,0,48.0,jalan malioboro nama salah kawasan jalan jalan kota yogyakarta bentang tugu yogyakarta empat kantor pos yogyakarta jalan margo utomo jalan malioboro jalan margo mulyo jalan poros garis imajiner kraton yogyakarta,jalan malioboro nama salah kawasan jalan jalan kota yogyakarta bentang tugu yogyakarta empat kantor pos yogyakarta jalan margo utomo jalan malioboro jalan margo mulyo jalan poros garis imajiner kraton yogyakarta taman hiburan yogyakarta,Taman Hiburan,60
107,Bangsal Pagelaran,"Bangunan utama adalah Bangsal Pagelaran yang dahulu dikenal dengan nama Tratag Rambat. Pada zamannya Pagelaran merupakan tempat para penggawa kesultanan menghadap Sultan pada upacara resmi. Sekarang sering digunakan untuk even-even pariwisata, religi, dan lain-lain disamping untuk upacara adat keraton. Sepasang Bangsal Pemandengan terletak di sisi jauh sebelah timur dan barat Pagelaran. Dahulu tempat ini digunakan oleh Sultan untuk menyaksikan latihan perang di Alun-alun Lor._x000D_",Budaya,Yogyakarta,5000,46.0,bangun utama bangsal pagelaran kenal nama tratag rambat zaman pagelaran penggawa sultan hadap sultan upacara resmi even even pariwisata religi samping upacara adat keraton pasang bangsal pemandengan letak sisi belah timur barat pagelaran sultan saksi latih perang alun alun lor,bangun utama bangsal pagelaran kenal nama tratag rambat zaman pagelaran penggawa sultan hadap sultan upacara resmi even even pariwisata religi samping upacara adat keraton pasang bangsal pemandengan letak sisi belah timur barat pagelaran sultan saksi latih perang alun alun lor budaya yogyakarta,Budaya,60
108,Embung Tambakboyo,"Embung atau waduk Tambakboyo adalah konservasi air yang terletak di Dusun Tambakboyo, Kecamatan Depok, Kabupaten Sleman, Yogyakarta. Waduk ini memanfaatkan sumber air dari sungai Tambak Bayan dan sungai Buntung dengan luasan 7,8 ha. Waduk ini dibangun sejak tahun 2003 hingga 2008 dan diresmikan setahun kemudian.",Taman Hiburan,Yogyakarta,0,44.0,embung waduk tambakboyo konservasi air letak dusun tambakboyo camat depok kabupaten sleman yogyakarta waduk manfaat sumber air sungai tambak bayan sungai buntung luas ha waduk bangun tahun resmi tahun,embung waduk tambakboyo konservasi air letak dusun tambakboyo camat depok kabupaten sleman yogyakarta waduk manfaat sumber air sungai tambak bayan sungai buntung luas ha waduk bangun tahun resmi tahun taman hiburan yogyakarta,Taman Hiburan,60
109,Hutan Pinus Pengger,"Hutan Pinus Pengger (bahasa Jawa: ꦄꦭꦱ꧀​ꦥꦶꦤꦸꦱ꧀​ꦥꦼꦁ​ꦒꦼꦂ​, translit. Alas Pinus​ Pěnggěr) merupakan salah satu objek wisata andalan Kabupaten Bantul. Wisata alam ini berlokasi di Sendangsari, Desa Terong, Kec. Dlingo, Kabupaten Bantul, Daerah Istimewa Yogyakarta.\nHutan Pinus Pengger mudah dijangkau karena terletak dipinggir jalan Patuk-Dlingo km 4,5.\nWalaupun masih terdengar asing, dikalangan penyuka jalan-jalan objek wisata, Hutan Pinus Pengger terbilang cukup populer . Tempat ini masih dirasa asing karena baru dibuka secara resmi pada tanggal 7 April 2016. Hutan Pinus ini sangat digemari oleh para pencipta objek wisata, karena objek wisata ini menyuguhkan pemandangan alam yang sangat indah.",Taman Hiburan,Yogyakarta,3000,45.0,hutan pinus pengger bahasa jawa translit alas pinus ngg salah objek wisata andal kabupaten bantul wisata alam lokasi sendangsari desa terong kec dlingo kabupaten bantul daerah istimewa yogyakarta nhutan pinus pengger mudah jangkau letak pinggir jalan patuk dlingo km nwalaupun dengar asing kalang suka jalan jalan objek wisata hutan pinus pengger bilang populer rasa asing buka resmi tanggal april hutan pinus gari cipta objek wisata objek wisata suguh pandang alam indah,hutan pinus pengger bahasa jawa translit alas pinus ngg salah objek wisata andal kabupaten bantul wisata alam lokasi sendangsari desa terong kec dlingo kabupaten bantul daerah istimewa yogyakarta nhutan pinus pengger mudah jangkau letak pinggir jalan patuk dlingo km nwalaupun dengar asing kalang suka jalan jalan objek wisata hutan pinus pengger bilang populer rasa asing buka resmi tanggal april hutan pinus gari cipta objek wisata objek wisata suguh pandang alam indah taman hiburan yogyakarta,Kebun/Taman,60
110,Monumen Serangan Umum 1 Maret,"Monumen Serangan Umum 1 Maret berada di area sekitar Museum Benteng Vredeburg yaitu tepat di depan Kantor Pos Besar Yogyakarta. Monumen ini dibangun untuk memperingati serangan tentara Indonesia terhadap Belanda pada tanggal 1 Maret 1949. Ketika itu Negara Indonesia telah dianggap lumpuh dan tidak ada oleh Belanda. Untuk membuktikan bahwa Negara Indonesia masih ada maka dilakukan serangan besar-besaran. Serangan ini dilakukan oleh Tentara Nasional Indonesia (TNI) yang dipimpin oleh Letnan Kolonel Soeharto, Komandan Brigade 10 daerah Wehrkreise III.",Taman Hiburan,Yogyakarta,3000,46.0,monumen serang umum maret area museum benteng vredeburg kantor pos yogyakarta monumen bangun ingat serang tentara indonesia belanda tanggal maret negara indonesia anggap lumpuh belanda bukti negara indonesia serang besar serang tentara nasional indonesia tni pimpin letnan kolonel soeharto komandan brigade daerah wehrkreise iii,monumen serang umum maret area museum benteng vredeburg kantor pos yogyakarta monumen bangun ingat serang tentara indonesia belanda tanggal maret negara indonesia anggap lumpuh belanda bukti negara indonesia serang besar serang tentara nasional indonesia tni pimpin letnan kolonel soeharto komandan brigade daerah wehrkreise iii taman hiburan yogyakarta,Taman Hiburan,60
111,Puncak Pinus Becici,"Puncak Pinus Becici atau Puncak Becici merupakan objek wisata yang berada di Desa Muntuk, Kecamatan Dlingo, Kabupaten Bantul, Yogyakarta. Pemandangan di kawasan ini sangat indah dengan hamparan perbukitan yang banyak di tumbuhi pohon pinus serta dapat melihat pesona Kota Yogyakarta dari ketinggian dengan gardu pandang. Dari bagian utara dapat melihat Candi Prambanan, bagian selatan terlihat garis lurus yang merupakan Pantai Selatan serta dapat melihat Gunung Merapi dan Gunung Sindoro.",Taman Hiburan,Yogyakarta,3000,45.0,puncak pinus becici puncak becici objek wisata desa muntuk camat dlingo kabupaten bantul yogyakarta pandang kawasan indah hampar bukit tumbuh pohon pinus pesona kota yogyakarta tinggi gardu pandang utara candi prambanan selatan garis lurus pantai selatan gunung rapi gunung sindoro,puncak pinus becici puncak becici objek wisata desa muntuk camat dlingo kabupaten bantul yogyakarta pandang kawasan indah hampar bukit tumbuh pohon pinus pesona kota yogyakarta tinggi gardu pandang utara candi prambanan selatan garis lurus pantai selatan gunung rapi gunung sindoro taman hiburan yogyakarta,Gunung/Bukit,60
112,Bukit Bintang Yogyakarta,"Bukit Bintang merupakan salah satu lokasi nongkrong favorit di Yogyakarta. Saat malam tiba, pemandangan Yogyakarta sangatlah indah!Terletak di perbatasan Bantul dan Gunungkidul, siapa pun yang berkunjung ke kawasan ini dapat menikmati taburan gemintang di langit malam serta kerlip benderang lampu kota dari ketinggian.Kota ini memiliki Bukit Bintang yang selalu ramai dipadati kawula muda untuk menikmati keindahan malam. Bukit Bintang menjadi tempat yang sempurna untuk menikmati senja hingga malam tiba._x000D_",Taman Hiburan,Yogyakarta,25000,45.0,bukit bintang salah lokasi nongkrong favorit yogyakarta malam pandang yogyakarta indah letak batas bantul gunungkidul kunjung kawasan nikmat tabur gemintang langit malam kerlip benderang lampu kota tinggi kota milik bukit bintang ramai padat kawula muda nikmat indah malam bukit bintang sempurna nikmat senja malam,bukit bintang salah lokasi nongkrong favorit yogyakarta malam pandang yogyakarta indah letak batas bantul gunungkidul kunjung kawasan nikmat tabur gemintang langit malam kerlip benderang lampu kota tinggi kota milik bukit bintang ramai padat kawula muda nikmat indah malam bukit bintang sempurna nikmat senja malam taman hiburan yogyakarta,Gunung/Bukit,60
113,Gedung Agung Yogyakarta,"Istana Yogyakarta yang dikenal dengan nama Gedung Agung (bahasa Jawa: ꦒꦼꦝꦺꦴꦁ​ꦄꦒꦼꦁ, translit. Gedhong Ageng) terletak di pusat keramaian kota, tepatnya di ujung selatan Jalan Ahmad Yani dahulu dikenal dengan Jalan Margomulyo. Kawasan istana terletak di Kelurahan Ngupasan, Kecamatan Gondomanan, Kota Yogyakarta, dan berada pada ketinggian 120 m dari permukaan laut. Kompleks istana ini menempati lahan seluas 43.585 m².",Budaya,Yogyakarta,0,46.0,istana yogyakarta kenal nama gedung agung bahasa jawa translit gedhong ageng letak pusat ramai kota tepat ujung selatan jalan ahmad yani kenal jalan margomulyo kawasan istana letak lurah ngupasan camat gondomanan kota yogyakarta tinggi muka laut kompleks istana tempat lahan luas,istana yogyakarta kenal nama gedung agung bahasa jawa translit gedhong ageng letak pusat ramai kota tepat ujung selatan jalan ahmad yani kenal jalan margomulyo kawasan istana letak lurah ngupasan camat gondomanan kota yogyakarta tinggi muka laut kompleks istana tempat lahan luas budaya yogyakarta,Budaya,60
114,The Lost World Castle,"The Lost World Castle merupakan salah satu objek wisata di kawasan lereng Gunung Merapi yang terletak di Dusun Petung, Desa Kepuharjo Cangkringan, Sleman, Daerah Istimewa Yogyakarta, Indonesia. Objek wisata ini dibangun menyerupai Benteng Takeshi dan dibangun di atas lahan 1,3 hektare pada tahun 2016.Pengunjung yang ingin memasuki kawasan The Lost World Castle akan dikenakan biaya sebesar Rp 25.000 tiap orang dan belum termasuk biaya parkir. Biaya parkir mobil sebesar Rp5.000,00, sementara biaya parkir untuk sepeda motor sebesar Rp2.000,00.",Taman Hiburan,Yogyakarta,30000,43.0,the lost world castle salah objek wisata kawasan lereng gunung rapi letak dusun tung desa kepuharjo cangkring sleman daerah istimewa yogyakarta indonesia objek wisata bangun rupa benteng takeshi bangun lahan hektare tahun unjung pasuk kawasan the lost world castle kena biaya rp biaya parkir biaya parkir mobil rp biaya parkir sepeda motor rp,the lost world castle salah objek wisata kawasan lereng gunung rapi letak dusun tung desa kepuharjo cangkring sleman daerah istimewa yogyakarta indonesia objek wisata bangun rupa benteng takeshi bangun lahan hektare tahun unjung pasuk kawasan the lost world castle kena biaya rp biaya parkir biaya parkir mobil rp biaya parkir sepeda motor rp taman hiburan yogyakarta,Taman Hiburan,60
115,Monumen Sanapati,"Monumen Sanapati dibangun untuk memeringati 50 tahun persandian Indonesia di Yogyakarta. Persandian di Yogyakarta memiliki andil yang besar dalam mempertahankan kemerdekaan Negara Indonesia. Tercatat pada peristiwa Serangan Umum 1 Maret 1949, sandi buatan Roebiono masih digunakan untuk menyebarkan pesan pada dunia bahwa Indonesia masih ada dan masih bisa melawan. Selanjutnya, peristiwa tersebut dikenal dengan Peristiwa 6 jam di Yogyakarta. Monumen Sanapati terletak di kawasan Kotabaru, tepatnya di tengah persimpangan Jalan Abu Bakar Ali, di taman depan Gereja Santo Antonius. Bangunan Monumen Sanapati berbentuk segitiga berujung lancip menyerupai piramida dengan tinggi 3 meter dan lebar 2,5 meter. Monumen tersebut didesain oleh Drs Kasman dan diresmikan oleh Menteri Sekretaris Negara Republik Indonesia saat itu, Moerdiono, pada 4 April 1996, tepat pada Hari Persandian Indonesia. Pembangunan monument membutuhkan waktu satu bulan dan memakan biaya sebesar 25 juta rupiah.",Budaya,Yogyakarta,15000,43.0,monumen sanapati bangun ingat tahun sandi indonesia yogyakarta sandi yogyakarta milik andil tahan merdeka negara indonesia catat peristiwa serang umum maret sandi buat roebiono sebar pesan dunia indonesia lawan peristiwa kenal peristiwa jam yogyakarta monumen sanapati letak kawasan kotabaru tepat tengah simpang jalan abu bakar ali taman gereja santo antonius bangun monumen sanapati bentuk segitiga ujung lancip rupa piramida tinggi meter lebar meter monumen desain drs kasman resmi menteri sekretaris negara republik indonesia moerdiono april sandi indonesia bangun monument butuh waktu makan biaya juta rupiah,monumen sanapati bangun ingat tahun sandi indonesia yogyakarta sandi yogyakarta milik andil tahan merdeka negara indonesia catat peristiwa serang umum maret sandi buat roebiono sebar pesan dunia indonesia lawan peristiwa kenal peristiwa jam yogyakarta monumen sanapati letak kawasan kotabaru tepat tengah simpang jalan abu bakar ali taman gereja santo antonius bangun monumen sanapati bentuk segitiga ujung lancip rupa piramida tinggi meter lebar meter monumen desain drs kasman resmi menteri sekretaris negara republik indonesia moerdiono april sandi indonesia bangun monument butuh waktu makan biaya juta rupiah budaya yogyakarta,Budaya,60
116,Jurang Tembelan Kanigoro,"Jurang Tembelan Kanigoro berada di Desa Wisata Mangunan, Dlingo, Bantul. Familiar dengan Desa Mangunan, bukan? Kawasan ini memang memiliki tempat wisata bagus yang murah. Termasuk Jurang Tembelan Kanigoro yang berada tidak jauh dari Kebun Buah Mangunan atau Bukit Panguk Kediwung. Dari Jogja, arahkan kendaraan menuju Jalan Imogiri Timur, setelah sampai di pertigaan dekat Pasar Imogiri ikuti arah menuju Mangunan. Untuk menuju ke sana, cek terlebih dahulu kondisi kendaraan. Jalanan yang naik turun serta tikungan tajam, harus diwaspadai. Bagi yang menggunakan kendaraan besar seperti bus, diharapkan memutar melewati Bukit Bintang Gunung Kidul. Selain itu, selalu berhati-hati dan tetap fokus selama berkendara.",Taman Hiburan,Yogyakarta,2500,45.0,jurang tembel kanigoro desa wisata mangun dlingo bantul familiar desa mangun kawasan milik wisata bagus murah jurang tembel kanigoro kebun buah mangun bukit panguk kediwung jogja arah kendara jalan imogiri timur tiga pasar imogiri ikut arah mangun cek kondisi kendara jalan turun tikung tajam waspada kendara bus harap putar lewat bukit bintang gunung kidul hati hati fokus kendara,jurang tembel kanigoro desa wisata mangun dlingo bantul familiar desa mangun kawasan milik wisata bagus murah jurang tembel kanigoro kebun buah mangun bukit panguk kediwung jogja arah kendara jalan imogiri timur tiga pasar imogiri ikut arah mangun cek kondisi kendara jalan turun tikung tajam waspada kendara bus harap putar lewat bukit bintang gunung kidul hati hati fokus kendara taman hiburan yogyakarta,Taman Hiburan,60
117,The World Landmarks - Merapi Park Yogyakarta,"Merapi Park merupakan salah satu tempat wisata di Yogyakarta yang terletak di Jalan Kaliurang km 22, Hargobinangun, Kecamatan Pakem, Kabupaten Sleman. Pengoperasian Merapi Park dimulai sejak tanggal 25 Juni 2017. Fasilitas yang tersedia meliputi tempat pengambilan foto",Taman Hiburan,Yogyakarta,22000,42.0,rapi park salah wisata yogyakarta letak jalan kaliurang km hargobinangun camat pakem kabupaten sleman operasi rapi park tanggal juni fasilitas sedia liput ambil foto,rapi park salah wisata yogyakarta letak jalan kaliurang km hargobinangun camat pakem kabupaten sleman operasi rapi park tanggal juni fasilitas sedia liput ambil foto taman hiburan yogyakarta,Taman Hiburan,60
118,Museum Sonobudoyo Unit I,"Museum Sonobudoyo adalah museum dan perpustakaan sejarah dan budaya Jawa di Yogyakarta, Indonesia. Museum ini berisi koleksi artefak Jawa terlengkap, setelah Museum Nasional di Jakarta. Selain keramik era Neolitikum dan patung perunggu abad ke-8, museum ini juga menyimpan koleksi wayang, berbagai senjata kuno (seperti keris), dan topeng Jawa. Museum Sonobudoyo terdiri dari dua unit, Unit I terletak di Jalan Trikora No. 6 Yogyakarta, dan Unit II terletak di Ndalem Condrokiranan, Wijilan, di sebelah timur alun-alun utama (utara) kota._x000D_",Budaya,Yogyakarta,5000,46.0,museum sonobudoyo museum pustaka sejarah budaya jawa yogyakarta indonesia museum isi koleksi artefak jawa lengkap museum nasional jakarta keramik era neolitikum patung perunggu abad museum simpan koleksi wayang senjata kuno keris topeng jawa museum sonobudoyo unit unit letak jalan trikora no yogyakarta unit ii letak ndalem condrokiranan wijilan belah timur alun alun utama utara kota,museum sonobudoyo museum pustaka sejarah budaya jawa yogyakarta indonesia museum isi koleksi artefak jawa lengkap museum nasional jakarta keramik era neolitikum patung perunggu abad museum simpan koleksi wayang senjata kuno keris topeng jawa museum sonobudoyo unit unit letak jalan trikora no yogyakarta unit ii letak ndalem condrokiranan wijilan belah timur alun alun utama utara kota budaya yogyakarta,Museum,60
119,Lava Bantal,"Wilayah DIY menawarkan sejumlah potensi wisata, terlebih pariwisata berbasis sungai. Salah satunya yang kini menjadi salah satu favorut wisatawan adalah Lava Bantal yang berada di Kecamatan Berbah, Kabupaten Sleman. Sesuai namanya, objek wisata ini menawarkan batuan yang diduga berasal dari lava pijar dari gunung api bawah laut yang mengering selama kurun waktu ratusan tahun lalu. Terhampar di Sungai Opak, batuan tersebut menjadi pemandangan unik yang mampu menyita perhatian para pelancong. Konon keberadaan Lava Bantal berkontribusi besar terhadap terbentuknya Pulau Jawa. Fenomena alam seperti yang terjadi di Lava Bantal ini sangat jarang terjadi. Di Pulau Jawa fenomena sejenis hanya bisa ditemukan di Karangsambung (Kebumen), Ciletuh (Jawa Barat), dan di Berbah (DIY). Dengan latar belakang sejarah geologi yang panjang, sejak 2 Oktober 2014 silam pemerintah telah menetapkan objek wisata ini sebagai geo heritage. Artinya, semua keunikan geologis yang ada di objek wisata tersebut tergolong sebagai objek yang dilindungi oleh pemerintah.",Budaya,Yogyakarta,5000,44.0,wilayah diy tawar potensi wisata pariwisata bas sungai salah satu salah favorut wisatawan lava bantal camat bah kabupaten sleman sesuai nama objek wisata tawar batu duga asal lava pijar gunung api laut ering kurun waktu ratus tahun hampar sungai opak batu pandang unik sita perhati lancong konon ada lava bantal kontribusi bentuk pulau jawa fenomena alam lava bantal jarang pulau jawa fenomena jenis temu karangsambung kebumen ciletuh jawa barat bah diy latar sejarah geologi oktober silam perintah tetap objek wisata geo heritage uni geologis objek wisata golong objek lindung perintah,wilayah diy tawar potensi wisata pariwisata bas sungai salah satu salah favorut wisatawan lava bantal camat bah kabupaten sleman sesuai nama objek wisata tawar batu duga asal lava pijar gunung api laut ering kurun waktu ratus tahun hampar sungai opak batu pandang unik sita perhati lancong konon ada lava bantal kontribusi bentuk pulau jawa fenomena alam lava bantal jarang pulau jawa fenomena jenis temu karangsambung kebumen ciletuh jawa barat bah diy latar sejarah geologi oktober silam perintah tetap objek wisata geo heritage uni geologis objek wisata golong objek lindung perintah budaya yogyakarta,Budaya,60
120,Bukit Panguk Kediwung,"Bukit Panguk Kediwung adalah salah satu obyek wisata yang menawarkan pemandangan alam dari ketinggian. Jika dibandingkan dengan obyek wisata perbukitan lain di Bantul memang Bukit Panguk Kediwung termasuk baru karena dibuka pada tahun 2016. Namun jangan salah, lokasi ini sudah mencuri hati banyak pengunjung dari dalam maupun luar kota. Bukit Panguk Kediwung berlokasi di Kediwung, Mangunan, Dlingo, Bantul, Yogyakarta. Jangan khawatir untuk tersesat karena di sepanjang jalan menuju ke lokasi kita akan melihat beberapa papan petunjuk. Kurang lebih berjarak 20 km dari pusat Kota Yogyakarta. Dari pusat Kota Yogyakarta anda bisa bergerak menuju ke selatan tepatnya ke arah Jalan Imogiri Timur, ikuti jalan hingga menemukan Pasar Imogiri, lalu belok kiri dan lanjutkan perjalanan menuju ke arah Dlingo, dari sana anda akan mulai melihat petunjuk jalan menuju Bukit Panguk Kediwung. Akses jalan menuju Bukit Panguk Kediwung sudah diaspal halus hanya saja konturnya sedikit naik turun namun masih dalam kategori aman. Sangat disarankan untuk menggunakan kendaraan pribadi karena akses ke sini menggunakan kendaraan umum cukup sulit.",Budaya,Yogyakarta,250000,45.0,bukit panguk kediwung salah obyek wisata tawar pandang alam tinggi banding obyek wisata bukit bantul bukit panguk kediwung buka tahun salah lokasi curi hati unjung kota bukit panguk kediwung lokasi kediwung mangun dlingo bantul yogyakarta khawatir sesat jalan lokasi papan tunjuk jarak km pusat kota yogyakarta pusat kota yogyakarta gerak selatan tepat arah jalan imogiri timur ikut jalan temu pasar imogiri belok kiri lanjut jalan arah dlingo tunjuk jalan bukit panguk kediwung akses jalan bukit panguk kediwung aspal halus kontur turun kategori aman saran kendara pribadi akses kendara umum sulit,bukit panguk kediwung salah obyek wisata tawar pandang alam tinggi banding obyek wisata bukit bantul bukit panguk kediwung buka tahun salah lokasi curi hati unjung kota bukit panguk kediwung lokasi kediwung mangun dlingo bantul yogyakarta khawatir sesat jalan lokasi papan tunjuk jarak km pusat kota yogyakarta pusat kota yogyakarta gerak selatan tepat arah jalan imogiri timur ikut jalan temu pasar imogiri belok kiri lanjut jalan arah dlingo tunjuk jalan bukit panguk kediwung akses jalan bukit panguk kediwung aspal halus kontur turun kategori aman saran kendara pribadi akses kendara umum sulit budaya yogyakarta,Gunung/Bukit,60
121,Candi Prambanan,"Candi Prambanan atau Candi Roro Jonggrang (bahasa Jawa: ꦕꦤ꧀ꦝꦶ​ꦥꦿꦩ꧀ꦧꦤꦤ꧀, translit. Candhi Prambanan) adalah kompleks candi Hindu terbesar di Indonesia yang dibangun pada abad ke-9 masehi. Candi ini dipersembahkan untuk Trimurti, tiga dewa utama Hindu yaitu Brahma sebagai dewa pencipta, Wisnu sebagai dewa pemelihara, dan Siwa sebagai dewa pemusnah. Berdasarkan prasasti Siwagrha nama asli kompleks candi ini adalah Siwagrha (bahasa Sanskerta yang bermakna 'Rumah Siwa'), dan memang di garbagriha (ruang utama) candi ini bersemayam arca Siwa Mahadewa setinggi tiga meter yang menujukkan bahwa di candi ini dewa Siwa lebih diutamakan.\nKompleks percandian Candi Prambanan secara keseluruhan berada di wilayah provinsi Daerah Istimewa Yogyakarta, namun pintu administrasinya berada di Daerah Istimewa Surakarta (sekarang bagian Provinsi Jawa Tengah), hal ini yang membuat Candi Prambanan terletak di 2 tempat yakni di Desa Bokoharjo, Kecamatan Prambanan, Kabupaten Sleman, dan di Desa Tlogo, Kecamatan Prambanan, Kabupaten Klaten, atau kurang lebih 17 kilometer timur laut Yogyakarta, 50 kilometer barat daya Surakarta dan 120 kilometer selatan Semarang, persis di perbatasan antara Daerah Istimewa Yogyakarta dan Daerah Istimewa Surakarta.Candi ini adalah termasuk Situs Warisan Dunia UNESCO, candi Hindu terbesar di Indonesia, sekaligus salah satu candi terindah di Asia Tenggara. Arsitektur bangunan ini berbentuk tinggi dan ramping sesuai dengan arsitektur Hindu pada umumnya dengan candi Siwa sebagai candi utama memiliki ketinggian mencapai 47 meter menjulang di tengah kompleks gugusan candi-candi yang lebih kecil. Sebagai salah satu candi termegah di Asia Tenggara, candi Prambanan menjadi daya tarik kunjungan wisatawan dari seluruh dunia.Menurut prasasti Siwagrha, candi ini mulai dibangun pada sekitar tahun 850 masehi oleh Rakai Pikatan, dan terus dikembangkan dan diperluas oleh Balitung Maha Sambu, pada masa kerajaan Medang Mataram.",Budaya,Yogyakarta,50000,47.0,candi prambanan candi roro jonggrang bahasa jawa translit candhi prambanan kompleks candi hindu besar indonesia bangun abad masehi candi sembah trimurti dewa utama hindu brahma dewa cipta wisnu dewa pelihara siwa dewa musnah dasar prasasti siwagrha nama asli kompleks candi siwagrha bahasa sanskerta makna rumah siwa garbagriha ruang utama candi semayam arca siwa mahadewa meter menujukkan candi dewa siwa utama nkompleks candi candi prambanan wilayah provinsi daerah istimewa yogyakarta pintu administrasi daerah istimewa surakarta provinsi jawa tengah candi prambanan letak desa bokoharjo camat prambanan kabupaten sleman desa tlogo camat prambanan kabupaten klaten kilometer timur laut yogyakarta kilometer barat daya surakarta kilometer selatan semarang persis batas daerah istimewa yogyakarta daerah istimewa surakarta candi situs waris dunia unesco candi hindu besar indonesia salah candi indah asia tenggara arsitektur bangun bentuk tinggi ramping sesuai arsitektur hindu candi siwa candi utama milik tinggi capai meter julang tengah kompleks gugus candi candi salah candi megah asia tenggara candi prambanan daya tarik kunjung wisatawan dunia prasasti siwagrha candi bangun tahun masehi raka pikat kembang luas balitung maha sambu raja medang mataram,candi prambanan candi roro jonggrang bahasa jawa translit candhi prambanan kompleks candi hindu besar indonesia bangun abad masehi candi sembah trimurti dewa utama hindu brahma dewa cipta wisnu dewa pelihara siwa dewa musnah dasar prasasti siwagrha nama asli kompleks candi siwagrha bahasa sanskerta makna rumah siwa garbagriha ruang utama candi semayam arca siwa mahadewa meter menujukkan candi dewa siwa utama nkompleks candi candi prambanan wilayah provinsi daerah istimewa yogyakarta pintu administrasi daerah istimewa surakarta provinsi jawa tengah candi prambanan letak desa bokoharjo camat prambanan kabupaten sleman desa tlogo camat prambanan kabupaten klaten kilometer timur laut yogyakarta kilometer barat daya surakarta kilometer selatan semarang persis batas daerah istimewa yogyakarta daerah istimewa surakarta candi situs waris dunia unesco candi hindu besar indonesia salah candi indah asia tenggara arsitektur bangun bentuk tinggi ramping sesuai arsitektur hindu candi siwa candi utama milik tinggi capai meter julang tengah kompleks gugus candi candi salah candi megah asia tenggara candi prambanan daya tarik kunjung wisatawan dunia prasasti siwagrha candi bangun tahun masehi raka pikat kembang luas balitung maha sambu raja medang mataram budaya yogyakarta,Candi/Keraton,60
122,Watu Goyang,"Watu Goyang ini berasal dari Bahasa Jawa yang berarti Batu yang bergoyang. Dulunya di tempat ini terdapat batu yang berada di puncak yang bias bergoyang ketika disentuh maupun didorong. Batu tersebut sudah ada sejak ratuhan tahun yang lalu. Para pengelola menjelaskan bahwa Watu Goyang ini tidak pernah roboh walaupun disetuh bahkan di panjat, tetapi pihak pengelola melarang kesar untuk pengunjung yang mencoba menaiki Watu Goyang tersebut karena akan sangat berbahaya bagi keselamatan. Keunikan dari batu raksasa itu adalah stukturnya yang memuat tonjolan-tonjolan yang unik. Pemandangan alam yang masih hijau dan gunung merapi terlihat sangat alami, sangat cocok bagi para pengunjung untuk menghilangkan rasa bosan dengan aktivitas sehari-hari di perkotaan. Berada di puncak ini pengunjung akan merasakan sejuknya suhu udara, terutama pada pagi hari. Dan ketika di siang hari, meskipun cuaca sedang panas, maka hembusan angin yang menyapa terasa segar dan nyaman.",Budaya,Yogyakarta,2500,44.0,watu goyang asal bahasa jawa batu goyang dulunya batu puncak bias goyang sentuh dorong batu ratuhan tahun kelola watu goyang roboh disetuh panjat kelola larang sar unjung coba watu goyang bahaya selamat uni batu raksasa stukturnya muat tonjol tonjol unik pandang alam hijau gunung rapi alami cocok unjung hilang bosan aktivitas hari kota puncak unjung rasa sejuk suhu udara pagi siang cuaca panas hembus angin sapa segar nyaman,watu goyang asal bahasa jawa batu goyang dulunya batu puncak bias goyang sentuh dorong batu ratuhan tahun kelola watu goyang roboh disetuh panjat kelola larang sar unjung coba watu goyang bahaya selamat uni batu raksasa stukturnya muat tonjol tonjol unik pandang alam hijau gunung rapi alami cocok unjung hilang bosan aktivitas hari kota puncak unjung rasa sejuk suhu udara pagi siang cuaca panas hembus angin sapa segar nyaman budaya yogyakarta,Budaya,60
123,Kampung Wisata Rejowinangun,"Kampung wisata Rejowinangun terletak di Kelurahan rejowinangun, Kecamatan Kotagede, Kota Yogyakarta tepatnya sebelah selatan Kebun binatang Gembiraloka. Kampung wisata ini telah dirintis sejak tahun 2010 dan dengan kerjasama seluruh elemen masyarakat, pada tanggal 04 Oktober 2013 oleh Kepala dinas Pariwisata Kota Yogyakarta, Kampung Wisata Rejowinangun diresmikan. Kelurahan Rejowinangun merupakan satu kelurahan dari tiga kelurahan yang ada di Kecamatan Kotagede, sebuah kecamatan diujung timur Kota Yogyakarta yang terkenal dengan perak dan bekas kerajaan Mataram. Kelurahan Rejowinangun memiliki banyak potensi yang jika dikembangkan sungguh akan sangat luar biasa, meskpun saat ini yang terkenal baru Kebun Raya Kebun Binatang (KRKB) Gembiraloka yang lokasinya berada di wilayah Kelurahan Rejowinangun. Dengan adanya tempat wisata KRKB Gembiraloka di wilayah ini, berusaha mengembangkan wilayah kelurahan dengan potensi yang ada sehingga wisatawan selain mengunjungi Gembiraloka bisa singgah di kampung wisata ini._x000D_",Budaya,Yogyakarta,0,43.0,kampung wisata rejowinangun letak lurah rejowinangun camat kotagede kota yogyakarta tepat belah selatan kebun binatang gembiraloka kampung wisata rintis tahun kerjasama elemen masyarakat tanggal oktober kepala dinas pariwisata kota yogyakarta kampung wisata rejowinangun resmi lurah rejowinangun lurah lurah camat kotagede camat ujung timur kota yogyakarta kenal perak bekas raja mataram lurah rejowinangun milik potensi kembang sungguh meskpun kenal kebun raya kebun binatang krkb gembiraloka lokasi wilayah lurah rejowinangun wisata krkb gembiraloka wilayah usaha kembang wilayah lurah potensi wisatawan unjung gembiraloka singgah kampung wisata,kampung wisata rejowinangun letak lurah rejowinangun camat kotagede kota yogyakarta tepat belah selatan kebun binatang gembiraloka kampung wisata rintis tahun kerjasama elemen masyarakat tanggal oktober kepala dinas pariwisata kota yogyakarta kampung wisata rejowinangun resmi lurah rejowinangun lurah lurah camat kotagede camat ujung timur kota yogyakarta kenal perak bekas raja mataram lurah rejowinangun milik potensi kembang sungguh meskpun kenal kebun raya kebun binatang krkb gembiraloka lokasi wilayah lurah rejowinangun wisata krkb gembiraloka wilayah usaha kembang wilayah lurah potensi wisatawan unjung gembiraloka singgah kampung wisata budaya yogyakarta,Budaya,60
124,Kauman Pakualaman Yogyakarta,"Pakualaman adalah sebuah kecamatan di Kota Yogyakarta, Provinsi Daerah Istimewa Yogyakarta, Indonesia. Kecamatan ini terletak di antara Sungai Code dan Sungai Manunggal. Nama 'Pakualaman' diambil dari Puro Paku Alaman, kediaman resmi Sri Paduka Pakualam yang terletak tepat di tengah-tengah kecamatan ini. Sebelumnya, Pakualaman bukan bagian kota Yogyakarta, melainkan Kabupaten Kota Pakualaman, yang dihapus setelah terbentuknya Pemerintah Kota Yogyakarta pada 1947._x000D_",Budaya,Yogyakarta,0,5.0,pakualaman camat kota yogyakarta provinsi daerah istimewa yogyakarta indonesia camat letak sungai code sungai manunggal nama pakualaman ambil puro paku alam diam resmi sri paduka pakualam letak tengah tengah camat pakualaman kota yogyakarta kabupaten kota pakualaman hapus bentuk perintah kota yogyakarta,pakualaman camat kota yogyakarta provinsi daerah istimewa yogyakarta indonesia camat letak sungai code sungai manunggal nama pakualaman ambil puro paku alam diam resmi sri paduka pakualam letak tengah tengah camat pakualaman kota yogyakarta kabupaten kota pakualaman hapus bentuk perintah kota yogyakarta budaya yogyakarta,Budaya,60
125,Alun-alun Utara Keraton Yogyakarta,Alun-alun utara atau dalam Bahasa Jawa disebut Alun-alun Lor merupakan salah satu land mark Kota Yogyakarta yang berupa sebuah tanah lapang yang berada di depan Keraton Yogyakarta. Disebut Alun-alun Lor karena di Kota Yogyakarta terdapat dua alun-alun yang letaknya di sebelah selatan dan utara dari Keraton Yogyakarta. Alun-alun Lor berbentuk persegi dengan luas 150 x 150 meter dengan dua pohon beringin besar berpagar yang berada di tengah alun-alun. Dua Pohon Beringin Besar itu masing-masing diberi nama Kyai Dewandaru dan Kyai Wijayandaru. Pada masa lalu di sekeliling Alun-alun Lor ditanam 63 Pohon Beringin yang melambangkan umur Nabi Muhammad SAW.,Budaya,Yogyakarta,0,46.0,alun alun utara bahasa jawa alun alun lor salah land mark kota yogyakarta tanah lapang keraton yogyakarta alun alun lor kota yogyakarta alun alun letak belah selatan utara keraton yogyakarta alun alun lor bentuk persegi luas meter pohon beringin pagar tengah alun alun pohon beringin nama kyai dewandaru kyai wijayandaru keliling alun alun lor tanam pohon beringin melambang umur nabi muhammad saw,alun alun utara bahasa jawa alun alun lor salah land mark kota yogyakarta tanah lapang keraton yogyakarta alun alun lor kota yogyakarta alun alun letak belah selatan utara keraton yogyakarta alun alun lor bentuk persegi luas meter pohon beringin pagar tengah alun alun pohon beringin nama kyai dewandaru kyai wijayandaru keliling alun alun lor tanam pohon beringin melambang umur nabi muhammad saw budaya yogyakarta,Alun-alun,60
126,Pantai Goa Cemara,"Pantai Goa Cemara (bahasa Jawa: ꦥꦱꦶꦱꦶꦂ​ ꦒꦸꦮ​ ꦕꦺꦩꦫ, translit. Pasisir Guwa Cemara​) adalah objek wisata pantai yang terletak di Dusun Patihan, Desa Gadingsari, Kecamatan Sanden, Kabupaten Bantul. Daerah Istimewa Yogyakarta. Pantai ini terletak tepatnya berdampingan dengan Pantai Samas dan Pantai Pandansari.\n\nPantai ini memiliki pasir berwarna hitam tapi lembut dengan ombak yang cukup besar kerakteristik pantai selatan. Pantai ini merupakan pantai pengembangan baru dimana terdapat banyak pohong Cemara udang rindang membentuk seperti goa, hal ini yang membuat pantai ini dinamai Goa Cemara. Pohon Cemara ini bertujuan untuk melindungi abrasi air laut dan menahan gumuk pasir supaya tidak mengalamai perpindahan akibat tiupan angin.",Bahari,Yogyakarta,4000,43.0,pantai goa cemara bahasa jawa translit pasisir guwa cemara objek wisata pantai letak dusun patih desa gadingsari camat sanden kabupaten bantul daerah istimewa yogyakarta pantai letak tepat damping pantai samas pantai pandansari npantai milik pasir warna hitam lembut ombak kerakteristik pantai selatan pantai pantai kembang mana pohong cemara udang rindang bentuk goa pantai nama goa cemara pohon cemara tuju lindung abrasi air laut tahan gumuk pasir mengalamai pindah akibat tiup angin,pantai goa cemara bahasa jawa translit pasisir guwa cemara objek wisata pantai letak dusun patih desa gadingsari camat sanden kabupaten bantul daerah istimewa yogyakarta pantai letak tepat damping pantai samas pantai pandansari npantai milik pasir warna hitam lembut ombak kerakteristik pantai selatan pantai pantai kembang mana pohong cemara udang rindang bentuk goa pantai nama goa cemara pohon cemara tuju lindung abrasi air laut tahan gumuk pasir mengalamai pindah akibat tiup angin bahari yogyakarta,Pantai/Bahari,60
127,Blue Lagoon Jogja,"Blue Lagoon adalah salah satu wisata air Jogja yang sudah sangat terkenal dan banyak dikunjungi oleh wisatawan dari berbagai daerah penjuru. Banyak yang menganggap bahwa Blue Lagoon sebagai surga wisata Jogja tersembunyi. Meskipun keindahan yang ditawarkan oleh tempat ini sangat mahal, namun untuk bisa menikmatinya kamu tidak perlu merogoh kocek dalam2. Karena budget untuk masuk ke area wisata ini tidak semahal yang ada di Islandia.",Taman Hiburan,Yogyakarta,10000,43.0,blue lagoon salah wisata air jogja kenal kunjung wisatawan daerah penjuru anggap blue lagoon surga wisata jogja sembunyi indah tawar mahal nikmat rogoh kocek budget area wisata mahal islandia,blue lagoon salah wisata air jogja kenal kunjung wisatawan daerah penjuru anggap blue lagoon surga wisata jogja sembunyi indah tawar mahal nikmat rogoh kocek budget area wisata mahal islandia taman hiburan yogyakarta,Taman Hiburan,60
128,Gumuk Pasir Parangkusumo,"Gumuk Pasir Parangkusumo (bahasa Jawa: ꦒꦸꦩꦸꦏ꧀​ꦥꦱꦶꦂ​ꦥꦫꦁ​ꦏꦸꦱꦸꦩ, translit. Gumuk Pasir Parangkusuma) adalah objek wisata di Kabupaten Bantul, Yogyakarta, letaknya di sebelah barat Pantai Parangtritis, yaitu di Desa Parangtritis, Kecamatan Kretek, Kabupaten Bantul, Daerah Istimewa Yogyakarta. Gumuk Pasir ini memiliki sejumlah keistimewaan terkait dengan jumlahnya hanya terbatas di dunia.\nNama ""Gumuk"" berasal dari bahasa Jawa yang artinya gundukan-gundukan pasir yang terhampar luas. Gumuk Pasir Yogyakarta terbentuk dari material Gunung Merapi yang kemudian mengalami transportasi melalui Sungai Opak dan Sungai Progo yang kemudian terbawa ombak dan mengendap di pantai. Material yang mengendap kemudian mengering dan terbawa angin lalu terbang kedaratan sehingga mengalami proses deposisi menjadi Gumuk Pasir.",Taman Hiburan,Yogyakarta,0,45.0,gumuk pasir parangkusumo bahasa jawa translit gumuk pasir parangkusuma objek wisata kabupaten bantul yogyakarta letak belah barat pantai parangtritis desa parangtritis camat kretek kabupaten bantul daerah istimewa yogyakarta gumuk pasir milik istimewa kait batas dunia nnama gumuk asal bahasa jawa gundu gundu pasir hampar luas gumuk pasir yogyakarta bentuk material gunung rapi alami transportasi sungai opak sungai progo bawa ombak endap pantai material endap ering bawa angin terbang darat alami proses deposisi gumuk pasir,gumuk pasir parangkusumo bahasa jawa translit gumuk pasir parangkusuma objek wisata kabupaten bantul yogyakarta letak belah barat pantai parangtritis desa parangtritis camat kretek kabupaten bantul daerah istimewa yogyakarta gumuk pasir milik istimewa kait batas dunia nnama gumuk asal bahasa jawa gundu gundu pasir hampar luas gumuk pasir yogyakarta bentuk material gunung rapi alami transportasi sungai opak sungai progo bawa ombak endap pantai material endap ering bawa angin terbang darat alami proses deposisi gumuk pasir taman hiburan yogyakarta,Taman Hiburan,60
129,Bukit Lintang Sewu,"Bukit Lintang Sewu ini berasal ketika pada saat malam hari di bukit ini terlihat ribuan bintang – bintang yang membentang luas di angkasa. Dalam bahasa Jawa Bukit Seribu Bintang adalah Bukit Lintang Sewu (lintang: bintang, sewu: seribu). Pemandangan alam yang tidak kalah mempesona membuat Bukit Langit Sewu ini menjadi tempat favorit bagi pecinta alam. Pada saat menuju bukit, pengunjung akan disuguhkan dengan pepohonan pinus, tetapi saat sampai pengunjung akan disuguhkan panorama hutan Kayu Putih yang menjadi keunikan tempat wisata ini. Diatas pohon Kayu Putih ini juga terdapat Burung Alap-alap yang melintas diatas pohonnya. Selain itu pengunjung juga akan dimanjakan dengan deretan pegunungan seperti Gunung merbabu, Gunung Sumbing, Menoreh, dan Gunung Merapi._x000D_",Taman Hiburan,Yogyakarta,2000,45.0,bukit lintang sewu asal malam bukit ribu bintang bintang bentang luas angkasa bahasa jawa bukit ribu bintang bukit lintang sewu lintang bintang sewu ribu pandang alam kalah pesona bukit langit sewu favorit cinta alam bukit unjung suguh pohon pinus unjung suguh panorama hutan kayu putih uni wisata atas pohon kayu putih burung alap alap lintas atas pohon unjung manja deret gunung gunung merbabu gunung sumbing toreh gunung rapi,bukit lintang sewu asal malam bukit ribu bintang bintang bentang luas angkasa bahasa jawa bukit ribu bintang bukit lintang sewu lintang bintang sewu ribu pandang alam kalah pesona bukit langit sewu favorit cinta alam bukit unjung suguh pohon pinus unjung suguh panorama hutan kayu putih uni wisata atas pohon kayu putih burung alap alap lintas atas pohon unjung manja deret gunung gunung merbabu gunung sumbing toreh gunung rapi taman hiburan yogyakarta,Gunung/Bukit,60
130,Studio Alam Gamplong,"Studio Gamplong atau Studio Alam Gamplong adalah sebuah tempat wisata yang terletak di Desa Gamplong, Kecamatan Moyudan, Kabupaten Sleman. Tempat tersebut awalnya adalah tempat pengambilan gambar film Sultan Agung: Tahta, Perjuangan, Cinta dan Bumi Manusia karya Hanung Bramantyo. Tempat tersebut didirikan di atas lahan seluas 2,5 hektar. Tempat tersebut diresmikan oleh Presiden Joko Widodo pada 15 Juli 2018.",Taman Hiburan,Yogyakarta,10000,44.0,studio gamplong studio alam gamplong wisata letak desa gamplong camat moyudan kabupaten sleman ambil gambar film sultan agung tahta juang cinta bumi manusia karya hanung bramantyo diri lahan luas hektar resmi presiden joko widodo juli,studio gamplong studio alam gamplong wisata letak desa gamplong camat moyudan kabupaten sleman ambil gambar film sultan agung tahta juang cinta bumi manusia karya hanung bramantyo diri lahan luas hektar resmi presiden joko widodo juli taman hiburan yogyakarta,Taman Hiburan,60
131,Watu Lumbung,"Letak Kampung Edukasi Watu Lumbung yang berada di area perbukitan dipenuhi rerimbunan pohon jati, membuat pemandadangan dari tempat ini sangat indah sekali. Watu Lumbung dikonsep oleh M Boy Rifai sebagai tempat yang mengajarkan nilai-nilai edukasi, di mana Boy Rifai telah berhasil menyulap lahan tandus yang dulunya dibiarkan saja, kini menjadi tempat eksotis untuk menikmati malam maupun melihat sunset dan sunrise. Untuk menjaga keasrian di daerah sekitar tempat wisata pengelolah sengaja membangun area ini sebagai kawasan wisata yang selaras dengan alam.",Cagar Alam,Yogyakarta,5000,43.0,letak kampung edukasi watu lumbung area bukit penuh rimbun pohon jati pemandadangan indah watu lumbung konsep boy rifai ajar nilai nilai edukasi boy rifai hasil sulap lahan tandus dulunya biar eksotis nikmat malam sunset sunrise jaga asri daerah wisata elo sengaja bangun area kawasan wisata selaras alam,letak kampung edukasi watu lumbung area bukit penuh rimbun pohon jati pemandadangan indah watu lumbung konsep boy rifai ajar nilai nilai edukasi boy rifai hasil sulap lahan tandus dulunya biar eksotis nikmat malam sunset sunrise jaga asri daerah wisata elo sengaja bangun area kawasan wisata selaras alam cagar alam yogyakarta,Cagar Alam,60
132,Air Terjun Kedung Pedut,"Air Terjun Kedung Pedut atau biasa disebut Curug Kedung Pedut berasal dari istilah bahasa Jawa. Curug yang berarti air terjun, kedung berarti kubangan atau kolam, dan pedut berarti kabut. Air Terjun Kedung Pedut merupakan salah satu wisata alam yang di Kulonprogo yang dikenal karena keindahan warna airnya.",Cagar Alam,Yogyakarta,20000,45.0,air terjun kedung pedut curug kedung pedut asal istilah bahasa jawa curug air terjun kedung kubang kolam pedut kabut air terjun kedung pedut salah wisata alam kulonprogo kenal indah warna air,air terjun kedung pedut curug kedung pedut asal istilah bahasa jawa curug air terjun kedung kubang kolam pedut kabut air terjun kedung pedut salah wisata alam kulonprogo kenal indah warna air cagar alam yogyakarta,Air Terjun,60
133,Puncak Kebun Buah Mangunan,"Berlibur di pegunungan memang menyenangkan. Dapat menikmati sejuknya udara serta pemandangan indah dari atas perbukitan. Wisata seperti ini dapat dinikmati di Bantul, tepatnya di Kebun Buah Mangunan. Beruntungnya Jogja dikaruniai bentang alam yang begitu indah. Ada pantai, gunung, bukit, serta kota dan budaya yang sangat menarik. Kebun Buah Mangunan hadir sebagai objek wisata yang begitu menarik minat wisatawan. Apalagi di pagi hari, pemandangannya tak ubahnya seperti negeri di atas awan._x000D_",Taman Hiburan,Yogyakarta,5000,46.0,libur gunung senang nikmat sejuk udara pandang indah bukit wisata nikmat bantul tepat kebun buah mangun untung jogja karunia bentang alam indah pantai gunung bukit kota budaya tarik kebun buah mangun hadir objek wisata tarik minat wisatawan pagi pandang ubah negeri awan,libur gunung senang nikmat sejuk udara pandang indah bukit wisata nikmat bantul tepat kebun buah mangun untung jogja karunia bentang alam indah pantai gunung bukit kota budaya tarik kebun buah mangun hadir objek wisata tarik minat wisatawan pagi pandang ubah negeri awan taman hiburan yogyakarta,Gunung/Bukit,60
134,Desa Wisata Gamplong,"Desa Wisata Gamplong adalah desa wisata kerajinan tenun yang berada di Padukuhan Gamplong Desa Sumber Rahayu Kecamatan Moyudan Kabupaten Sleman, Yogyakarta. Desa wisata yang terletak di sebelah barat Kota Yogyakarta ini cukup menarik untuk disinggahi wisatawan terlebih karena masih adanya industri kerajinan tenun tradisional dengan menggunakan Alat Tenun Bukan Mesin (ATBM). Dengan ATBM, masyarakat perajin Gamplong mampu menghasilkan kain tenun sebagai bahan stagen (kain panjang untuk melilit bagian perut wanita). Selain kerajinan tenun, perajin juga mampu memproduksi kerajinan anyaman untuk suvenir.",Taman Hiburan,Yogyakarta,10000,44.0,desa wisata gamplong desa wisata rajin tenun padukuhan gamplong desa sumber rahayu camat moyudan kabupaten sleman yogyakarta desa wisata letak belah barat kota yogyakarta tarik singgah wisatawan industri rajin tenun tradisional alat tenun mesin atbm atbm masyarakat rajin gamplong hasil kain tenun bahan stagen kain lilit perut wanita rajin tenun rajin produksi rajin anyam suvenir,desa wisata gamplong desa wisata rajin tenun padukuhan gamplong desa sumber rahayu camat moyudan kabupaten sleman yogyakarta desa wisata letak belah barat kota yogyakarta tarik singgah wisatawan industri rajin tenun tradisional alat tenun mesin atbm atbm masyarakat rajin gamplong hasil kain tenun bahan stagen kain lilit perut wanita rajin tenun rajin produksi rajin anyam suvenir taman hiburan yogyakarta,Taman Hiburan,60
135,Kawasan Wisata Sosrowijayan,"Tempat wisata Sosrowijayan memang selama ini dikenal sebagai Wisata Kampung bule, lokasinya sendiri berada di pusat kota Yogyakarta sehingga hampir tiap hari di lokasi ini banyak sekali pengunjungnya yang sangat padat. Bagi Anda yang ingin berkunjung ke sini, harus menggunakan kendaraan karena dari arah stasiun Tugu Anda tinggal berjalan selama 200 meter selanjutnya anda pun akan langsung menemukan daerah Sosrowijayan yang mempunyai tanda yaitu Sebuah Jalan Kecil menuju Barat dengan nama yang sama. Wisata unik sosrowijayan menjadi membagi dua daerah yaitu Sosrowijayan Wetan dan Sosrowijayan Kulon dan menjadi penghubung jalan Jogonegaran dan Jalan Malioboro. Akan tetapi untuk Sosrowijayan Wetan yang saat ini langsung terkenal sampai ke penjuru dunia dan dikenal sebagai Kampung turis kedua di Yogyakarta setelah Prawirotaman. Karena disebut Kampung bule maka disini pun anda akan melihat banyak sekali turis dari mancanegara yang menikmati suasana malam di Yogyakarta. Anda pun bisa melihat dua buah busuk seperti yang ada di daerah Prawirotaman ketika memasuki dan pertama. Di daerah ini banyak sekali buku yang dijual seperti novel berbahasa Inggris, buku kecil berbahasa Indonesia, dan beberapa buku yang berkualitas dan pastinya akan memberikan pendidikan bagi para pembacanya.",Pusat Perbelanjaan,Yogyakarta,0,4.0,wisata sosrowijayan kenal wisata kampung bule lokasi pusat kota yogyakarta lokasi unjung padat kunjung kendara arah stasiun tugu tinggal jalan meter temu daerah sosrowijayan tanda jalan barat nama wisata unik sosrowijayan bagi daerah sosrowijayan wetan sosrowijayan kulon hubung jalan jogonegaran jalan malioboro sosrowijayan wetan kenal penjuru dunia kenal kampung turis yogyakarta prawirotaman kampung bule turis mancanegara nikmat suasana malam yogyakarta buah busuk daerah prawirotaman pasuk daerah buku jual novel bahasa inggris buku bahasa indonesia buku kualitas pasti didik baca,wisata sosrowijayan kenal wisata kampung bule lokasi pusat kota yogyakarta lokasi unjung padat kunjung kendara arah stasiun tugu tinggal jalan meter temu daerah sosrowijayan tanda jalan barat nama wisata unik sosrowijayan bagi daerah sosrowijayan wetan sosrowijayan kulon hubung jalan jogonegaran jalan malioboro sosrowijayan wetan kenal penjuru dunia kenal kampung turis yogyakarta prawirotaman kampung bule turis mancanegara nikmat suasana malam yogyakarta buah busuk daerah prawirotaman pasuk daerah buku jual novel bahasa inggris buku bahasa indonesia buku kualitas pasti didik baca pusat perbelanjaan yogyakarta,Pusat Perbelanjaan,60
136,Grojogan Watu Purbo Bangunrejo,"Objek wisata itu tak adalah Grojogan Watu Purbo yang berada di Bangunrejo, Merdikorejo, Kecamatan Tempel. Objek wisata itu sekitar setahun terakhir cukup populer di kalangan wisatawan karena memiliki pemandangan eksotis berupa air terjun yang memiliki enam tingkatan. Wisatawan yang datang rata-rata menjadikan air terjun itu sebagai latar untuk swafoto karena pemandangannya yang dinilai instagramable. Grojokan Watu Purbo ini tepatnya berlokasi di aliran Kali Krisak, yang merupakan jalur dari lahar dingin yang mengalir dari Gunung Merapi. Pemandangan kawasan ini eksotis karena dikepung pepohonan asri serta hamparan sawah. Munculnya air terjun atau grojogan ini berasal dari enam dam dengan ketinggian bervariasi tak lebih dari 10 meter.",Taman Hiburan,Yogyakarta,10000,45.0,objek wisata grojogan watu purbo bangunrejo merdikorejo camat tempel objek wisata tahun populer kalang wisatawan milik pandang eksotis air terjun milik enam tingkat wisatawan rata rata jadi air terjun latar swafoto pandang nilai instagramable grojokan watu purbo tepat lokasi alir krisak jalur lahar dingin alir gunung rapi pandang kawasan eksotis kepung pohon asri hampar sawah muncul air terjun grojogan asal enam dam tinggi variasi meter,objek wisata grojogan watu purbo bangunrejo merdikorejo camat tempel objek wisata tahun populer kalang wisatawan milik pandang eksotis air terjun milik enam tingkat wisatawan rata rata jadi air terjun latar swafoto pandang nilai instagramable grojokan watu purbo tepat lokasi alir krisak jalur lahar dingin alir gunung rapi pandang kawasan eksotis kepung pohon asri hampar sawah muncul air terjun grojogan asal enam dam tinggi variasi meter taman hiburan yogyakarta,Taman Hiburan,60
137,Wisata Alam Kalibiru,"Kalibiru sebenarnya adalah sebuah nama hutan yang saat ini diolah menjadi sebuah tempat wisata alam. Hutan Kalibiru memiliki ketinggian 450 mdpl dan berupa kawasan perbukitan yang subur. Suhu udara di tempat ini sangat sejuk. Kalibiru dikelola oleh pemerintah dan masyarakat setempat sebagai wisata alam dan edukasi. Ada banyak hal yang bisa didapatkan di sana, termasuk outbond, penginapan, dan beberapa spot untuk mencari foto kekinian. Ada juga jalur trekking yang juga bisa dijadikan lokasi camping.",Cagar Alam,Yogyakarta,20000,44.0,kalibiru nama hutan olah wisata alam hutan kalibiru milik tinggi mdpl kawasan bukit subur suhu udara sejuk kalibiru kelola perintah masyarakat wisata alam edukasi dapat outbond inap spot cari foto kini jalur trekking jadi lokasi camping,kalibiru nama hutan olah wisata alam hutan kalibiru milik tinggi mdpl kawasan bukit subur suhu udara sejuk kalibiru kelola perintah masyarakat wisata alam edukasi dapat outbond inap spot cari foto kini jalur trekking jadi lokasi camping cagar alam yogyakarta,Cagar Alam,60
138,Jogja Exotarium,"Di Yogyakarta, tepatnya di Sleman, ada satu tempat wisata edukasi yang patut dikunjungi. Namanya adalah Jogja Exotarium — terdengar unik, kan? Namun sebenarnya, tempat ini merupakan taman hewan berskala kecil. Koleksi hewannya beragam dan bisa diajak berinteraksi secara langsung",Taman Hiburan,Yogyakarta,20000,44.0,yogyakarta tepat sleman wisata edukasi patut kunjung nama jogja exotarium dengar unik taman hewan skala koleksi hewan agam ajak interaksi,yogyakarta tepat sleman wisata edukasi patut kunjung nama jogja exotarium dengar unik taman hewan skala koleksi hewan agam ajak interaksi taman hiburan yogyakarta,Taman Hiburan,60
139,Puncak Gunung Api Purba - Nglanggeran,"Gunung Nglanggeran adalah sebuah gunung di Daerah Istimewa Yogyakarta, Indonesia. Gunung ini merupakan suatu gunung api purba yang terbentuk sekitar 0,6-70 juta tahun yang lalu atau yang memiliki umur tersier (Oligo-Miosen). Gunung Nglanggeran memiliki batuan yang sangat khas karena didominasi oleh aglomerat dan breksi gunung api. Gunung ini terletak di Desa Nglanggeran, Kecamatan Patuk, Kabupaten Gunung Kidul yang berada pada deretan Pegunungan Baturagung.",Cagar Alam,Yogyakarta,10000,47.0,gunung nglanggeran gunung daerah istimewa yogyakarta indonesia gunung gunung api purba bentuk juta tahun milik umur tersier oligo miosen gunung nglanggeran milik batu khas dominasi aglomerat breksi gunung api gunung letak desa nglanggeran camat patuk kabupaten gunung kidul deret gunung baturagung,gunung nglanggeran gunung daerah istimewa yogyakarta indonesia gunung gunung api purba bentuk juta tahun milik umur tersier oligo miosen gunung nglanggeran milik batu khas dominasi aglomerat breksi gunung api gunung letak desa nglanggeran camat patuk kabupaten gunung kidul deret gunung baturagung cagar alam yogyakarta,Gunung/Bukit,60
140,Bendung Lepen,"Bendung Lepen sendiri dulunya merupakan saluran irigasi yang tidak sebersih sekarang ini. Sebelumnya, tempat ini merupakan saluran irigasi yang kumuh disertai taman desa yang tak terurus. Namun, kesadaran para pemuda akan kebersihan lingkungan mengubah kali (sungai/lepen) yang semula begitu kotor menjadi tempat wisata yang disenangi banyak orang. Bendung Lepen sekarang menjadi indah dan dipenuhi ikan nila dan gurame. Jika dulunya hanya menjadi taman wisata yang tidak terurus dan kumuh, sekarang ini Bendung Lepen menjadi destinasi wisata yang nyaman dikunjungi bersama keluarga. Bahkan di kala pandemi COVID-19 ini, Bendung Lepen tidak kekurangan peminat. Masih banyak anak-anak yang menikmati senja dengan riang sambil memberi makan ikan di kali. Tentunya ditemani oleh orang tuanya yang juga bisa mencuci mata melihat aliran air yang jernih dengan ikan warna-warni yang berenang di kali. Selain itu, banyak juga anak muda yang duduk-duduk di taman sembari menikmati udara sore yang sejuk ditemani segelas es teh.",Taman Hiburan,Yogyakarta,0,46.0,bendung lepen dulunya salur irigasi bersih salur irigasi kumuh serta taman desa urus sadar pemuda bersih lingkung ubah sungai lepen kotor wisata nang bendung lepen indah penuh ikan nila gurame dulunya taman wisata urus kumuh bendung lepen destinasi wisata nyaman kunjung keluarga pandemi covid bendung lepen kurang minat anak anak nikmat senja riang makan ikan tani tua cuci alir air jernih ikan warna warni renang anak muda duduk duduk taman sembari nikmat udara sore sejuk tani gelas es teh,bendung lepen dulunya salur irigasi bersih salur irigasi kumuh serta taman desa urus sadar pemuda bersih lingkung ubah sungai lepen kotor wisata nang bendung lepen indah penuh ikan nila gurame dulunya taman wisata urus kumuh bendung lepen destinasi wisata nyaman kunjung keluarga pandemi covid bendung lepen kurang minat anak anak nikmat senja riang makan ikan tani tua cuci alir air jernih ikan warna warni renang anak muda duduk duduk taman sembari nikmat udara sore sejuk tani gelas es teh taman hiburan yogyakarta,Taman Hiburan,60
141,Bunker Kaliadem Merapi,"Bunker Kaliadem merupakan objek wisata yang terletak di lereng selatan Gunung Merapi. Destinasi wisata ini banyak menyimpan jejak erupsi gunung tersebut, terutama tahun 2006 dan 2010. Lokasi fenomenal tersebut berada di ketinggian lebih dari 2.000 meter di atas permukaan laut. Berada di Kabupaten Sleman, wisatawan diajak menyaksikan kegagahan Merapi dari jarak lima kilometer. Kawasan ini memadukan sejarah, keindahaan serta keunikan alam gunung merapi dengan fenomena vulkaniknya.",Cagar Alam,Yogyakarta,3000,45.0,bunker kaliadem objek wisata letak lereng selatan gunung rapi destinasi wisata simpan jejak erupsi gunung tahun lokasi fenomenal tinggi meter muka laut kabupaten sleman wisatawan ajak saksi gagah rapi jarak kilometer kawasan madu sejarah keindahaan uni alam gunung rapi fenomena vulkaniknya,bunker kaliadem objek wisata letak lereng selatan gunung rapi destinasi wisata simpan jejak erupsi gunung tahun lokasi fenomenal tinggi meter muka laut kabupaten sleman wisatawan ajak saksi gagah rapi jarak kilometer kawasan madu sejarah keindahaan uni alam gunung rapi fenomena vulkaniknya cagar alam yogyakarta,Cagar Alam,60
142,Ledok Sambi,"Desa wisata Ledok Sambi merupakan desa yang mempunyai nuansa alami asli Jogja, yang berlokasi dekat dengan Gunung Merapi atau berada di Jl. Kaliurang Km. 19,2 Padukuhan Sambi Desa Pakembinangun Kec. Pakem Kabupaten Sleman Daerah Istimewa Yogyakarta. Pemandangan alam yang indah dapat memberikan kesejukan, kesegaran dan ketentraman hati. Sepanjang mata memandang di Desa wisata ini anda akan disuguhkan bentangan luasnya persawahan yang alami dan asri dan juga pepohonan yang hijau nan rindang serta kejernihan air yang dimiliki wilayah Desa Wisata Ledok Sambi. Rumah-rumah Tradisional khas Jogja yang luas dijadikan sebagai tempat bermain sambil menikmati udara sejuk yang menenangkan hati jiwa dan pikiran.",Cagar Alam,Yogyakarta,0,46.0,desa wisata ledok sambi desa nuansa alami asli jogja lokasi gunung rapi jl kaliurang km padukuhan sambi desa pakembinangun kec pakem kabupaten sleman daerah istimewa yogyakarta pandang alam indah sejuk segar ketentraman hati pandang desa wisata suguh bentang luas sawah alami asri pohon hijau nan rindang jernih air milik wilayah desa wisata ledok sambi rumah rumah tradisional khas jogja luas jadi main nikmat udara sejuk tenang hati jiwa pikir,desa wisata ledok sambi desa nuansa alami asli jogja lokasi gunung rapi jl kaliurang km padukuhan sambi desa pakembinangun kec pakem kabupaten sleman daerah istimewa yogyakarta pandang alam indah sejuk segar ketentraman hati pandang desa wisata suguh bentang luas sawah alami asri pohon hijau nan rindang jernih air milik wilayah desa wisata ledok sambi rumah rumah tradisional khas jogja luas jadi main nikmat udara sejuk tenang hati jiwa pikir cagar alam yogyakarta,Cagar Alam,60
143,Seribu Batu Songgo Langit,"Nama Seribu Batu Songgo Langit memiliki makna tersendiri. Sebelum jadi tempat wisata, di lokasi ini terdapat ratusan bahkan ribuan batu dan pastinya hutan pinus. Songgo langit berarti penyangga langit, hal ini dikarenakan di Seribu Baru Songgo Langit terdapat bukit yang seakan akan merupakan tiang dari langit .Seribu Batu Songgo Langit merupakan tempat wisata di kawasan Dlingo yang menawarkan berbagai macam atraksi wisata, namun kebanyakan adalah spot foto. Spot foto di Seribu Batu hampir semuanya anti mainstream. Anda akan menemui beberapa spot foto dalam empat bagian di tempat wisata ini. Memasuki gerbang Seribu Batu Songgo Langit anda diharuskan untuk menuruni tangga yang terbuat dari kayu untuk mencapai spot pertama. Spot pertama ini menawarkan rumah dongeng seribu kayu. Spot ini berbentuk rumah kecil-kecil yang menyerupai rumah kurcaci dalam dongeng. Terdapat tujuh buah rumah kurcaci yang ditata secara mengerucut sehingga akan menciptakan angle foto yang bagus.",Cagar Alam,Yogyakarta,2000,46.0,nama ribu batu songgo langit milik makna sendiri wisata lokasi ratus ribu batu pasti hutan pinus songgo langit sangga langit ribu songgo langit bukit akan tiang langit ribu batu songgo langit wisata kawasan dlingo tawar atraksi wisata banyak spot foto spot foto ribu batu anti mainstream temu spot foto wisata pasuk gerbang ribu batu songgo langit harus turun tangga buat kayu capai spot spot tawar rumah dongeng ribu kayu spot bentuk rumah rupa rumah kurcaci dongeng tujuh buah rumah kurcaci tata kerucut cipta angle foto bagus,nama ribu batu songgo langit milik makna sendiri wisata lokasi ratus ribu batu pasti hutan pinus songgo langit sangga langit ribu songgo langit bukit akan tiang langit ribu batu songgo langit wisata kawasan dlingo tawar atraksi wisata banyak spot foto spot foto ribu batu anti mainstream temu spot foto wisata pasuk gerbang ribu batu songgo langit harus turun tangga buat kayu capai spot spot tawar rumah dongeng ribu kayu spot bentuk rumah rupa rumah kurcaci dongeng tujuh buah rumah kurcaci tata kerucut cipta angle foto bagus cagar alam yogyakarta,Cagar Alam,60
144,Goa Jomblang,"Gua Jomblang merupakan gua vertikal yang bertipe collapse doline. Gua ini terbentuk akibat proses geologi amblasnya tanah beserta vegetasi yang ada di atasnya ke dasar bumi yang terjadi ribuan tahun lalu. Runtuhan ini membentuk sinkhole atau sumuran yang dalam bahasa Jawa dikenal dengan istilah luweng. Itulah yang membuat unik karena di dalam gua terdapat luas mulut gua sekitar 50 meter ini sering disebut dengan nama Luweng Jomblang. Gua Jomblang terletak di Kabupaten Gunungkidul, DI Yogyakarta.\nSaat ini Gua Jomblang merupakan tempat konservasi tumbuhan purba dan dikembangkan menjadi tempat wisata minat khusus yang mana dikelola oleh penduduk atau warga setempat. Untuk menuruni gua vertikal ini pihak pengelola sudah menyediakan perlengkapan lengkap sesuai standar keselamatan caving di gua vertikal.\nSinar matahari yang menerobos masuk dari Luweng Grubug setinggi 90 meter membentuk satu tiang cahaya, menyinari flowstone yang indah serta kedalaman gua yang gelap gulita. Air yang menetes dari ketinggian turut mempercantik pemandangan. Tidak salah\njika banyak orang terkagum-kagum datang ke sini ketika menyaksikan lukisan alam yang dikenal dengan istilah ""cahaya surga"".",Cagar Alam,Yogyakarta,500000,46.0,gua jomblang gua vertikal tipe collapse doline gua bentuk akibat proses geologi amblas tanah serta vegetasi atas dasar bumi ribu tahun runtuh bentuk sinkhole sumur bahasa jawa kenal istilah luweng unik gua luas mulut gua meter nama luweng jomblang gua jomblang letak kabupaten gunungkidul yogyakarta nsaat gua jomblang konservasi tumbuh purba kembang wisata minat kelola duduk warga turun gua vertikal kelola sedia lengkap lengkap sesuai standar selamat caving gua vertikal nsinar matahari terobos luweng grubug meter bentuk tiang cahaya sari flowstone indah dalam gua gelap gulita air tetes tinggi cantik pandang salah njika kagum kagum saksi lukis alam kenal istilah cahaya surga,gua jomblang gua vertikal tipe collapse doline gua bentuk akibat proses geologi amblas tanah serta vegetasi atas dasar bumi ribu tahun runtuh bentuk sinkhole sumur bahasa jawa kenal istilah luweng unik gua luas mulut gua meter nama luweng jomblang gua jomblang letak kabupaten gunungkidul yogyakarta nsaat gua jomblang konservasi tumbuh purba kembang wisata minat kelola duduk warga turun gua vertikal kelola sedia lengkap lengkap sesuai standar selamat caving gua vertikal nsinar matahari terobos luweng grubug meter bentuk tiang cahaya sari flowstone indah dalam gua gelap gulita air tetes tinggi cantik pandang salah njika kagum kagum saksi lukis alam kenal istilah cahaya surga cagar alam yogyakarta,Goa,60
145,Desa Wisata Rumah Domes/Teletubbies,"Kawasan desa teletubbies menjadi perhatian menarik berbagai media, sehingga menjadikan para wisatawan mulai berbondong-bondong datang kesana. Hingga sekarang kawasan ini menjadi objek wisata unik jogja yang menarik dikunjungi. Bagi kawan-kawan datawisata yang sedang berlibur atau berdomisili di Yogyakarta dan sekitar, coba deh rasakan sensasi wisata unik ini, setidaknya bisa dijadikan koleksi foto yang mengusung spot-spot kece instagenic. Mulanya objek wisata Rumah Domes merupakan bentuk bantuan dari NGO, kala itu Yogyakarta terkena musibah bencana alam gempa bumi. Di desa Nglepen setidaknya ada 80 bangunan mengusung desain rumah dome lengkap beserta fasilitas seperti warung makan, toilet umum, area parkir, tempat ibadah, rumah kesehatan dan balai desa yang kerap dimanfaatkan ketika ada hajatan atau acara budaya. Desa wisata Sumberharjo ini memiliki luas kurang lebih 2 hektar serta bangunan dibangun sejak tahun 2006. Selain disebut desa teletubbies, pemukiman disana juga sering disebut New Nglepen.",Taman Hiburan,Yogyakarta,5000,41.0,kawasan desa teletubbies perhati tarik media jadi wisatawan bondong bondong kesana kawasan objek wisata unik jogja tarik kunjung kawan kawan datawisata libur domisili yogyakarta coba deh rasa sensasi wisata unik jadi koleksi foto usung spot spot kece instagenic objek wisata rumah domes bentuk bantu ngo yogyakarta kena musibah bencana alam gempa bumi desa nglepen bangun usung desain rumah dome lengkap serta fasilitas warung makan toilet umum area parkir ibadah rumah sehat balai desa kerap manfaat hajat acara budaya desa wisata sumberharjo milik luas hektar bangun bangun tahun desa teletubbies mukim sana new nglepen,kawasan desa teletubbies perhati tarik media jadi wisatawan bondong bondong kesana kawasan objek wisata unik jogja tarik kunjung kawan kawan datawisata libur domisili yogyakarta coba deh rasa sensasi wisata unik jadi koleksi foto usung spot spot kece instagenic objek wisata rumah domes bentuk bantu ngo yogyakarta kena musibah bencana alam gempa bumi desa nglepen bangun usung desain rumah dome lengkap serta fasilitas warung makan toilet umum area parkir ibadah rumah sehat balai desa kerap manfaat hajat acara budaya desa wisata sumberharjo milik luas hektar bangun bangun tahun desa teletubbies mukim sana new nglepen taman hiburan yogyakarta,Taman Hiburan,60
146,Bukit Wisata Pulepayung,"Pule Payung Yogyakarta. Sebuah objek wisata populer yang menyajikan keindahan alam dari ketinggian 500 mdpl. Bukit Wisata Pule Payung Yogyakarta merupakan kawasan wisata yang dipenuhi dengan kreativitas yang tinggi, merubah zona biasa menjadi luar biasa. Daya tarik yang pertama dari Pule Payung Yogyakarta adalah objek wisata yang menyajikan pesona alam pegunungan. Sehingga, orang-orang menyebutnya dengan Bukit Wisata. Ketinggian Pule Payung Yogyakarta sekitar 500 mdpl, serta jalan menuju Pule Payung Yogyakarta dapat ditempuh dengan kendaraan roda dua, maupun roda empat. Pesona keindahan Waduk Sermo dapat terlihat jelas saat berada di Pule Payung. Waduk eksotis yang dikelilingi pegunungan yang masih asri. Dan Pule Payung Yogyakarta adalah bukit yang notabene sebagai destinasi wisata alam, diberikan sentuhan kreativitas, serta memprioritaskan aspek keamanan di setiap spotnya, akhirnya menjadi wisata favorit di Jogja.",Cagar Alam,Yogyakarta,10000,45.0,pule payung yogyakarta objek wisata populer saji indah alam tinggi mdpl bukit wisata pule payung yogyakarta kawasan wisata penuh kreativitas tinggi rubah zona daya tarik pule payung yogyakarta objek wisata saji pesona alam gunung sebut bukit wisata tinggi pule payung yogyakarta mdpl jalan pule payung yogyakarta tempuh kendara roda roda pesona indah waduk sermo pule payung waduk eksotis keliling gunung asri pule payung yogyakarta bukit notabene destinasi wisata alam sentuh kreativitas prioritas aspek aman spotnya wisata favorit jogja,pule payung yogyakarta objek wisata populer saji indah alam tinggi mdpl bukit wisata pule payung yogyakarta kawasan wisata penuh kreativitas tinggi rubah zona daya tarik pule payung yogyakarta objek wisata saji pesona alam gunung sebut bukit wisata tinggi pule payung yogyakarta mdpl jalan pule payung yogyakarta tempuh kendara roda roda pesona indah waduk sermo pule payung waduk eksotis keliling gunung asri pule payung yogyakarta bukit notabene destinasi wisata alam sentuh kreativitas prioritas aspek aman spotnya wisata favorit jogja cagar alam yogyakarta,Gunung/Bukit,60
147,Bentara Budaya Yogyakarta (BBY),"Bentara Budaya Yogyakarta adalah pusat budaya yang terletak di Yogyakarta, Indonesia. Bentara Budaya Yogyakarta dibuka pada 26 September 1982, didanai oleh Kompas Gramedia Group. Bentara Budaya Yogyakarta adalah cabang dari Bentara Budaya Jakarta, sebuah lembaga budaya yang dikelola oleh Kompas Gramedia Group yang juga memiliki beberapa pusat budaya di Jakarta, Surakarta (sebagai Balai Soedjatmoko), dan Bali.",Budaya,Yogyakarta,0,45.0,bentara budaya yogyakarta pusat budaya letak yogyakarta indonesia bentara budaya yogyakarta buka september dana kompas gramedia group bentara budaya yogyakarta cabang bentara budaya jakarta lembaga budaya kelola kompas gramedia group milik pusat budaya jakarta surakarta balai soedjatmoko bal,bentara budaya yogyakarta pusat budaya letak yogyakarta indonesia bentara budaya yogyakarta buka september dana kompas gramedia group bentara budaya yogyakarta cabang bentara budaya jakarta lembaga budaya kelola kompas gramedia group milik pusat budaya jakarta surakarta balai soedjatmoko bal budaya yogyakarta,Budaya,60
148,Goa Rancang Kencono,"Goa Rancang Kencono yang terletak di Padukuhan Menggoran, Desa Bleberan, Kecamatan Playen, Gunungkidul, Yogyakarta, merupakan salah satu goa yang yang dihuni manusia prasejarah hingga modern. Diperkirakan goa yang terletak di kawasan air terjun Sri Getuk ini sudah dihuni sejak 3000 tahun lalu. Dari buku Ragam Warisan Budaya dan Cagar Budaya Gunungkidul yang ditulis oleh Winarsih (Kepala Seksi Kepurbakalaan dan Permuseuman, Bidang Pelestarian Warisan dan Nilai Budaya, Dinas Kebudayaan Gunungkidul), Arkeologi UGM Yogyakarta pada tahun 2001 sudah pernah melakukan penelitian tersebut. Goa Rancang Kencono sudah dihuni manusia sejak 3000 tahun yang lalu dengan bukti temuan tulang manusia.",Cagar Alam,Yogyakarta,5000,43.0,goa rancang kencono letak padukuhan menggoran desa bleberan camat playen gunungkidul yogyakarta salah goa huni manusia prasejarah modern goa letak kawasan air terjun sri getuk huni tahun buku ragam waris budaya cagar budaya gunungkidul tulis winarsih kepala seksi purbakala museum bidang lestari waris nilai budaya dinas budaya gunungkidul arkeologi ugm yogyakarta tahun teliti goa rancang kencono huni manusia tahun bukti temu tulang manusia,goa rancang kencono letak padukuhan menggoran desa bleberan camat playen gunungkidul yogyakarta salah goa huni manusia prasejarah modern goa letak kawasan air terjun sri getuk huni tahun buku ragam waris budaya cagar budaya gunungkidul tulis winarsih kepala seksi purbakala museum bidang lestari waris nilai budaya dinas budaya gunungkidul arkeologi ugm yogyakarta tahun teliti goa rancang kencono huni manusia tahun bukti temu tulang manusia cagar alam yogyakarta,Goa,60
149,Goa Cerme,"Gua Cerme (bahasa Jawa: ꦒꦸꦮ​ꦕꦺꦂꦩꦺ, translit. Gua Cerme) adalah gua bersejarah dan sekaligus tempat wisata yang terletak di Dusun Srunggo, Desa Selopamioro, Kecamatan Imogiri, Kabupaten Bantul atau sekitar 20 km selatan Kota Yogyakarta. Gua Cerme memiliki panjang 1,5 km yang tembus hingga sendang di wilayah Panggang, yaitu di Dusun Ploso, Desa Giritirto, Kecamatan Purwosari, Kabupaten Gunungkidul.\nDi samping gua Cerme, di sekitarnya terdapat gua lain yang lebih kecil seperti Goa Dalang, Goa Ledek, Goa Badut dan Goa Kaum yang sering digunakan untuk bersemedi. Untuk mencapai gua, terdapat tangga setinggi 759 m. Kata cerme berasal dari kata ceramah yang mengisyaratkan pembicaraan yang dilakukan walisongo. Gua Cerme dulunya digunakan oleh para Walisongo untuk menyebarkan agama Islam di Jawa. Selain itu, Gua Cerme juga digunakan untuk membahas rencana pendirian Masjid Agung Demak. Setiap Senin atau Selasa wage, selalu diadakan upacara syukuran untuk meminta berkah kepada Tuhan.",Cagar Alam,Yogyakarta,3000,44.0,gua cerme bahasa jawa translit gua cerme gua sejarah wisata letak dusun srunggo desa selopamioro camat imogiri kabupaten bantul km selatan kota yogyakarta gua cerme milik km tembus sendang wilayah panggang dusun ploso desa giritirto camat purwosari kabupaten gunungkidul ndi samping gua cerme gua goa dalang goa ledek goa badut goa kaum bersemedi capai gua tangga cerme asal ceramah isyarat bicara walisongo gua cerme dulunya walisongo sebar agama islam jawa gua cerme bahas rencana diri masjid agung demak senin selasa wage ada upacara syukur berkah tuhan,gua cerme bahasa jawa translit gua cerme gua sejarah wisata letak dusun srunggo desa selopamioro camat imogiri kabupaten bantul km selatan kota yogyakarta gua cerme milik km tembus sendang wilayah panggang dusun ploso desa giritirto camat purwosari kabupaten gunungkidul ndi samping gua cerme gua goa dalang goa ledek goa badut goa kaum bersemedi capai gua tangga cerme asal ceramah isyarat bicara walisongo gua cerme dulunya walisongo sebar agama islam jawa gua cerme bahas rencana diri masjid agung demak senin selasa wage ada upacara syukur berkah tuhan cagar alam yogyakarta,Goa,60
150,Wisata Kraton Jogja,"Kraton Jogja adalah sebuah komplek kerajaan yang berada tepat berdiri di tengah kota Yogyakarta. Kraton yang didirikan seiring perjanjian giyanti pada tahun 1755 yang memecah Kerajaan Mataram Islam menjadi Kerajaan Ngayogyakarta Surakarta ini menyimpan keindahan arsitektur jawa yang tidak diragukan lagi, dan merupakan salah komplek istana terbaik di tanah jawa. Keindahan Kraton Jogja ini tidak terlepas dari pendirinya, yaitu Sri Sultan Hamengkubuwono I yang merupakan arsitek dari kerajaannya ini. Apabila anda sedang wisata ke Kraton Jogja maka apabila anda dari Jalan Malioboro pertama anda akan disambut oleh Gapura Pangurakan yang berasitrektur jawa kental yang bersebelahan dengan bangunan-bangunan Hindia Belanda. Setelah memasukinya anda akan memasuki Alun-alun Utara yang memiliki area yang cukup luas. Di sekelilingnya terdapat Joglo-joglo tertutup yang disebut Gedhong dan terbuka yang dinamakan Tratag. Di area ini terdapat beberapa pilihan kuliner yang sangat pas anda kunjungi sebelum anda memasuki kompleks Kraton Yogyakarta, sehingga anda tidak merasa kelaparan.",Budaya,Yogyakarta,7000,47.0,kraton jogja komplek raja diri tengah kota yogyakarta kraton diri iring janji giyanti tahun pecah raja mataram islam raja ngayogyakarta surakarta simpan indah arsitektur jawa ragu salah komplek istana baik tanah jawa indah kraton jogja lepas diri sri sultan hamengkubuwono arsitek raja wisata kraton jogja jalan malioboro sambut gapura pangurakan berasitrektur jawa kental bahan bangun bangun hindia belanda masuk pasuk alun alun utara milik area luas keliling joglo joglo tutup gedhong buka nama tratag area pilih kuliner pas kunjung pasuk kompleks kraton yogyakarta lapar,kraton jogja komplek raja diri tengah kota yogyakarta kraton diri iring janji giyanti tahun pecah raja mataram islam raja ngayogyakarta surakarta simpan indah arsitektur jawa ragu salah komplek istana baik tanah jawa indah kraton jogja lepas diri sri sultan hamengkubuwono arsitek raja wisata kraton jogja jalan malioboro sambut gapura pangurakan berasitrektur jawa kental bahan bangun bangun hindia belanda masuk pasuk alun alun utara milik area luas keliling joglo joglo tutup gedhong buka nama tratag area pilih kuliner pas kunjung pasuk kompleks kraton yogyakarta lapar budaya yogyakarta,Budaya,60
151,Desa Wisata Kelor,"Desa wisata Kelor merupakan salah satu desa yang ada di kabupaten Sleman yang saat ini sedang dikembangkan menjadi desa wisata. Desa wisata Kelor ini menawarkan suasana pedesaan yang penduduknya bermata pencaharian sebagai petani, peternak, dan budidaya jamur. Banyak tanaman hijau yang membentang luas dengan pemandangan alam yang asri. Desa wisata Kelor ini memiliki masyarakat yang ramah dan memiliki lingkungan desa yang sangat nyaman. Desa Kelor ini juga memiliki sungai, dan air di sungai tersebut masih jernih dan indah.",Taman Hiburan,Yogyakarta,0,44.0,desa wisata kelor salah desa kabupaten sleman kembang desa wisata desa wisata kelor tawar suasana desa duduk mata cahari tani ternak budidaya jamur tanam hijau bentang luas pandang alam asri desa wisata kelor milik masyarakat ramah milik lingkung desa nyaman desa kelor milik sungai air sungai jernih indah,desa wisata kelor salah desa kabupaten sleman kembang desa wisata desa wisata kelor tawar suasana desa duduk mata cahari tani ternak budidaya jamur tanam hijau bentang luas pandang alam asri desa wisata kelor milik masyarakat ramah milik lingkung desa nyaman desa kelor milik sungai air sungai jernih indah taman hiburan yogyakarta,Taman Hiburan,60
152,Pantai Patihan,"Pantai ini terletak di daerah Srigading, Sanden dan cukup dekat dengan Pantai Goa Cemara. Tempatnya juga asyik banget buat foto-foto, nggak beda jauh dengan Pandasari.",Bahari,Yogyakarta,5000,41.0,pantai letak daerah srigading sanden pantai goa cemara tempat asyik banget foto foto nggak beda pandasari,pantai letak daerah srigading sanden pantai goa cemara tempat asyik banget foto foto nggak beda pandasari bahari yogyakarta,Pantai/Bahari,60
153,Pantai Kukup,"Pantai Kukup adalah salah satu pantai yang memiliki hamparan pasir putih yang terkenal di Kabupaten Gunung Kidul, Yogyakarta. Selain memiliki pemandangan pantai yang cantik, pantai ini juga memberikan keunikan tersendiri. Di pantai ini terdapat pulau Karang yang menjadi daya tarik utama bagi para wisatawan lokal atau mancanegara. Karena di pulau Karang ini para wisatawan dapat menikmati keindahan pantai yang sangat menawan. Pantai cantik ini berada di sebelah timurnya Pantai Baron, kurang lebih berjarak sekitar 1 km. Tepatnya berada di Desa Kemadang, Kecamatan Tanjungsari, Kabupaten Gunung Kidul, Yogyakarta. Pantai Kukup ini masih dalam satu barisan dengan Pantai Baron, Pantai Krakal, Pantai Sundak, Pantai Sepanjang dan pantai-pantai lainnya. Jarak dari Kota Jogja ke pantai ini sekitar 40 km sedangkan jarak dari Kota Wonosari sekitar 25 km.",Bahari,Yogyakarta,10000,4.0,pantai kukup salah pantai milik hampar pasir putih kenal kabupaten gunung kidul yogyakarta milik pandang pantai cantik pantai uni sendiri pantai pulau karang daya tarik utama wisatawan lokal mancanegara pulau karang wisatawan nikmat indah pantai tawan pantai cantik belah timur pantai baron jarak km tepat desa madang camat tanjungsari kabupaten gunung kidul yogyakarta pantai kukup baris pantai baron pantai krakal pantai sundak pantai pantai pantai jarak kota jogja pantai km jarak kota wonosari km,pantai kukup salah pantai milik hampar pasir putih kenal kabupaten gunung kidul yogyakarta milik pandang pantai cantik pantai uni sendiri pantai pulau karang daya tarik utama wisatawan lokal mancanegara pulau karang wisatawan nikmat indah pantai tawan pantai cantik belah timur pantai baron jarak km tepat desa madang camat tanjungsari kabupaten gunung kidul yogyakarta pantai kukup baris pantai baron pantai krakal pantai sundak pantai pantai pantai jarak kota jogja pantai km jarak kota wonosari km bahari yogyakarta,Pantai/Bahari,60
154,Pantai Ngrawe (Mesra),"Kabupaten Gunungkidul jadi salah satu wilayah di Yogyakarta dengan koleksi pantai terbanyak. Tak terhitung jumlah pantai yang ada di sepanjang pesisir selatannya. Ada yang tetap alami, ada juga yang sengaja mendapat sentuhan agar lebih apik. Salah satunya adalah Pantai Ngrawe yang terletak di Kemadang, Gunungkidul. Sebagai pantai wisata, pantai yang juga terkenal dengan Pantai Mesra ini populer berkat kekuatan media sosial. Sementara pantai lainnya menawarkan keindahan alami, Pantai Ngrawe justru menyajikan konsep “taman” yang tidak biasa. Tertarik untuk mencoba berwisata di taman pinggir pantai? Pantai ini bisa jadi pilihan yang tepat!",Bahari,Yogyakarta,10000,45.0,kabupaten gunungkidul salah wilayah yogyakarta koleksi pantai hitung pantai pesisir selatan alami sengaja sentuh apik salah satu pantai ngrawe letak madang gunungkidul pantai wisata pantai kenal pantai mesra populer berkat kuat media sosial pantai tawar indah alami pantai ngrawe saji konsep taman tarik coba wisata taman pinggir pantai pantai pilih,kabupaten gunungkidul salah wilayah yogyakarta koleksi pantai hitung pantai pesisir selatan alami sengaja sentuh apik salah satu pantai ngrawe letak madang gunungkidul pantai wisata pantai kenal pantai mesra populer berkat kuat media sosial pantai tawar indah alami pantai ngrawe saji konsep taman tarik coba wisata taman pinggir pantai pantai pilih bahari yogyakarta,Pantai/Bahari,60
155,Pantai Ngobaran,"Pantai Ngobaran merupakan salah satu tempat wisata alam yang terletak di gugusan laut pantai selatan tepatnya di Desa Kanigoro, kecamatan Saptosari Kabupaten Gunungkidul Daerah Istimewa Yogyakarta 2 km dari pantai Ngrenehan.\nPantai ini sangat indah jika air surut maka tampaklah kolam kolam kecil yang terbentuk dari karang karang yang tertutp oleh alga (rumput laut yang hijau sebagai bahan baku kosmetik) dan terdapat banyak biota laut lainnya yang mungkin terjebak di kolam karang tersebut. Hal inilah yang menopanng kehidupan nelayan darat yakni para nelayan yang tidak memerlukan kapal atau perahu untuk mendapatkan hasil laut cukup beraktivitas dipinggir pantai. Biota laut yang sering di dapat adalah Lobster, landak laut, kerang-kerangan, bintang laut dan rumput laut itu sendiri tentunya .",Bahari,Yogyakarta,5000,46.0,pantai ngobaran salah wisata alam letak gugus laut pantai selatan tepat desa kanigoro camat saptosari kabupaten gunungkidul daerah istimewa yogyakarta km pantai ngrenehan npantai indah air surut tampak kolam kolam bentuk karang karang tertutp alga rumput laut hijau bahan baku kosmetik biota laut jebak kolam karang menopanng hidup nelayan darat nelayan kapal perahu hasil laut aktivitas pinggir pantai biota laut lobster landak laut kerang kerang bintang laut rumput laut,pantai ngobaran salah wisata alam letak gugus laut pantai selatan tepat desa kanigoro camat saptosari kabupaten gunungkidul daerah istimewa yogyakarta km pantai ngrenehan npantai indah air surut tampak kolam kolam bentuk karang karang tertutp alga rumput laut hijau bahan baku kosmetik biota laut jebak kolam karang menopanng hidup nelayan darat nelayan kapal perahu hasil laut aktivitas pinggir pantai biota laut lobster landak laut kerang kerang bintang laut rumput laut bahari yogyakarta,Pantai/Bahari,60
156,Pantai Pulang Sawal,"Pantai Pulang Sawal yang ada di Kecamatan Tepus bisa dicoba. Wisatawan lebih akrab dengan nama Indrayanti untuk merujuk pantai ini. Tidak hanya pengunjung lokal, wisatawan mancanegara pun terpikat dengan pesonanya.",Bahari,Yogyakarta,10000,45.0,pantai pulang sawal camat tepus coba wisatawan akrab nama indrayanti rujuk pantai unjung lokal wisatawan mancanegara pikat pesona,pantai pulang sawal camat tepus coba wisatawan akrab nama indrayanti rujuk pantai unjung lokal wisatawan mancanegara pikat pesona bahari yogyakarta,Pantai/Bahari,60
157,Pantai Baron,"Pantai Baron adalah salah satu objek wisata berupa pantai yang terletak di Desa Kemadang, Kecamatan Tanjungsari, Kabupaten Gunungkidul. Lokasi Pantai Baron dapat ditempuh 40 km daeri pusat kota Yogyakarta. Asal mula nama Pantai Baron berasal dari nama seorang bangsawan asal Belanda yang bernama Baron Skeber. Bangsawan tersebut pernah mendaratkan kapalnya di pantai selatan tepatnya di pantai yang saat ini terkenal dengan sebutan Pantai Baron. Jalan menuju objek wisata Pantai Baron cukup baik untuk dilalui kendaraan pribadi, sepeda motor dan bus.Objek wisata Pantai Baron merupakan pantai yang membentuk cekungan. Seperti pantai lainnya, di Pantai Baron tersedia aneka ikan laut beserta olahannya. Ikan yang biasanya dijual di Pantai Baron adalah udang windu, kakap, bawal putih dan tongkol. Pantai Baron memiliki fasilitas berupa tempat pelelangan ikan, wahana permainan anak-anak, perahu bermesin, dan toko cenderamata. Buah sirkaya, pisang tanduk, sirsak, dan berbagai macam cenderamata yang terbuat dari kerang laut. Cenderamata berbahan kerang yang banyak dijual di Pantai Baron adalah bros, tirai kerang, lampu hias, cermin berhias karang, figura, dan aneka karakter hewan yang juga terbuat dari kerang laut.Upacara sedekah laut adalah upacara yang masih sering dilakukan oleh masyarakat Gunungkidul. Pantai Baron adalah salah satu tempat untuk menyelenggarakan upacara sedekah laut tersebut. Upacara sedekah laut diselenggarakan setiap tanggal satu Syuro dalam penanggalan Jawa. Upacara sedekah laut dilakukan sebagai ungkapan rasa syukur penduduk setempat atas melimpahnya tangkapan ikan di Pantai Baron. Awalnya, sebagaian besar penduduk di sekitar Pantai Baron bukanlah nelayan melainkan petani yang mengolah kebun. Suatu ketika ada seseorang yang memulai menangkap ikan di pinggiran pantai dan mendapatkan banyak ikan, kemudian banyak penduduk yang mengikuti orang tersebut untuk menangkap ikan. Semakin lama, ikan di pinggir pantai semakin sedikit kemudian penduduk mencoba menangkap ikan ketengah laut menggunakan rakit kayu. Adanya kapal di pantai ini karena suatu ketika terjadi tragedi nelayan yang saat menangkap ikan di tengah laut digigit oleh ikan hiu maka kabar ini pun tersiar di mana-mana dan menjadikan pemerintah menyumbangkan perahu untuk nelayan Pantai Baron.Keunikan Pantai Baron adalah adanya sunga bawah tanah yang mengalir cukup deras ke arah lautan. Sungai bawah tanah tersebut mengalir ke arah laut dan membentuk sebuah sungai. Uniknya sungai bawah tanah yang ada di Pantai Baron adalah rasa airnya yang tawar meskipun berada sangat dekat dengan laut. Pengunjung yang tidak berani bermain dan berenang di laut dapat bermain air dan berenang dialiran sungai bawah tanah tersebut. Pemandangan lain yang ada di Pantai Baron adalah sebuah bukit yang berada di sekitar pantai. Pengunjung dapat menikmati keindahan pantai dari atas bukit tersebut.",Bahari,Yogyakarta,10000,44.0,pantai baron salah objek wisata pantai letak desa madang camat tanjungsari kabupaten gunungkidul lokasi pantai baron tempuh km daeri pusat kota yogyakarta nama pantai baron asal nama bangsawan belanda nama baron skeber bangsawan darat kapal pantai selatan tepat pantai kenal sebut pantai baron jalan objek wisata pantai baron kendara pribadi sepeda motor bus objek wisata pantai baron pantai bentuk cekung pantai pantai baron sedia aneka ikan laut serta olah ikan jual pantai baron udang windu kakap bawal putih tongkol pantai baron milik fasilitas lelang ikan wahana main anak anak perahu mesin toko cenderamata buah sirkaya pisang tanduk sirsak cenderamata buat kerang laut cenderamata bahan kerang jual pantai baron bros tirai kerang lampu hias cermin hias karang figura aneka karakter hewan buat kerang laut upacara sedekah laut upacara masyarakat gunungkidul pantai baron salah selenggara upacara sedekah laut upacara sedekah laut selenggara tanggal syuro tanggal jawa upacara sedekah laut ungkap syukur duduk limpah tangkap ikan pantai baron bagai duduk pantai baron nelayan tani olah kebun tangkap ikan pinggir pantai ikan duduk ikut tangkap ikan ikan pinggir pantai duduk coba tangkap ikan tengah laut rakit kayu kapal pantai tragedi nelayan tangkap ikan tengah laut gigit ikan hiu kabar siar jadi perintah sumbang perahu nelayan pantai baron uni pantai baron sunga tanah alir deras arah laut sungai tanah alir arah laut bentuk sungai unik sungai tanah pantai baron air tawar laut unjung berani main renang laut main air renang alir sungai tanah pandang pantai baron bukit pantai unjung nikmat indah pantai bukit,pantai baron salah objek wisata pantai letak desa madang camat tanjungsari kabupaten gunungkidul lokasi pantai baron tempuh km daeri pusat kota yogyakarta nama pantai baron asal nama bangsawan belanda nama baron skeber bangsawan darat kapal pantai selatan tepat pantai kenal sebut pantai baron jalan objek wisata pantai baron kendara pribadi sepeda motor bus objek wisata pantai baron pantai bentuk cekung pantai pantai baron sedia aneka ikan laut serta olah ikan jual pantai baron udang windu kakap bawal putih tongkol pantai baron milik fasilitas lelang ikan wahana main anak anak perahu mesin toko cenderamata buah sirkaya pisang tanduk sirsak cenderamata buat kerang laut cenderamata bahan kerang jual pantai baron bros tirai kerang lampu hias cermin hias karang figura aneka karakter hewan buat kerang laut upacara sedekah laut upacara masyarakat gunungkidul pantai baron salah selenggara upacara sedekah laut upacara sedekah laut selenggara tanggal syuro tanggal jawa upacara sedekah laut ungkap syukur duduk limpah tangkap ikan pantai baron bagai duduk pantai baron nelayan tani olah kebun tangkap ikan pinggir pantai ikan duduk ikut tangkap ikan ikan pinggir pantai duduk coba tangkap ikan tengah laut rakit kayu kapal pantai tragedi nelayan tangkap ikan tengah laut gigit ikan hiu kabar siar jadi perintah sumbang perahu nelayan pantai baron uni pantai baron sunga tanah alir deras arah laut sungai tanah alir arah laut bentuk sungai unik sungai tanah pantai baron air tawar laut unjung berani main renang laut main air renang alir sungai tanah pandang pantai baron bukit pantai unjung nikmat indah pantai bukit bahari yogyakarta,Pantai/Bahari,60
158,Pantai Pok Tunggal,"Pantai Pok Tunggal atau biasa disebut ""the hidden paradise"" (surga yang tersembunyi) adalah salah satu objek wisata yang ada di Yogyakarta tepatnya di Desa Tepus, Tepus, Gunung Kidul, Yogyakarta. Jika dihitung dari kota, maka jarak tempuhnya sejauh 80 km atau sekitar 2 jam perjalanan.\nNama Pantai Pok Tunggal diambil karena dipantai tersebut terdapat sebuah pohon duras tua yang berdiri kokoh hingga saat ini. Pantai ini dikelilingi oleh tebing perbukitan karst. Terdapat tebing-tebing karang yang ditumbuhi oleh pepohonan yang lebat dan didalamnya dihuni oleh kera-kera yang jinak. Uniknya, pantai ini memiliki aliran sungai air tawar dibawah tanah yang menjadi sumber kehidupan bagi masyarakat sekitar pantai. Layaknya pantai selatan lainnya, Pantai Pok Tunggal memiliki pasir putih yang halus dan membentang sepanjang pantai. Sampai saat ini Pantai Pok Tunggal masih terjaga kebersihan dan kealamiannya.\nPantai ini sangat ramai dikunjungi baik saat liburan maupun saat hari biasa. Terdapat banyak sekali aktivitas-aktivitas yang ditawarkan di Pantai Pok Tunggal, seperti diving, snorkeling, berenang, berkemah, berfoto di spot-spot foto yang indah, hingga aktivitas ekstrem seperti rock climbing.",Bahari,Yogyakarta,10000,45.0,pantai pok tunggal the hidden paradise surga sembunyi salah objek wisata yogyakarta tepat desa tepus tepus gunung kidul yogyakarta hitung kota jarak tempuh km jam jalan nnama pantai pok tunggal ambil pantai pohon duras tua diri kokoh pantai keliling tebing bukit karst tebing tebing karang tumbuh pohon lebat dalam huni kera kera jinak unik pantai milik alir sungai air tawar bawah tanah sumber hidup masyarakat pantai layak pantai selatan pantai pok tunggal milik pasir putih halus bentang pantai pantai pok tunggal jaga bersih alami npantai ramai kunjung libur aktivitas aktivitas tawar pantai pok tunggal diving snorkeling renang kemah foto spot spot foto indah aktivitas ekstrem rock climbing,pantai pok tunggal the hidden paradise surga sembunyi salah objek wisata yogyakarta tepat desa tepus tepus gunung kidul yogyakarta hitung kota jarak tempuh km jam jalan nnama pantai pok tunggal ambil pantai pohon duras tua diri kokoh pantai keliling tebing bukit karst tebing tebing karang tumbuh pohon lebat dalam huni kera kera jinak unik pantai milik alir sungai air tawar bawah tanah sumber hidup masyarakat pantai layak pantai selatan pantai pok tunggal milik pasir putih halus bentang pantai pantai pok tunggal jaga bersih alami npantai ramai kunjung libur aktivitas aktivitas tawar pantai pok tunggal diving snorkeling renang kemah foto spot spot foto indah aktivitas ekstrem rock climbing bahari yogyakarta,Pantai/Bahari,60
159,Hutan Pinus Asri,"Hampir semua kawasan di daerah Dlingo dan sekitarnya banyak ditumbuhi pohon pinus. Salah satunya adalah kawasan Hutan Pinus Asri yang ada di Dusun Karangasem. Karena keindahannya, tak heran jika banyak wisatawan datang untuk berfoto. Udara sejuk berkolaborasi dengan jajaran pohon pinus nan indah. Jika diperhatikan, pemandangan pohon pinus ini terlihat seperti pemandangan di Northwest Pacific. Apalagi, kabut tipis di pagi hari menyelimuti dengan tenangnya.",Cagar Alam,Yogyakarta,2500,45.0,kawasan daerah dlingo tumbuh pohon pinus salah satu kawasan hutan pinus asri dusun karangasem indah heran wisatawan foto udara sejuk kolaborasi jajar pohon pinus nan indah perhati pandang pohon pinus pandang northwest pacific kabut tipis pagi limut tenang,kawasan daerah dlingo tumbuh pohon pinus salah satu kawasan hutan pinus asri dusun karangasem indah heran wisatawan foto udara sejuk kolaborasi jajar pohon pinus nan indah perhati pandang pohon pinus pandang northwest pacific kabut tipis pagi limut tenang cagar alam yogyakarta,Kebun/Taman,60
160,Pasar Kebon Empring Bintaran,"Pasar Kebon Empring merupakan salah satu objek wisata di Kecamatan Piyungan yang menawarkan kuliner tradisional seperti sego atau nasi wader, jangan lombok, sego lele, sego welut, sego wiwit, tengkleng, sego mentel, geblek hingga dawet batok dan seruni. Harga yang ditawarkan relatif murah, mulai dari Rp3.000 sampai Rp17.000. Pasar Kebon Pring mulai dibuka untuk kunjungan wisatawan pada 17 Mei 2018. Dinamakan Pasar Kebon Empring karena hampir sekeliling objek wisata tersebut adalah pohon bambu atau empring dalam bahasa jawa. Lokasi tersebut mulai menjadi objek wisata awalnya karena banyak orang yang berswafoto di jembatan Kali Gawe dalam lokasi pasar Kebon Empring. Setelah jembatan Kali Gawe diresmikan pada Februari 2018, empat bulan kemudian warga setempat memanfaatkannya dan mengembangkan menjadi lokasi wisata dengan menambah sarana dan prasarana penunjang wisata seperti taman, destinasi swafoto, bale di atas Kali Gawe.",Pusat Perbelanjaan,Yogyakarta,0,44.0,pasar kebon empring salah objek wisata camat piyungan tawar kuliner tradisional sego nasi wader lombok sego lele sego welut sego wiwit tengkleng sego tel geblek dawet batok seruni harga tawar relatif murah rp rp pasar kebon pring buka kunjung wisatawan mei nama pasar kebon empring keliling objek wisata pohon bambu empring bahasa jawa lokasi objek wisata berswafoto jembatan gawe lokasi pasar kebon empring jembatan gawe resmi februari warga manfaat kembang lokasi wisata tambah sarana prasarana tunjang wisata taman destinasi swafoto bale gawe,pasar kebon empring salah objek wisata camat piyungan tawar kuliner tradisional sego nasi wader lombok sego lele sego welut sego wiwit tengkleng sego tel geblek dawet batok seruni harga tawar relatif murah rp rp pasar kebon pring buka kunjung wisatawan mei nama pasar kebon empring keliling objek wisata pohon bambu empring bahasa jawa lokasi objek wisata berswafoto jembatan gawe lokasi pasar kebon empring jembatan gawe resmi februari warga manfaat kembang lokasi wisata tambah sarana prasarana tunjang wisata taman destinasi swafoto bale gawe pusat perbelanjaan yogyakarta,Pusat Perbelanjaan,60
161,"Bukit Paralayang, Watugupit","Bukit Paralayang Parangtritis merupakan tempat wisata di Yogyakarta, tempat ini mensajikan pemandangan pantai parangtritis dari atas bukit dengan ketinggian 900 mdpl dan pemandangan matahari terbenam. selain itu di bukit paralayang parangtritis terdapat olahraga ekstrem paralayang, bagi wisatawan yang tertarik,terdapat ahli yang mendampingi. Awalnya bukit ini hanya perbukitan biasa. Kemudian pada tahun 1991 dibuat landasan beton pertama yang digunakan untuk olahraga paralayang. Kemudian dilanjutkan pembangunan fasilitas pendopo, tangga, dan area parkir pada tahun 1998",Cagar Alam,Yogyakarta,5000,47.0,bukit paralayang parangtritis wisata yogyakarta saji pandang pantai parangtritis bukit tinggi mdpl pandang matahari benam bukit paralayang parangtritis olahraga ekstrem paralayang wisatawan tarik ahli damping bukit bukit tahun landas beton olahraga paralayang lanjut bangun fasilitas pendopo tangga area parkir tahun,bukit paralayang parangtritis wisata yogyakarta saji pandang pantai parangtritis bukit tinggi mdpl pandang matahari benam bukit paralayang parangtritis olahraga ekstrem paralayang wisatawan tarik ahli damping bukit bukit tahun landas beton olahraga paralayang lanjut bangun fasilitas pendopo tangga area parkir tahun cagar alam yogyakarta,Gunung/Bukit,60
162,Kampung Wisata Dipowinatan,"Kampung Wisata Dipowinatan adalah sebuah kampung yang dikembangkan oleh Dinas Pariwisata Yogyakarta untuk tujuan pariwisata. Kampung tersebut merupakan salah satu dari 17 yang saat ini sedang dikembangkan oleh Pemerintah Kota Yogyakarta. Pepatnya, Kampung Dipowinatan terdapat di Kelurahan Keparakan, Kecamatan Mergangsan, Kota Yogyakarta. Keunggulan utama yang ditonjolkan oleh kampung itu adalah adanya konsep live in atau rekreasi yang berpadu dengan masyarakat sekitar sekaligus membaur dengan unsur budaya dan lokalitas masyarakat yang ada. Di dalam kampung tersebut, pengunjung akan disuguhi beberapa fasilitas unik seperti berkunjung ke rumah-rumah keluarga Jawa dengan mengenakan pakaian adat Jawa dan ditambah dengan adanya hiburan kesenian sekaligus sajian kuliner khas Jawa.",Budaya,Yogyakarta,220000,45.0,kampung wisata dipowinatan kampung kembang dinas pariwisata yogyakarta tuju pariwisata kampung salah kembang perintah kota yogyakarta pepat kampung dipowinatan lurah para camat mergangsan kota yogyakarta unggul utama tonjol kampung konsep live in rekreasi padu masyarakat baur unsur budaya lokalitas masyarakat kampung unjung suguh fasilitas unik kunjung rumah rumah keluarga jawa kena pakai adat jawa tambah hibur seni saji kuliner khas jawa,kampung wisata dipowinatan kampung kembang dinas pariwisata yogyakarta tuju pariwisata kampung salah kembang perintah kota yogyakarta pepat kampung dipowinatan lurah para camat mergangsan kota yogyakarta unggul utama tonjol kampung konsep live in rekreasi padu masyarakat baur unsur budaya lokalitas masyarakat kampung unjung suguh fasilitas unik kunjung rumah rumah keluarga jawa kena pakai adat jawa tambah hibur seni saji kuliner khas jawa budaya yogyakarta,Budaya,60
163,Watu Mabur Mangunan,"Kawasan Tebing Watu Mabur ini terbilang belum lama dikenal oleh masyarakat. Hal ini memang terjadi karena dahulu potensi wisata di kawasan Mangunan belum dikembangkan sedemikian rupa. Dahulu Kawasan Tebing Watu Mabur merupakan kawasan yang digunakan untuk perkemahan. Area perkemahannya sendiri cukup luas yang bisa menampung puluhan tenda besar. Sampai sekarang kawasan perkemahannya masih ada, namun jarang digunakan untuk aktivitas perkemahan, karena di Yogyakarta begitu banyak spot untuk berkemah. Mengunjungi Tebing Watu Mabur tidak lengkap jika tidak mencoba beberapa spot fotonya yang sekarang sangat hits. Spot foto yang paling terkenal ialah jalan raya / landasan pacu yang ujungnya tepat menghadap jurang. Sehingga ketika anda foto di tempat ini seperti sedang berada di jalan yang tidak berujung._x000D_",Cagar Alam,Yogyakarta,2500,45.0,kawasan tebing watu mabur bilang kenal masyarakat potensi wisata kawasan mangun kembang kawasan tebing watu mabur kawasan kemah area kemah luas tampung puluh tenda kawasan kemah jarang aktivitas kemah yogyakarta spot kemah unjung tebing watu mabur lengkap coba spot foto hits spot foto kenal jalan raya landas pacu ujung hadap jurang foto jalan ujung,kawasan tebing watu mabur bilang kenal masyarakat potensi wisata kawasan mangun kembang kawasan tebing watu mabur kawasan kemah area kemah luas tampung puluh tenda kawasan kemah jarang aktivitas kemah yogyakarta spot kemah unjung tebing watu mabur lengkap coba spot foto hits spot foto kenal jalan raya landas pacu ujung hadap jurang foto jalan ujung cagar alam yogyakarta,Cagar Alam,60
164,Pintoe Langit Dahromo,"Pintu Langit Dahromo ini menyediakan berbagai spot selfie yang hitz dan instagramable dengan latar belakang panorama keindahan sebagian Kota Jogja yang istimewa. Adapun berbagai spot foto tersebut seperti spot foto rumah dengan bunga-bunga disekitarnya, pintu langit, gardu pandang yang berbentuk love, dan ada juga sayap capung. Pintu Langit Dahromo berlokasi di Jl. Dahromo, Karang Asem, Muntuk, Dlingo, Bantul, Daerah Istimewa Yogyakarta 55783. Tepatnya berada di jalur wisata perbukitan sebelah selatan bukit Lintang Sewu. Untuk mencapai Pintu Langit ini, rute perjalanan yang dilalui cukup mudah karena berada dekat dengan wisata lainnya.",Cagar Alam,Yogyakarta,2500,44.0,pintu langit dahromo sedia spot selfie hitz instagramable latar panorama indah kota jogja istimewa spot foto spot foto rumah bunga bunga sekitar pintu langit gardu pandang bentuk love sayap capung pintu langit dahromo lokasi jl dahromo karang asem muntuk dlingo bantul daerah istimewa yogyakarta tepat jalur wisata bukit belah selatan bukit lintang sewu capai pintu langit rute jalan mudah wisata,pintu langit dahromo sedia spot selfie hitz instagramable latar panorama indah kota jogja istimewa spot foto spot foto rumah bunga bunga sekitar pintu langit gardu pandang bentuk love sayap capung pintu langit dahromo lokasi jl dahromo karang asem muntuk dlingo bantul daerah istimewa yogyakarta tepat jalur wisata bukit belah selatan bukit lintang sewu capai pintu langit rute jalan mudah wisata cagar alam yogyakarta,Cagar Alam,60
165,Green Village Gedangsari,"Wisata Green Village Gedangsari Gunungkidul merupakan wisata alam cukup menakjubkan, pesona alam berupa hamparan pepohonan hijau rindang serta udara sejuk, bahkan sekarang telah hadir loh wahana flying fox terpanjang se Asia Tenggara. Berada di dataran tinggi, pengunjung dapat menyaksikan panorama kota Jogja, Klaten hingga kota Solo. Beberapa kegiatan liburan menyenangkan dapat dilakukan ketika liburan di Green Village Gunungkidul. Sepanjang jalan setapak berawal dari gerbang masuk hingga lokasi puncak, tak perlu heran kalau banyak pengunjung berswafoto di sepanjang jalan. Hal tersebut mengingat pesona alam masih asri, sehingga sangat cocok dijadikan background berswafoto bareng keluarga, teman atau pun bareng pasangan. Tentu saja banyak pengunjung membawa tongkat selfie bahkan ada juga menggunakan pesawat drone demi merekam momen keseruan dan keindahan alam Gunungkidul melalui jepretan kamera._x000D_",Taman Hiburan,Yogyakarta,2000,42.0,wisata green village gedangsari gunungkidul wisata alam takjub pesona alam hampar pohon hijau rindang udara sejuk hadir loh wahana flying fox panjang asia tenggara datar tinggi unjung saksi panorama kota jogja klaten kota solo giat libur senang libur green village gunungkidul jalan setapak gerbang lokasi puncak heran unjung berswafoto jalan pesona alam asri cocok jadi background berswafoto bareng keluarga teman bareng pasang unjung bawa tongkat selfie pesawat drone rekam momen seru indah alam gunungkidul jepret kamera,wisata green village gedangsari gunungkidul wisata alam takjub pesona alam hampar pohon hijau rindang udara sejuk hadir loh wahana flying fox panjang asia tenggara datar tinggi unjung saksi panorama kota jogja klaten kota solo giat libur senang libur green village gunungkidul jalan setapak gerbang lokasi puncak heran unjung berswafoto jalan pesona alam asri cocok jadi background berswafoto bareng keluarga teman bareng pasang unjung bawa tongkat selfie pesawat drone rekam momen seru indah alam gunungkidul jepret kamera taman hiburan yogyakarta,Taman Hiburan,60
166,Kebun Teh Nglinggo,"Wisata Kebun Teh Nglinggo adalah satu-satunya kebun teh yang berada di Yogyakarta. Sebenarnya kebun teh ini merupakan tempat mata pencaharian penduduk di sekitar Pagerhajo. Kemudian warga mempunyai ide untuk menjadikannya sebagai tempat wisata. Dengan pesona alamnya Kebun Teh Nglinggo menjadi objek wisata yang cukup terkenal di Kulon Progo. Kebun Teh Nglinggo terletak di wilayah Perbukitan Menoreh. Lokasinya di Desa Wisata Nglinggo, Nglinggo Barat, Pagerharjo, Samigaluh, Kabupaten Kulon Progo, DIY. Wisata ini menawarkan objek wisata berupa hamparan perkebunan teh dengan luas sekitar 136 hektare di ketinggian 900-1000 mdpl . Di sana pengunjung dapat melihat para pemetik daun teh dan dapat pula ikut memanen daun teh. Jika kurang puas pengunjung juga dapat naik hingga Puncak Kendeng Gunung Kukusan, dan akan dimanjakan dengan pemandangan alam yang memikat mata juga udara sejuk pegunungan yang masih alami . Dari puncak tersebut pengunjung akan disajikan dengan pemandangan delapan gunung besar yang ada di Jogja dan Jawa Tengah . Pengunjung juga bisa menjelajahi Kebun Teh Nglinggo dengan jeep ataupun motor trail. Meskipun buka dari pukul 06.00-18.00 WIB, tetapi Kebun Teh Nglinggo dapat dijadikan objek wisata untuk berburu sunrise. Karena pengunjung dapat bermalam di home stay sekitar. Untuk harga tiket masuk objek wisata Kebun Teh Nglinggo sebesar Rp 5000 per orang.",Cagar Alam,Yogyakarta,6000,45.0,wisata kebun teh nglinggo satu kebun teh yogyakarta kebun teh cahari duduk pagerhajo warga ide jadi wisata pesona alam kebun teh nglinggo objek wisata kenal kulon progo kebun teh nglinggo letak wilayah bukit toreh lokasi desa wisata nglinggo nglinggo barat pagerharjo samigaluh kabupaten kulon progo diy wisata tawar objek wisata hampar kebun teh luas hektare tinggi mdpl unjung petik daun teh panen daun teh puas unjung puncak kendeng gunung kukus manja pandang alam mikat udara sejuk gunung alami puncak unjung saji pandang delapan gunung jogja jawa tengah unjung jajah kebun teh nglinggo jeep motor trail buka wib kebun teh nglinggo jadi objek wisata buru sunrise unjung malam home stay harga tiket objek wisata kebun teh nglinggo rp,wisata kebun teh nglinggo satu kebun teh yogyakarta kebun teh cahari duduk pagerhajo warga ide jadi wisata pesona alam kebun teh nglinggo objek wisata kenal kulon progo kebun teh nglinggo letak wilayah bukit toreh lokasi desa wisata nglinggo nglinggo barat pagerharjo samigaluh kabupaten kulon progo diy wisata tawar objek wisata hampar kebun teh luas hektare tinggi mdpl unjung petik daun teh panen daun teh puas unjung puncak kendeng gunung kukus manja pandang alam mikat udara sejuk gunung alami puncak unjung saji pandang delapan gunung jogja jawa tengah unjung jajah kebun teh nglinggo jeep motor trail buka wib kebun teh nglinggo jadi objek wisata buru sunrise unjung malam home stay harga tiket objek wisata kebun teh nglinggo rp cagar alam yogyakarta,Kebun/Taman,60
167,Geoforest Watu Payung Turunan,"Bagi para pemburu keindahan matahari terbit yang tinggal atau berdomisili di Yogyakarta dan sekitarnya, Geoforest Watu Payung Turunan merupakan tujuan yang tepat. Keindahan matahari terbit, panorama alam, dan keunikan ornamen merupakan perpaduan sempurna yang tersaji di Geoforest Watu Payung Turunan. Tak hanya untuk memotret, obyek wisata ini juga pas untuk sekadar bersantai menikmati indahnya pagi.",Cagar Alam,Yogyakarta,0,45.0,buru indah matahari terbit tinggal domisili yogyakarta geoforest watu payung turun tuju indah matahari terbit panorama alam uni ornamen padu sempurna saji geoforest watu payung turun potret obyek wisata pas santa nikmat indah pagi,buru indah matahari terbit tinggal domisili yogyakarta geoforest watu payung turun tuju indah matahari terbit panorama alam uni ornamen padu sempurna saji geoforest watu payung turun potret obyek wisata pas santa nikmat indah pagi cagar alam yogyakarta,Kebun/Taman,60
168,Pantai Timang,"Pantai Timang adalah objek wisata berupa pantai yaitu wilayah yang menjadi batas antara lautan dan daratan yang terletak di Kabupaten Gunungkidul, Daerah Istimewa Yogyakarta. Pantai Timang merupakan salah satu pantai di yogyakarta yang pasirnya berwarna putih. Pantai Timang terletak di antara Pantai Siung dan Pantai Sundak Gunungkidul. Aksesn menuju pantai ini cukup sulit, jalan ke arah pantai ini masih banyak yang belum diaspal karena lokasi pantai ini cukup terpencil. Keunikan pantai ini ialah terdapat sebuah pulau yang menjadi habitat lobster laut diseberang pantai._x000D_",Bahari,Yogyakarta,10000,47.0,pantai timang objek wisata pantai wilayah batas laut darat letak kabupaten gunungkidul daerah istimewa yogyakarta pantai timang salah pantai yogyakarta pasir warna putih pantai timang letak pantai siung pantai sundak gunungkidul aksesn pantai sulit jalan arah pantai aspal lokasi pantai pencil uni pantai pulau habitat lobster laut seberang pantai,pantai timang objek wisata pantai wilayah batas laut darat letak kabupaten gunungkidul daerah istimewa yogyakarta pantai timang salah pantai yogyakarta pasir warna putih pantai timang letak pantai siung pantai sundak gunungkidul aksesn pantai sulit jalan arah pantai aspal lokasi pantai pencil uni pantai pulau habitat lobster laut seberang pantai bahari yogyakarta,Pantai/Bahari,60
169,Puncak Segoro,"Puncak Segoro menjadi destinasi wisata terbaru di Yogyakarta yang menawarkan sajian pesona sunset yang mempesona. Puncak Segoro Jogja sendiri berlokasi di pinggir pantai selatan Yogyakarta. Kenapa di beri nama Puncak Segoro, Karena lokasinya berada di atas lautan dengan lanscape pemandangan alam yang luar biasa. Berupa tebing tinggi yang menghadap ke laut kidul membuat keindahan panorama yang di sajikan begitu istimewa.",Cagar Alam,Yogyakarta,5000,42.0,puncak segoro destinasi wisata baru yogyakarta tawar saji pesona sunset pesona puncak segoro jogja lokasi pinggir pantai selatan yogyakarta nama puncak segoro lokasi laut lanscape pandang alam tebing tinggi hadap laut kidul indah panorama saji istimewa,puncak segoro destinasi wisata baru yogyakarta tawar saji pesona sunset pesona puncak segoro jogja lokasi pinggir pantai selatan yogyakarta nama puncak segoro lokasi laut lanscape pandang alam tebing tinggi hadap laut kidul indah panorama saji istimewa cagar alam yogyakarta,Gunung/Bukit,60
170,Candi Borobudur,"Borobudur (bahasa Jawa: ꦕꦤ꧀ꦝꦶ​ꦧꦫꦧꦸꦝꦸꦂ, translit. Candhi Barabudhur) adalah sebuah candi Buddha yang terletak di Borobudur, Magelang, Jawa Tengah, Indonesia. Candi ini terletak kurang lebih 100 km di sebelah barat daya Semarang, 86 km di sebelah barat Surakarta, dan 40 km di sebelah barat laut Yogyakarta. Candi berbentuk stupa ini didirikan oleh para penganut agama Buddha Mahayana sekitar tahun 800-an Masehi pada masa pemerintahan wangsa Syailendra. Borobudur adalah candi atau kuil Buddha terbesar di dunia, sekaligus salah satu monumen Buddha terbesar di dunia.\nMonumen ini terdiri atas enam teras berbentuk bujur sangkar yang di atasnya terdapat tiga pelataran melingkar, pada dindingnya dihiasi dengan 2.672 panel relief dan aslinya terdapat 504 arca Buddha. Borobudur memiliki koleksi relief Buddha terlengkap dan terbanyak di dunia. Stupa utama terbesar teletak di tengah sekaligus memahkotai bangunan ini, dikelilingi oleh tiga barisan melingkar 72 stupa berlubang yang di dalamnya terdapat arca Buddha tengah duduk bersila dalam posisi teratai sempurna dengan mudra (sikap tangan) Dharmachakra mudra (memutar roda dharma).\nMonumen ini merupakan model alam semesta dan dibangun sebagai tempat suci untuk memuliakan Buddha sekaligus berfungsi sebagai tempat ziarah untuk menuntun umat manusia beralih dari alam nafsu duniawi menuju pencerahan dan kebijaksanaan sesuai ajaran Buddha. Para peziarah masuk melalui sisi timur dan memulai ritual di dasar candi dengan berjalan melingkari bangunan suci ini searah jarum jam, sambil terus naik ke undakan berikutnya melalui tiga tingkatan ranah dalam kosmologi Buddha. Ketiga tingkatan itu adalah Kāmadhātu (ranah hawa nafsu), Rupadhatu (ranah berwujud), dan Arupadhatu (ranah tak berwujud). Dalam perjalanannya para peziarah berjalan melalui serangkaian lorong dan tangga dengan menyaksikan tak kurang dari 1.460 panel relief indah yang terukir pada dinding dan pagar langkan.\nMenurut bukti-bukti sejarah, Borobudur ditinggalkan pada abad ke-14 seiring melemahnya pengaruh kerajaan Hindu dan Buddha di Jawa serta mulai masuknya pengaruh Islam. Dunia mulai menyadari keberadaan bangunan ini sejak ditemukan 1814 oleh Sir Thomas Stamford Raffles, yang saat itu menjabat sebagai Gubernur Jenderal Inggris atas Jawa. Sejak saat itu Borobudur telah mengalami serangkaian upaya penyelamatan dan pemugaran (perbaikan kembali). Proyek pemugaran terbesar digelar pada kurun waktu 1975 hingga 1982 atas upaya Pemerintah Republik Indonesia dan UNESCO, kemudian situs bersejarah ini masuk dalam daftar Situs Warisan Dunia.Borobudur kini masih digunakan sebagai tempat ziarah keagamaan; tiap tahun umat Buddha yang datang dari seluruh Indonesia dan mancanegara berkumpul di Borobudur untuk memperingati Trisuci Waisak. Dalam dunia pariwisata, Borobudur adalah objek wisata tunggal di Indonesia yang paling banyak dikunjungi wisatawan.",Budaya,Yogyakarta,50000,47.0,borobudur bahasa jawa translit candhi barabudhur candi buddha letak borobudur magelang jawa tengah indonesia candi letak km belah barat daya semarang km belah barat surakarta km belah barat laut yogyakarta candi bentuk stupa diri anut agama buddha mahayana tahun an masehi perintah wangsa syailendra borobudur candi kuil buddha besar dunia salah monumen buddha besar dunia nmonumen enam teras bentuk bujur sangkar atas latar lingkar dinding hias panel relief asli arca buddha borobudur milik koleksi relief buddha lengkap dunia stupa utama besar tetak tengah mahkota bangun keliling baris lingkar stupa lubang dalam arca buddha tengah duduk sila posisi teratai sempurna mudra sikap tangan dharmachakra mudra putar roda dharma nmonumen model alam semesta bangun suci mulia buddha fungsi ziarah tuntun umat manusia alih alam nafsu duniawi cerah bijaksana sesuai ajar buddha ziarah sisi timur ritual dasar candi jalan lingkar bangun suci arah jarum jam unda tingkat ranah kosmologi buddha tiga tingkat madh tu ranah hawa nafsu rupadhatu ranah wujud arupadhatu ranah wujud jalan ziarah jalan rangkai lorong tangga saksi panel relief indah ukir dinding pagar langkan nmenurut bukti bukti sejarah borobudur tinggal abad iring lemah pengaruh raja hindu buddha jawa masuk pengaruh islam dunia sadar ada bangun temu sir thomas stamford raffles jabat gubernur jenderal inggris jawa borobudur alami rangkai upaya selamat pugar baik proyek pugar besar gelar kurun waktu upaya perintah republik indonesia unesco situs sejarah daftar situs waris dunia borobudur ziarah agama tahun umat buddha indonesia mancanegara kumpul borobudur ingat trisuci waisak dunia pariwisata borobudur objek wisata tunggal indonesia kunjung wisatawan,borobudur bahasa jawa translit candhi barabudhur candi buddha letak borobudur magelang jawa tengah indonesia candi letak km belah barat daya semarang km belah barat surakarta km belah barat laut yogyakarta candi bentuk stupa diri anut agama buddha mahayana tahun an masehi perintah wangsa syailendra borobudur candi kuil buddha besar dunia salah monumen buddha besar dunia nmonumen enam teras bentuk bujur sangkar atas latar lingkar dinding hias panel relief asli arca buddha borobudur milik koleksi relief buddha lengkap dunia stupa utama besar tetak tengah mahkota bangun keliling baris lingkar stupa lubang dalam arca buddha tengah duduk sila posisi teratai sempurna mudra sikap tangan dharmachakra mudra putar roda dharma nmonumen model alam semesta bangun suci mulia buddha fungsi ziarah tuntun umat manusia alih alam nafsu duniawi cerah bijaksana sesuai ajar buddha ziarah sisi timur ritual dasar candi jalan lingkar bangun suci arah jarum jam unda tingkat ranah kosmologi buddha tiga tingkat madh tu ranah hawa nafsu rupadhatu ranah wujud arupadhatu ranah wujud jalan ziarah jalan rangkai lorong tangga saksi panel relief indah ukir dinding pagar langkan nmenurut bukti bukti sejarah borobudur tinggal abad iring lemah pengaruh raja hindu buddha jawa masuk pengaruh islam dunia sadar ada bangun temu sir thomas stamford raffles jabat gubernur jenderal inggris jawa borobudur alami rangkai upaya selamat pugar baik proyek pugar besar gelar kurun waktu upaya perintah republik indonesia unesco situs sejarah daftar situs waris dunia borobudur ziarah agama tahun umat buddha indonesia mancanegara kumpul borobudur ingat trisuci waisak dunia pariwisata borobudur objek wisata tunggal indonesia kunjung wisatawan budaya yogyakarta,Candi/Keraton,60
171,Candi Ijo,"Candi Ijo (bahasa Jawa: ꦕꦤ꧀ꦝꦶ​ꦆꦗꦺꦴ, translit. Candhi Ijo) adalah sebuah kompleks percandian bercorak Hindu, berada 4 kilometer arah tenggara dari Candi Ratu Boko atau kira-kira 18 kilometer di sebelah timur kota Yogyakarta. Candi ini diperkirakan dibangun antara kurun abad ke-10 sampai dengan ke-11 Masehi pada saat zaman Kerajaan Medang periode Mataram._x000D_",Budaya,Yogyakarta,5000,46.0,candi ijo bahasa jawa translit candhi ijo kompleks candi corak hindu kilometer arah tenggara candi ratu boko kilometer belah timur kota yogyakarta candi bangun kurun abad masehi zaman raja medang periode mataram,candi ijo bahasa jawa translit candhi ijo kompleks candi corak hindu kilometer arah tenggara candi ratu boko kilometer belah timur kota yogyakarta candi bangun kurun abad masehi zaman raja medang periode mataram budaya yogyakarta,Candi/Keraton,60
172,Pantai Indrayanti,"Pantai Indrayanti menawarkan keindahan alam yang menakjubkan. Hamparan pasir dan birunya laut menjadi pesona yang tiada dua. Pantai Indrayanti merupakan salah satu tempat wisata Yogyakarta yang menjadi rekomendasi bagi wisatawan. Jika kamu merasa jenuh di Malioboro, pantai ini bisa menjadi pilihannya.",Bahari,Yogyakarta,10000,45.0,pantai indrayanti tawar indah alam takjub hampar pasir biru laut pesona tiada pantai indrayanti salah wisata yogyakarta rekomendasi wisatawan jenuh malioboro pantai pilih,pantai indrayanti tawar indah alam takjub hampar pasir biru laut pesona tiada pantai indrayanti salah wisata yogyakarta rekomendasi wisatawan jenuh malioboro pantai pilih bahari yogyakarta,Pantai/Bahari,60
173,Pantai Nglambor,"Pantai Nglambor adalah sebuah pantai eksotis yang terletak di Kelurahan Purwodadi, Kecamatan Tepus, Gunung Kidul, Daerah Istimewa Yogyakarta. Lokasinya persis di sebelah barat dari Pantai Siung dan sebelah timur dari Pantai Jogan. Jaraknya kurang lebih 74 km dari pusat kota Jogja, pantai ini menawarkan panorama pantai yang indah. Terdapat dua batu karang besar yang menyerupai kura-kura persis di depan teluknya.\nAir lautnya yang jernih menjadikan pengunjung bisa dengan leluasa melihat karang, rumput laut, ikan dengan berbagai warna berkejaran, dan aneka biota laut lainnya dari permukaan air. Para pengunjung pun bisa melakukan snorkeling dan berenang di pantai ini tanpa harus khawatir tergulung ombak besar karena memang lokasinya pantainya yang berada di teluk.Seringkali pengunjung berasal dari luar kota bahkan luar negeri, seperti turis dari Belanda, Prancis dan Singapura",Bahari,Yogyakarta,10000,44.0,pantai nglambor pantai eksotis letak lurah purwodadi camat tepus gunung kidul daerah istimewa yogyakarta lokasi persis belah barat pantai siung belah timur pantai jogan jarak km pusat kota jogja pantai tawar panorama pantai indah batu karang rupa kura kura persis teluk nair laut jernih jadi unjung leluasa karang rumput laut ikan warna jaran aneka biota laut muka air unjung snorkeling renang pantai khawatir gulung ombak lokasi pantai teluk seringkali unjung asal kota negeri turis belanda prancis singapura,pantai nglambor pantai eksotis letak lurah purwodadi camat tepus gunung kidul daerah istimewa yogyakarta lokasi persis belah barat pantai siung belah timur pantai jogan jarak km pusat kota jogja pantai tawar panorama pantai indah batu karang rupa kura kura persis teluk nair laut jernih jadi unjung leluasa karang rumput laut ikan warna jaran aneka biota laut muka air unjung snorkeling renang pantai khawatir gulung ombak lokasi pantai teluk seringkali unjung asal kota negeri turis belanda prancis singapura bahari yogyakarta,Pantai/Bahari,60
174,Pasar Beringharjo,"Pasar Beringharjo (bahasa Jawa: ꦥꦱꦂꦧꦼꦫꦶꦁꦲꦂꦗ, translit. Pasar Beringharjo) adalah pasar tertua dengan nilai historis dan filosofis yang tidak dapat dipisahkan dengan Keraton Yogyakarta. Beringharjo memiliki makna harafiah hutan pohon beringin yang diharapkan memberikan kesejahteraan bagi warga Yogyakarta. Pasar Beringharjo terletak di Jalan Jenderal Ahmad Yani nomor 16, Yogyakarta. Ada banyak jenis barang yang dapat dibeli di Pasar Beringharjo, mulai dari batik, jajanan pasar, uang kuno, pakaian anak dan dewasa, makanan cepat saji, bahan dasar jamu tradisional, sembako hingga barang antik.",Pusat Perbelanjaan,Yogyakarta,0,45.0,pasar beringharjo bahasa jawa translit pasar beringharjo pasar tua nilai historis filosofis pisah keraton yogyakarta beringharjo milik makna harafiah hutan pohon beringin harap sejahtera warga yogyakarta pasar beringharjo letak jalan jenderal ahmad yani nomor yogyakarta jenis barang beli pasar beringharjo batik jajan pasar uang kuno pakai anak dewasa makan cepat saji bahan dasar jamu tradisional sembako barang antik,pasar beringharjo bahasa jawa translit pasar beringharjo pasar tua nilai historis filosofis pisah keraton yogyakarta beringharjo milik makna harafiah hutan pohon beringin harap sejahtera warga yogyakarta pasar beringharjo letak jalan jenderal ahmad yani nomor yogyakarta jenis barang beli pasar beringharjo batik jajan pasar uang kuno pakai anak dewasa makan cepat saji bahan dasar jamu tradisional sembako barang antik pusat perbelanjaan yogyakarta,Pusat Perbelanjaan,60
175,Museum Ullen Sentalu,"Museum Ullen Sentalu, (bahasa Jawa: ꦩꦸꦱꦶꦪꦸꦩ꧀​ꦈꦭ꧀ꦭꦺꦤ꧀​ꦱꦼꦤ꧀ꦠꦭꦸ, translit. Musiyum Ullèn Sentalu) terletak di Kecamatan Pakem (Kaliurang), Kabupaten Sleman, Daerah Istimewa Yogyakarta, adalah museum yang menampilkan budaya dan kehidupan para bangsawan Dinasti Mataram (Kasunanan Surakarta, Kesultanan Yogyakarta, Praja Mangkunegaran, dan Kadipaten Pakualaman) beserta koleksi bermacam-macam batik (baik gaya Yogyakarta maupun Surakarta).\nMuseum ini juga menampilkan tokoh raja-raja beserta permaisurinya dengan berbagai macam pakaian yang dikenakan, baik untuk acara formal maupun untuk keseharian. \nNama Ullen Sentalu merupakan akronim dari bahasa Jawa: “ULating bLENcong SEjatiNe TAtaraning LUmaku” yang artinya adalah “Nyala lampu blencong sebagai petunjuk bagi umat manusia dalam melangkah dan meniti kehidupan”. Falsafah ini diambil dari sebuah lampu minyak yang dipergunakan dalam pertunjukkan wayang kulit (blencong) yang merupakan cahaya yang selalu bergerak untuk mengarahkan dan menerangi perjalanan hidup kita. Museum ini didirikan oleh salah seorang bangsawan Yogyakarta yang dikenal sangat dekat dengan keluarga keraton Surakarta dan Yogyakarta.\nDi Museum Ullen Sentalu, dapat diketahui bagaimana para leluhur Jawa membuat batik yang memiliki arti dan makna yang mendalam di dalam setiap coraknya. Ada juga berbagai sejarah mengenai keadaan budaya Jawa dari masa Mataram Kuno hingga Mataram Islam dengan segala aturannya. Keadaan museum yang dibangun dengan baik mampu membuat pengunjung seperti terserap ke masa Jawa kuno yang mengagumkan._x000D_",Budaya,Yogyakarta,100000,47.0,museum ullen sentalu bahasa jawa translit musiyum ull sentalu letak camat pakem kaliurang kabupaten sleman daerah istimewa yogyakarta museum tampil budaya hidup bangsawan dinasti mataram kasunanan surakarta sultan yogyakarta praja mangkunegaran kadipaten pakualaman serta koleksi batik gaya yogyakarta surakarta nmuseum tampil tokoh raja raja serta permaisuri pakai kena acara formal hari nnama ullen sentalu akronim bahasa jawa ulating blencong sejatine tataraning lumaku nyala lampu blencong tunjuk umat manusia lang titi hidup falsafah ambil lampu minyak tunjuk wayang kulit blencong cahaya gerak arah rang jalan hidup museum diri salah bangsawan yogyakarta kenal keluarga keraton surakarta yogyakarta ndi museum ullen sentalu leluhur jawa batik milik makna dalam corak sejarah budaya jawa mataram kuno mataram islam atur museum bangun unjung serap jawa kuno kagum,museum ullen sentalu bahasa jawa translit musiyum ull sentalu letak camat pakem kaliurang kabupaten sleman daerah istimewa yogyakarta museum tampil budaya hidup bangsawan dinasti mataram kasunanan surakarta sultan yogyakarta praja mangkunegaran kadipaten pakualaman serta koleksi batik gaya yogyakarta surakarta nmuseum tampil tokoh raja raja serta permaisuri pakai kena acara formal hari nnama ullen sentalu akronim bahasa jawa ulating blencong sejatine tataraning lumaku nyala lampu blencong tunjuk umat manusia lang titi hidup falsafah ambil lampu minyak tunjuk wayang kulit blencong cahaya gerak arah rang jalan hidup museum diri salah bangsawan yogyakarta kenal keluarga keraton surakarta yogyakarta ndi museum ullen sentalu leluhur jawa batik milik makna dalam corak sejarah budaya jawa mataram kuno mataram islam atur museum bangun unjung serap jawa kuno kagum budaya yogyakarta,Museum,60
176,Museum Gunung Merapi,"Museum Gunung Merapi (bahasa Jawa: ꧋ꦩꦸꦱꦶꦪꦸꦩ꧀​ ꦒꦸꦤꦸꦁ​ ꦩꦼꦫꦥꦶ꧉, translit. Musiyum Gunung Merapi) merupakan museum bersejarah yang terdapat di Yogyakarta tepatnya di Jln. Boyong, Dusun Banteng, Desa Hargobinangun, Kecamatan Pakem, Kabupaten Sleman, Daerah Istimewa Yogyakarta sekitar lima kilometer dari kawasan objek wisata Kaliurang. Museum Gunung Merapi telah diresmikan pada tanggal 1 Oktober 2009 oleh Menteri Energi dan Sumber Daya Mineral (ESDM), Purnomo Yusgiantoro.\nDengan luas bangunan sekitar 4,470 yang berdiri di atas tanah seluas 3,5 hektare, museum yang ke depan juga akan dilengkapi dengan taman, area parkir, dan plasa ini ingin dikenal masyarakat sebagai Museum Gunungapi Merapi dengan semboyan Merapi Jendela Bumi .\nMuseum Gunung Merapi ini dapat dijadikan sebagai sarana pendidikan, penyebarluasan informasi aspek kegunungapian khususnya dan kebencanaan geologi lainnya yang bersifat rekreatif-edukatif untuk masyarakat luas dengan tujuan untuk memberikan wawasan dan pemahaman tentang aspek ilmiah, maupun sosial-budaya dan lain-lain yang berkaitan dengan gunungapi dan sumber kebencanaan geologi lainnya. Museum Gunungapi ini diharapkan dapat menjadi solusi alternatif sebagai sarana yang sangat penting dan potensial sebagai pusat layanan informasi kegunungapian dalam upaya mencerdaskan kehidupan masyarakat, serta sebagai media dalam meningkatkan kesadaran dan kewaspadaan masyarakat tentang manfaat dan ancaman bahaya letusan gunungapi serta bencana geologi lainnya .",Budaya,Yogyakarta,10000,44.0,museum gunung rapi bahasa jawa translit musiyum gunung rapi museum sejarah yogyakarta tepat jln boyong dusun banteng desa hargobinangun camat pakem kabupaten sleman daerah istimewa yogyakarta kilometer kawasan objek wisata kaliurang museum gunung rapi resmi tanggal oktober menteri energi sumber daya mineral esdm purnomo yusgiantoro ndengan luas bangun diri tanah luas hektare museum lengkap taman area parkir plasa kenal masyarakat museum gunungapi rapi semboyan rapi jendela bumi nmuseum gunung rapi jadi sarana didik penyebarluasan informasi aspek kegunungapian bencana geologi sifat rekreatif edukatif masyarakat luas tuju wawas paham aspek ilmiah sosial budaya kait gunungapi sumber bencana geologi museum gunungapi harap solusi alternatif sarana potensial pusat layan informasi kegunungapian upaya cerdas hidup masyarakat media tingkat sadar waspada masyarakat manfaat ancam bahaya letus gunungapi bencana geologi,museum gunung rapi bahasa jawa translit musiyum gunung rapi museum sejarah yogyakarta tepat jln boyong dusun banteng desa hargobinangun camat pakem kabupaten sleman daerah istimewa yogyakarta kilometer kawasan objek wisata kaliurang museum gunung rapi resmi tanggal oktober menteri energi sumber daya mineral esdm purnomo yusgiantoro ndengan luas bangun diri tanah luas hektare museum lengkap taman area parkir plasa kenal masyarakat museum gunungapi rapi semboyan rapi jendela bumi nmuseum gunung rapi jadi sarana didik penyebarluasan informasi aspek kegunungapian bencana geologi sifat rekreatif edukatif masyarakat luas tuju wawas paham aspek ilmiah sosial budaya kait gunungapi sumber bencana geologi museum gunungapi harap solusi alternatif sarana potensial pusat layan informasi kegunungapian upaya cerdas hidup masyarakat media tingkat sadar waspada masyarakat manfaat ancam bahaya letus gunungapi bencana geologi budaya yogyakarta,Gunung/Bukit,60
177,Pantai Parangtritis,"Pantai Parangtritis (bahasa Jawa: ꦥꦱꦶꦱꦶꦂ ꦥꦫꦁꦠꦿꦶꦠꦶꦱ꧀, translit. Pasisir Parangtritis) adalah tempat wisata yang terletak di Desa Parangtritis, Kretek, Kabupaten Bantul, Daerah Istimewa Yogyakarta. Jaraknya kurang lebih 27 km dari pusat Kota Yogyakarta. Pantai ini boleh terbilang adalah salah satu destinasi wisata terkenal di Yogyakarta dan paling favorit diantara para wisatawan sejak lama, bahkan Pantai Parangtritis telah menjadi ikon pariwisata di Yogyakarta. Pantai Parangtritis mempunyai nilai simbolis yang merupakan garis yang bersifat magis yang menghubungkan Panggung Krapyak, Keraton Yogyakarta, Tugu Yogyakarta dan Gunung Merapi yang dikenal sebagai Garis Imajiner Yogyakarta.\nPantai yang terletak di sisi timur Pantai Parangkusumo ini terkenal diantara para wisatawan karena memiliki legenda yang melekat dengan Ratu Kidul sebagai penguasa laut selatan dan keindahannya. Pantai ini merupakan pantai yang cukup luas di Yogyakarta, berbeda dengan pantai-pantai di kawasan Yogyakarta lainya seperti Pantai di Gunungkidul yang ukurannya relatif kecil.",Bahari,Yogyakarta,10000,45.0,pantai parangtritis bahasa jawa translit pasisir parangtritis wisata letak desa parangtritis kretek kabupaten bantul daerah istimewa yogyakarta jarak km pusat kota yogyakarta pantai bilang salah destinasi wisata kenal yogyakarta favorit wisatawan pantai parangtritis ikon pariwisata yogyakarta pantai parangtritis nilai simbolis garis sifat magis hubung panggung krapyak keraton yogyakarta tugu yogyakarta gunung rapi kenal garis imajiner yogyakarta npantai letak sisi timur pantai parangkusumo kenal wisatawan milik legenda lekat ratu kidul kuasa laut selatan indah pantai pantai luas yogyakarta beda pantai pantai kawasan yogyakarta lai pantai gunungkidul ukur relatif,pantai parangtritis bahasa jawa translit pasisir parangtritis wisata letak desa parangtritis kretek kabupaten bantul daerah istimewa yogyakarta jarak km pusat kota yogyakarta pantai bilang salah destinasi wisata kenal yogyakarta favorit wisatawan pantai parangtritis ikon pariwisata yogyakarta pantai parangtritis nilai simbolis garis sifat magis hubung panggung krapyak keraton yogyakarta tugu yogyakarta gunung rapi kenal garis imajiner yogyakarta npantai letak sisi timur pantai parangkusumo kenal wisatawan milik legenda lekat ratu kidul kuasa laut selatan indah pantai pantai luas yogyakarta beda pantai pantai kawasan yogyakarta lai pantai gunungkidul ukur relatif bahari yogyakarta,Pantai/Bahari,60
178,Goa Pindul,"Gua Pindul adalah objek wisata berupa gua yang terletak di Desa Bejiharjo, Kecamatan Karangmojo, Kabupaten Gunungkidul. Gua Pindul dikenal karena cara menyusuri gua yang dilakukan dengan menaiki ban pelampung di atas aliran sungai bawah tanah di dalam gua, kegiatan ini dikenal dengan istilah cave tubing.",Cagar Alam,Yogyakarta,40000,45.0,gua pindul objek wisata gua letak desa bejiharjo camat karangmojo kabupaten gunungkidul gua pindul kenal susur gua ban pelampung alir sungai tanah gua giat kenal istilah cave tubing,gua pindul objek wisata gua letak desa bejiharjo camat karangmojo kabupaten gunungkidul gua pindul kenal susur gua ban pelampung alir sungai tanah gua giat kenal istilah cave tubing cagar alam yogyakarta,Goa,60
179,Candi Ratu Boko,"Situs Ratu Baka atau Candi Boko (Hanacaraka:ꦕꦤ꧀ꦝꦶ​ꦫꦠꦸ​ꦧꦏ, bahasa Jawa: Candhi Ratu Baka) adalah situs purbakala yang merupakan kompleks sejumlah sisa bangunan yang berada kira-kira 3 km di sebelah selatan dari kompleks Candi Prambanan, 18 km sebelah timur Kota Yogyakarta atau 50 km barat daya Kota Surakarta, Jawa Tengah, Indonesia. Situs Ratu Boko terletak di sebuah bukit pada ketinggian 196 meter dari permukaan laut. Luas keseluruhan kompleks adalah sekitar 25 ha.",Budaya,Yogyakarta,75000,46.0,situs ratu baka candi boko hanacaraka bahasa jawa candhi ratu baka situs purbakala kompleks sisa bangun km belah selatan kompleks candi prambanan km belah timur kota yogyakarta km barat daya kota surakarta jawa tengah indonesia situs ratu boko letak bukit tinggi meter muka laut luas kompleks ha,situs ratu baka candi boko hanacaraka bahasa jawa candhi ratu baka situs purbakala kompleks sisa bangun km belah selatan kompleks candi prambanan km belah timur kota yogyakarta km barat daya kota surakarta jawa tengah indonesia situs ratu boko letak bukit tinggi meter muka laut luas kompleks ha budaya yogyakarta,Candi/Keraton,60
180,Pantai Depok Jogja,"Pantai Depok (bahasa Jawa: ꦥꦱꦶꦱꦶꦂ ꦝꦺꦥꦺꦴꦏ꧀, translit. Pasisir Dhépok) merupakan objek wisata pantai yang terletak di Kecamatan Kretek, Kabupaten Bantul, Daerah Istimewa Yogyakarta, sekitar tiga puluh kilometer di sebelah selatan Kota Yogyakarta. Pantai ini terkenal akan pasar ikannya yang ikannya merupakan hasil tangkapan nelayan Pantai Depok.",Bahari,Yogyakarta,10000,43.0,pantai depok bahasa jawa translit pasisir dh pok objek wisata pantai letak camat kretek kabupaten bantul daerah istimewa yogyakarta puluh kilometer belah selatan kota yogyakarta pantai kenal pasar ikan ikan hasil tangkap nelayan pantai depok,pantai depok bahasa jawa translit pasisir dh pok objek wisata pantai letak camat kretek kabupaten bantul daerah istimewa yogyakarta puluh kilometer belah selatan kota yogyakarta pantai kenal pasar ikan ikan hasil tangkap nelayan pantai depok bahari yogyakarta,Pantai/Bahari,60
181,Pantai Sundak,"Pantai Sundak merupakan salah satu pantai indah yang berada di Gunung Kidul tepatnya di dekat Pantai Indrayanti. Pantai ini berpasir putih dan memilii air yang masih bersih, bening, dan menyegarkan. Tetapi ombak di Pantai Sundak ini sangat besar, jadi jika anda ingin bermain air di Pantai Sundak diharapkan untuk berhati-hati. Selain bermain air anda juga bisa berjalan-jalan di tepi pantai sambil menikmati keindahan pantai ini. Jika anda berjalan di tepi pantai sampai sejauh 40 meter anda akan menemukan batu-batu karang kecil berjajar dan batu-batu karang tersebut adalah tempat persembunyian hewan-hewan laut yang kecil, tetapi harus tetap berhati-hati karena batu karang tersebut begitu tajam.",Bahari,Yogyakarta,5000,45.0,pantai sundak salah pantai indah gunung kidul tepat pantai indrayanti pantai pasir putih memilii air bersih bening segar ombak pantai sundak main air pantai sundak harap hati hati main air jalan jalan tepi pantai nikmat indah pantai jalan tepi pantai meter temu batu batu karang jajar batu batu karang sembunyi hewan hewan laut hati hati batu karang tajam,pantai sundak salah pantai indah gunung kidul tepat pantai indrayanti pantai pasir putih memilii air bersih bening segar ombak pantai sundak main air pantai sundak harap hati hati main air jalan jalan tepi pantai nikmat indah pantai jalan tepi pantai meter temu batu batu karang jajar batu batu karang sembunyi hewan hewan laut hati hati batu karang tajam bahari yogyakarta,Pantai/Bahari,60
182,Hutan Mangrove Kulon Progo,Di sini ada kawasan wisata Hutan Mangrove Kulon Progo yang menyajikan keindahan alamnya. hutan Mangrove  ini memberikan pesona tersendiri selain pantai Glagah yang sudah menjadi primadona di Kulon Progo ini. Letak lokasi hutan mangrove  Kulon Progo ini sejatinya sudah masuk ke kawasan Pasir Mendit Kecamatan Temon Kulon Progo._x000D_,Bahari,Yogyakarta,5000,41.0,kawasan wisata hutan mangrove kulon progo saji indah alam hutan mangrove pesona sendiri pantai glagah primadona kulon progo letak lokasi hutan mangrove kulon progo sejati kawasan pasir mendit camat ton kulon progo,kawasan wisata hutan mangrove kulon progo saji indah alam hutan mangrove pesona sendiri pantai glagah primadona kulon progo letak lokasi hutan mangrove kulon progo sejati kawasan pasir mendit camat ton kulon progo bahari yogyakarta,Kebun/Taman,60
183,Jogja Bay Pirates Adventure Waterpark,"Jogja Bay Waterpark atau Jogja Bay (bahasa Jawa: ꦠꦼꦭꦸꦏ꧀ꦔꦪꦺꦴꦒꦾ 'Teluk Ngayogya') adalah salah satu taman wisata air atau waterpark terbesar di Asia Tenggara yang berlokasi di Yogyakarta, Indonesia. Taman wisata air ini dibuka secara resmi pada 20 Desember 2015.",Taman Hiburan,Yogyakarta,150000,44.0,jogja bay waterpark jogja bay bahasa jawa teluk ngayogya salah taman wisata air waterpark besar asia tenggara lokasi yogyakarta indonesia taman wisata air buka resmi desember,jogja bay waterpark jogja bay bahasa jawa teluk ngayogya salah taman wisata air waterpark besar asia tenggara lokasi yogyakarta indonesia taman wisata air buka resmi desember taman hiburan yogyakarta,Taman Hiburan,60
184,Pantai Sepanjang,"Siapa sangka, ternyata Yogyakarta pun punya “Kuta”-nya sendiri Ialah Pantai Sepanjang, salah satu pantai di Kabuaten Gunungkidul. Daerah yang satu ini memang memiliki koleksi pantai cantik yang tak terhitung jumlahnya. Bahkan pantai ini digadang-gadang sebagai ‘Kuta Tempo Doeloe‘. Memang, pesona seperti apa yang ditawarkan pantai ini?",Bahari,Yogyakarta,10000,44.0,sangka yogyakarta kuta pantai salah pantai kabuaten gunungkidul daerah milik koleksi pantai cantik hitung pantai gadang gadang kuta tempo doeloe pesona tawar pantai,sangka yogyakarta kuta pantai salah pantai kabuaten gunungkidul daerah milik koleksi pantai cantik hitung pantai gadang gadang kuta tempo doeloe pesona tawar pantai bahari yogyakarta,Pantai/Bahari,60
185,Pantai Krakal,"Pantai krakal merupakan pantai strategis untuk singgah, selain bisa menikmati panorama laut, wisatawan juga bisa mencicipi kuliner laut. Terdapat icon berupa bangunan berbentuk ikan diatas bukit yang sering dijadikan tempat foto.",Bahari,Yogyakarta,10000,45.0,pantai krakal pantai strategis singgah nikmat panorama laut wisatawan cicip kuliner laut icon bangun bentuk ikan atas bukit jadi foto,pantai krakal pantai strategis singgah nikmat panorama laut wisatawan cicip kuliner laut icon bangun bentuk ikan atas bukit jadi foto bahari yogyakarta,Pantai/Bahari,60
186,Pantai Glagah,Pantai Glagah Indah adalah salah satu pantai yang menjadi objek wisata di provinsi Daerah Istimewa Yogyakarta. Pantai Glagah Indah merupakan salah satu pantai di Yogyakarta dengan hamparan pasir yang berwarna hitam dan banyak mengandung pasir besi. Pantai Glagah Indah memiliki akses yang baik,Bahari,Yogyakarta,5000,44.0,pantai glagah indah salah pantai objek wisata provinsi daerah istimewa yogyakarta pantai glagah indah salah pantai yogyakarta hampar pasir warna hitam kandung pasir besi pantai glagah indah milik akses,pantai glagah indah salah pantai objek wisata provinsi daerah istimewa yogyakarta pantai glagah indah salah pantai yogyakarta hampar pasir warna hitam kandung pasir besi pantai glagah indah milik akses bahari yogyakarta,Pantai/Bahari,60
187,Pantai Siung,"Pantai Siung adalah suatu objek wisata pantai yang terletak di Kec. Tepus, tepatnya berada di Dusun Duwet, Kelurahan Purwodadi, Kecamatan Tepus, Kabupaten Gunungkidul, provinsi Daerah Istimewa Yogyakarta. Lokasinya berjarak kurang lebih 75 km dari kota Yogya dan memiliki jalur panjat tebing dengan 250 jalur berstandar internasional.\nDi sepanjang perjalanan menuju lokasi pantai, Anda akan disuguhi pemandangan bukit kapur yang ditumbuhi pohon-pohon jati. Jalan yang berkelok-kelok dan menaik, merupakan tantangan yang harus Anda lewati sebelum mencapai Pantai Siung. Akan tetapi, perjalanan yang melelahkan akan terbayar ketika Anda sudah berada di kawasan Pantai Siung. Pantai dengan hamparan pasir putih dan suara deburan ombak, akan membuat suasana hati dan pikiran Anda tenang dan damai.\nKarena pantai ini sangat terpencil, fasilitas yang tersedia masih minim. Untuk akomodasi penginapan belum tersedia di sini, tetapi jika Anda ingin bermalam di Pantai Siung, Anda bisa menggunakan pondok pemanjat yang bentuknya mirip rumah panggung dengan kapasitas kurang lebih sekitar 20 orang. Jika Anda ingin bermalam dengan suasana alam, anda bisa membawa tenda sendiri yang bisa Anda gunakan di area camping ground.\nJika Anda dari Kota Yogyakarta, Anda bisa menggunakan jalur Yogyakarta-Wonosari-Tepus-Purwodadi-Pantai Siung. Jika Anda menggunakan transportasi umum, Anda dapat menggunakan bus dari Terminal Giwangan Yogyakarta dengan menggunakan bus jurusan Jogja-Wonosari. Sampai di terminal Wonosari, Anda dapat menggunakan angkutan umum jurusan Wonosari-Jepitu. Sesampai Pertigaan Balai Desa Purwodadi, Anda bisa menggunakan jasa ojek, karena hanya itu transportasi umum yang bisa digunakan sampai ke Pantai Siung.",Bahari,Yogyakarta,10000,46.0,pantai siung objek wisata pantai letak kec tepus tepat dusun duwet lurah purwodadi camat tepus kabupaten gunungkidul provinsi daerah istimewa yogyakarta lokasi jarak km kota yogya milik jalur panjat tebing jalur standar internasional ndi jalan lokasi pantai suguh pandang bukit kapur tumbuh pohon pohon jati jalan kelok kelok naik tantang lewat capai pantai siung jalan lelah bayar kawasan pantai siung pantai hampar pasir putih suara debur ombak suasana hati pikir tenang damai nkarena pantai pencil fasilitas sedia minim akomodasi inap sedia malam pantai siung pondok panjat bentuk rumah panggung kapasitas malam suasana alam bawa tenda area camping ground njika kota yogyakarta jalur yogyakarta wonosari tepus purwodadi pantai siung transportasi umum bus terminal giwang yogyakarta bus jurus jogja wonosari terminal wonosari angkut umum jurus wonosari jepitu tiga balai desa purwodadi jasa ojek transportasi umum pantai siung,pantai siung objek wisata pantai letak kec tepus tepat dusun duwet lurah purwodadi camat tepus kabupaten gunungkidul provinsi daerah istimewa yogyakarta lokasi jarak km kota yogya milik jalur panjat tebing jalur standar internasional ndi jalan lokasi pantai suguh pandang bukit kapur tumbuh pohon pohon jati jalan kelok kelok naik tantang lewat capai pantai siung jalan lelah bayar kawasan pantai siung pantai hampar pasir putih suara debur ombak suasana hati pikir tenang damai nkarena pantai pencil fasilitas sedia minim akomodasi inap sedia malam pantai siung pondok panjat bentuk rumah panggung kapasitas malam suasana alam bawa tenda area camping ground njika kota yogyakarta jalur yogyakarta wonosari tepus purwodadi pantai siung transportasi umum bus terminal giwang yogyakarta bus jurus jogja wonosari terminal wonosari angkut umum jurus wonosari jepitu tiga balai desa purwodadi jasa ojek transportasi umum pantai siung bahari yogyakarta,Pantai/Bahari,60
188,Pantai Sadranan,"Pantai Sadranan Jogja adalah butiran intan permata tersembunyi yang tiba-tiba memunculkan diri, dari dalam tumpukan harta karun deretan pantai pantai indah di Jogja. Seperti halnya pantai-pantai lain di kawasan Selatan Jogja, Pantai Sadranan juga memiliki ciri khas pasir putih dengan karang koral di area sangaet dekat dengan bibir pantai. Pasir putih ini mengingatkan pada Pantai terkenal semacam Kuta di Bali dan Mandalika di Lombok. Namun pantai di gunung kidul ini punya kelebihan dari 2 pantai terkenal itu, yaitu terdapatnya koral karang di pantai. Selain itu, pantai ini juga masih terbilang sepi. Kedua kelebihan ini, membuat pengunjung benar-benar bisa menikmati keasrian pantai tanpa harus terganggu hiruk pikuknya manusia.",Bahari,Yogyakarta,10000,46.0,pantai sadran jogja butir intan permata sembunyi muncul tumpu harta karun deret pantai pantai indah jogja hal pantai pantai kawasan selatan jogja pantai sadran milik ciri khas pasir putih karang koral area sangaet bibir pantai pasir putih pantai kenal kuta bal mandalika lombok pantai gunung kidul lebih pantai kenal dapat koral karang pantai pantai bilang sepi lebih unjung nikmat asri pantai ganggu hiruk pikuknya manusia,pantai sadran jogja butir intan permata sembunyi muncul tumpu harta karun deret pantai pantai indah jogja hal pantai pantai kawasan selatan jogja pantai sadran milik ciri khas pasir putih karang koral area sangaet bibir pantai pasir putih pantai kenal kuta bal mandalika lombok pantai gunung kidul lebih pantai kenal dapat koral karang pantai pantai bilang sepi lebih unjung nikmat asri pantai ganggu hiruk pikuknya manusia bahari yogyakarta,Pantai/Bahari,60
189,Pantai Nguluran,"Di pantai Nguluran anda hanya bisa melihat hamparan laut luas serta spot foto. Semua fasilitas itu adanya di atas tebing. Sekitar belasan meter dari permukaan air pantai. Spot favorit di resort pantai ini adalah teras kaca. Teras kaca ini dapat dijadikan spot selfie dengan latar belakang pantai. Pengunjung akan mendapatkan foto yang sangat bagus dan indah untuk dipajang di IG, FB, atau media sosial lain. Apalagi jika foto diambil saat sunset. Saat berfoto di teras kaca, pengunjung akan merasakan sensasi yang menegangkan. Sensasi tegang ini timbul akibat teras kaca yang tepat berdiri di atas pinggir laut. Sensasi yang timbul seperti berjalan di atas seutas tali pada ketingian belasan meter di atas air laut. Namun tidak perlu kuatir, pihak pengelola menjamin keselematan para pengunjung, sepanjang tidak melanggar peraturan yang sudah di buat pihak pengelola.",Bahari,Yogyakarta,10000,41.0,pantai nguluran hampar laut luas spot foto fasilitas tebing bas meter muka air pantai spot favorit resort pantai teras kaca teras kaca jadi spot selfie latar pantai unjung foto bagus indah pajang ig fb media sosial foto ambil sunset foto teras kaca unjung rasa sensasi tegang sensasi tegang timbul akibat teras kaca diri pinggir laut sensasi timbul jalan utas tali tingi bas meter air laut kuatir kelola jamin lat unjung langgar atur kelola,pantai nguluran hampar laut luas spot foto fasilitas tebing bas meter muka air pantai spot favorit resort pantai teras kaca teras kaca jadi spot selfie latar pantai unjung foto bagus indah pajang ig fb media sosial foto ambil sunset foto teras kaca unjung rasa sensasi tegang sensasi tegang timbul akibat teras kaca diri pinggir laut sensasi timbul jalan utas tali tingi bas meter air laut kuatir kelola jamin lat unjung langgar atur kelola bahari yogyakarta,Pantai/Bahari,60
190,Pantai Samas,"Pantai Samas (bahasa Jawa: ꦥꦱꦶꦱꦶꦂ​ꦱꦩꦱ꧀, translit. Pasisir Samas) merupakan salah satu pantai yang berada di deretan pantai sebelah timur Pantai Parangtritis. Lokasi Pantai Samas kurang lebih 14 km arah selatan Kota Bantul atau sekitar 35 km dari pusat Kota Yogyakarta, tepatnya di Desa Srigading, Kecamatan Sanden, Kabupaten Bantul, Daerah Istimewa Yogyakarta.",Bahari,Yogyakarta,4000,4.0,pantai samas bahasa jawa translit pasisir samas salah pantai deret pantai belah timur pantai parangtritis lokasi pantai samas km arah selatan kota bantul km pusat kota yogyakarta tepat desa srigading camat sanden kabupaten bantul daerah istimewa yogyakarta,pantai samas bahasa jawa translit pasisir samas salah pantai deret pantai belah timur pantai parangtritis lokasi pantai samas km arah selatan kota bantul km pusat kota yogyakarta tepat desa srigading camat sanden kabupaten bantul daerah istimewa yogyakarta bahari yogyakarta,Pantai/Bahari,60
191,Pantai Drini,"Pantai Drini adalah salah satu objek wisata yang terletak di Desa Banjarejo, Kecamatan Tanjungsari,Gunungkidul, Yogyakarta. Letaknya di sebelah timur Pantai Baron dan berjarak sekitar 1 km ke arah timur Pantai Sepanjang. Namun jarak sebenarnya yang harus ditempuh untuk sampai ke pantai ini sejauh 60 km atau sekitar 2-3 jam dari Kota Yogyakarta. Infrastruktur menuju ke Pantai Drini cukup mulus, walaupun jalan masuk untuk sampai ke pantai ini cukup terjal dan berkelok-kelok. Pantai Drini merupakan pantai yang langsung berhadapan dengan Samudra Hindia. Pantai ini memiliki lereng pantai yang cukup curam sekitar 10 derajat dan merupakan bagian dari Wonosari yang didominasi oleh batuan karst dari Gunung Sewu. Pantai ini belum banyak terjamah oleh wisatawan lokal maupun asing, karena letaknya yang berada di daerah terpencil. Sehingga, Pantai Drini ini dikenal dengan nama Pantai Perawan. Sebutan ini digunakan oleh masyarakat setempat karena kondisi Pantai Drini yang masih bersih, udara yang sejuk, air yang terasa dingin ditambah dengan hamparan pasir putih yang mempesona dan aliran airnya yang tidak seganas Pantai Parangtritis Pantai ini memiliki sebuah tebing besar yang berada di tengah-tengah pantai dan membagi pantai ini menjadi dua sisi, yaitu sisi barat dan sisi timur . Tebing ini terlihat begitu indah sehingga membuatnya seolah-olah seperti pulau kecil yang terapung di tengah pantai. Di atas karang ini dibangun mercusuar dimana dari menaranya mata kita akan dimanjakan dengan pemandangan yang luar biasa indahnya.. Di pantai ini pengunjung juga dapat melihat dengan jelas rumput-rumput laut di antara karang-karang laut dan biota laut lainnya.",Bahari,Yogyakarta,10000,45.0,pantai drini salah objek wisata letak desa banjarejo camat tanjungsari gunungkidul yogyakarta letak belah timur pantai baron jarak km arah timur pantai jarak tempuh pantai km jam kota yogyakarta infrastruktur pantai drini mulus jalan pantai terjal kelok kelok pantai drini pantai hadap samudra hindia pantai milik lereng pantai curam derajat wonosari dominasi batu karst gunung sewu pantai jamah wisatawan lokal asing letak daerah pencil pantai drini kenal nama pantai perawan sebut masyarakat kondisi pantai drini bersih udara sejuk air dingin tambah hampar pasir putih pesona alir air ganas pantai parangtritis pantai milik tebing tengah tengah pantai bagi pantai sisi sisi barat sisi timur tebing indah buat olah pulau apung tengah pantai karang bangun mercusuar mana menara manja pandang indah pantai unjung rumput rumput laut karang karang laut biota laut,pantai drini salah objek wisata letak desa banjarejo camat tanjungsari gunungkidul yogyakarta letak belah timur pantai baron jarak km arah timur pantai jarak tempuh pantai km jam kota yogyakarta infrastruktur pantai drini mulus jalan pantai terjal kelok kelok pantai drini pantai hadap samudra hindia pantai milik lereng pantai curam derajat wonosari dominasi batu karst gunung sewu pantai jamah wisatawan lokal asing letak daerah pencil pantai drini kenal nama pantai perawan sebut masyarakat kondisi pantai drini bersih udara sejuk air dingin tambah hampar pasir putih pesona alir air ganas pantai parangtritis pantai milik tebing tengah tengah pantai bagi pantai sisi sisi barat sisi timur tebing indah buat olah pulau apung tengah pantai karang bangun mercusuar mana menara manja pandang indah pantai unjung rumput rumput laut karang karang laut biota laut bahari yogyakarta,Pantai/Bahari,60
192,Air Terjun Sri Gethuk,"Air Terjun Sri Gethuk merupakan salah satu objek wisata alam yang terletak di Kecamatan Playen, Kabupaten Gunungkidul, Yogyakarta. Air terjun ini berada di tepi Sungai Oyo sehingga untuk menikmatinya harus menyelusuri sungai dengan rakit. Sepanjang perjalanan akan disuguhi pemandangan berupa tebing tebing kapur dikanan-kiri dan rimbunnya pepohonan. Jika di musim kemarau, air sungai akan sangat jernih berwana kehijauan dan tenang.\nAir terjun Sri Gethuk ini memiliki 3 sumber mata air yaitu mata air Ngandong, Dong Poh, dan Ngumbul. Ketiga mata air ini berkumpul dan mengalir melalui tebing tinggi hingga membentuk air terjun Sri Gethuk. Air Terjun Sri Gethuk memiliki tinggi sekira 25 meter dengan 3-5 terjunan air terjun tergantung musim. Air yang tak pernah kering itu jatuh tak membuat kolam namun langsung merayapi bebatuan kapur yang rapi di tepi sungai. Air terjun ini sedang dalam tahap pengembangan untuk menjadi destinasi wisata andalan Kabupaten Gunungkidul selain dari pantai dan pegunungan karst.\nAir Terjun Sri Gethuk juga disebut sebagai Air Terjun Slempret. Nama Slempret sendiri berasal dari legenda yang ada di Desa Bleberan. Menurut cerita yang beredar di masyarakat, air tejun ini merupakan pusatnya para jin dengan pimpinan Jin Anggo Menduro. Air terjun ini bermula dari tiga sumber mata air yaitu Kedungpoh, Ngandong, dan Ngumbul. Ketiga sumber mata air tersebut mengalir menjadi satu dan membentuk butiran-butiran air yang jatuh dari tebing bebatuan karst yang tandus.",Cagar Alam,Yogyakarta,15000,44.0,air terjun sri gethuk salah objek wisata alam letak camat playen kabupaten gunungkidul yogyakarta air terjun tepi sungai oyo nikmat selusur sungai rakit jalan suguh pandang tebing tebing kapur kan kiri rimbun pohon musim kemarau air sungai jernih wana hijau tenang nair terjun sri gethuk milik sumber air air ngandong poh ngumbul tiga air kumpul alir tebing tinggi bentuk air terjun sri gethuk air terjun sri gethuk milik tinggi sekira meter terjun air terjun gantung musim air kering jatuh kolam rayap bebatuan kapur rapi tepi sungai air terjun tahap kembang destinasi wisata andal kabupaten gunungkidul pantai gunung karst nair terjun sri gethuk air terjun slempret nama slempret asal legenda desa bleberan cerita edar masyarakat air tejun pusat jin pimpin jin anggo menduro air terjun sumber air kedungpoh ngandong ngumbul tiga sumber air alir bentuk butir butir air jatuh tebing bebatuan karst tandus,air terjun sri gethuk salah objek wisata alam letak camat playen kabupaten gunungkidul yogyakarta air terjun tepi sungai oyo nikmat selusur sungai rakit jalan suguh pandang tebing tebing kapur kan kiri rimbun pohon musim kemarau air sungai jernih wana hijau tenang nair terjun sri gethuk milik sumber air air ngandong poh ngumbul tiga air kumpul alir tebing tinggi bentuk air terjun sri gethuk air terjun sri gethuk milik tinggi sekira meter terjun air terjun gantung musim air kering jatuh kolam rayap bebatuan kapur rapi tepi sungai air terjun tahap kembang destinasi wisata andal kabupaten gunungkidul pantai gunung karst nair terjun sri gethuk air terjun slempret nama slempret asal legenda desa bleberan cerita edar masyarakat air tejun pusat jin pimpin jin anggo menduro air terjun sumber air kedungpoh ngandong ngumbul tiga sumber air alir bentuk butir butir air jatuh tebing bebatuan karst tandus cagar alam yogyakarta,Air Terjun,60
193,Candi Sewu,"Candi Sewu atau Manjusrighra (Hanacaraka:ꦕꦤ꧀ꦝꦶ​ꦱꦺꦮꦸ, Jawa: Candhi Sèwu) adalah candi Buddha yang dibangun pada abad ke-8 Masehi yang berjarak hanya delapan ratus meter di sebelah utara Candi Prambanan. Candi Sewu merupakan kompleks candi Buddha terbesar kedua setelah Candi Borobudur di Jawa Tengah. Candi Sewu berusia lebih tua daripada Candi Borobudur dan Prambanan. Meskipun aslinya memiliki 249 candi, oleh masyarakat setempat candi ini dinamakan ""Sewu"" yang berarti seribu dalam bahasa Jawa. Penamaan ini berdasarkan kisah legenda Loro Jonggrang.\nSecara administratif, kompleks Candi Sewu terletak di Dukuh Bener, Desa Bugisan, Kecamatan Prambanan, Kabupaten Klaten, Provinsi Jawa Tengah.",Budaya,Yogyakarta,50000,46.0,candi sewu manjusrighra hanacaraka jawa candhi wu candi buddha bangun abad masehi jarak delapan ratus meter belah utara candi prambanan candi sewu kompleks candi buddha besar candi borobudur jawa tengah candi sewu usia tua candi borobudur prambanan asli milik candi masyarakat candi nama sewu ribu bahasa jawa nama dasar kisah legenda loro jonggrang nsecara administratif kompleks candi sewu letak dukuh bener desa bugisan camat prambanan kabupaten klaten provinsi jawa tengah,candi sewu manjusrighra hanacaraka jawa candhi wu candi buddha bangun abad masehi jarak delapan ratus meter belah utara candi prambanan candi sewu kompleks candi buddha besar candi borobudur jawa tengah candi sewu usia tua candi borobudur prambanan asli milik candi masyarakat candi nama sewu ribu bahasa jawa nama dasar kisah legenda loro jonggrang nsecara administratif kompleks candi sewu letak dukuh bener desa bugisan camat prambanan kabupaten klaten provinsi jawa tengah budaya yogyakarta,Candi/Keraton,60
194,Pantai Wediombo,"Pantai Wediombo (O Jawa: Wedhiamba) adalah sebuah pantai yang berada di Desa Jepitu, Girisubo, Gunungkidul di dekat Pantai Siung, berjarak 80 km dari kota Yogyakarta. Pantai tersebut meliputi sebuah teluk yang dikelilingi pegunungan batu karang dan pasir putih. Di tengah laut, batu karang tampak menonjol. Tempat tersebut juga dipakai untuk selancar. Ketinggian ombak dapat mencapai 3-4 meter. Pantai Wediombo menghadap ke barat dan matahari berada di sisi selatan (pada November-Mei). Dari pantai ini, orang-orang dapat melihat matahari terbenam pada waktu sore. Selin untuk berselancar, Wediombo juga memiliki kolam alami sampai perairan tanpa ombak. Ada pula tempat untuk snorkeling. Wediombo masuk salah satu dari 13 tempat yang masuk Cagar Alam Dunia UNESCO Gunung Sewu.",Bahari,Yogyakarta,5000,45.0,pantai wediombo jawa wedhiamba pantai desa jepitu girisubo gunungkidul pantai siung jarak km kota yogyakarta pantai liput teluk keliling gunung batu karang pasir putih tengah laut batu karang tonjol pakai selancar tinggi ombak capai meter pantai wediombo hadap barat matahari sisi selatan november mei pantai matahari benam waktu sore lin selancar wediombo milik kolam alami air ombak snorkeling wediombo salah cagar alam dunia unesco gunung sewu,pantai wediombo jawa wedhiamba pantai desa jepitu girisubo gunungkidul pantai siung jarak km kota yogyakarta pantai liput teluk keliling gunung batu karang pasir putih tengah laut batu karang tonjol pakai selancar tinggi ombak capai meter pantai wediombo hadap barat matahari sisi selatan november mei pantai matahari benam waktu sore lin selancar wediombo milik kolam alami air ombak snorkeling wediombo salah cagar alam dunia unesco gunung sewu bahari yogyakarta,Pantai/Bahari,60
195,Pantai Jogan,"Pantai Jogan adalah objek wisata pantai yang terletak di Dusun Duwet, Purwodadi, Tepus, Kabupaten Gunungkidul, Daerah Istimewa Yogyakarta. Lokasinya berjarak kurang lebih 74 km dari Pusat kota Yogyakarta. Pantai ini terletak di jajaran pegunungan Gunungkidul, yang memberikan pemandangan alam tebing dan air terjun yang mengarah ke laut lepas.",Bahari,Yogyakarta,5000,44.0,pantai jogan objek wisata pantai letak dusun duwet purwodadi tepus kabupaten gunungkidul daerah istimewa yogyakarta lokasi jarak km pusat kota yogyakarta pantai letak jajar gunung gunungkidul pandang alam tebing air terjun arah laut lepas,pantai jogan objek wisata pantai letak dusun duwet purwodadi tepus kabupaten gunungkidul daerah istimewa yogyakarta lokasi jarak km pusat kota yogyakarta pantai letak jajar gunung gunungkidul pandang alam tebing air terjun arah laut lepas bahari yogyakarta,Pantai/Bahari,60
196,Pantai Ngrenehan,Pantai Ngrenehan merupakan\npantai nelayan. Terletak di desa Kanigoro\nKecamatan Saptosari kurang lebih 30 km di sebelah selatan kota Wonosari. Suatu pantai berupa teluk yang dikelilingi hamparan perbukitan kapur dan memiliki panorama yang sangat memukau dengan deburan ombak menerpa pasir putih. Para wisatawan dapat menyaksikan aktivitas kegiatan nelayan dan menikmati ikan siap saji atau membawa ikan segar sebagai oleh-oleh.,Bahari,Yogyakarta,3000,44.0,pantai ngrenehan npantai nelayan letak desa kanigoro nkecamatan saptosari km belah selatan kota wonosari pantai teluk keliling hampar bukit kapur milik panorama pukau debur ombak terpa pasir putih wisatawan saksi aktivitas giat nelayan nikmat ikan saji bawa ikan segar,pantai ngrenehan npantai nelayan letak desa kanigoro nkecamatan saptosari km belah selatan kota wonosari pantai teluk keliling hampar bukit kapur milik panorama pukau debur ombak terpa pasir putih wisatawan saksi aktivitas giat nelayan nikmat ikan saji bawa ikan segar bahari yogyakarta,Pantai/Bahari,60
197,Pantai Jungwok,"Pantai Jungwok adalah pantai yang terletak di Desa Jepitu, Kecamatan Girisubo, Kabupaten Gunungkidul, Daerah Istimewa Yogyakarta. Pantai Jungwok merupakan salah satu pantai yang memiliki panorama yang indah dengan pasir putih yang khas dari pantai di Gunung Kidul. Pantai Jungwok terletak di sebelah Timur Pantai Wediombo dan di sebelah Barat Pantai Ngusalan. Jarak Pantai Jungwok dari Kota Wonosari sekitar 40 km. Akses jalan menuju Pantai Jungwook masih cukup sulit, itu dikarenakan jalan yang masih belum diaspal. Pantai Jungwok sering menjadi destinasi wisata karena tempatnya yang nyaman untuk berkemah.",Bahari,Yogyakarta,5000,46.0,pantai jungwok pantai letak desa jepitu camat girisubo kabupaten gunungkidul daerah istimewa yogyakarta pantai jungwok salah pantai milik panorama indah pasir putih khas pantai gunung kidul pantai jungwok letak belah timur pantai wediombo belah barat pantai ngusalan jarak pantai jungwok kota wonosari km akses jalan pantai jungwook sulit jalan aspal pantai jungwok destinasi wisata tempat nyaman kemah,pantai jungwok pantai letak desa jepitu camat girisubo kabupaten gunungkidul daerah istimewa yogyakarta pantai jungwok salah pantai milik panorama indah pasir putih khas pantai gunung kidul pantai jungwok letak belah timur pantai wediombo belah barat pantai ngusalan jarak pantai jungwok kota wonosari km akses jalan pantai jungwook sulit jalan aspal pantai jungwok destinasi wisata tempat nyaman kemah bahari yogyakarta,Pantai/Bahari,60
198,Pantai Greweng,"Di Kabupaten Gunungkidul, tidak sulit memilih pantai yang masih sepi dan indah. Pantai Greweng yang berada di Kecamatan Girisubo adalah satu di antaranya. Tidak hanya cantik, pantai ini juga dikenal sebagai destinasi untuk berkemah. Namun, siapkan energi lebih untuk mencapai lokasinya yang terpencil.",Bahari,Yogyakarta,5000,46.0,kabupaten gunungkidul sulit pilih pantai sepi indah pantai greweng camat girisubo cantik pantai kenal destinasi kemah siap energi capai lokasi pencil,kabupaten gunungkidul sulit pilih pantai sepi indah pantai greweng camat girisubo cantik pantai kenal destinasi kemah siap energi capai lokasi pencil bahari yogyakarta,Pantai/Bahari,60
199,Pantai Sedahan,"Pantai Sedahan ini memiliki garis pantai yang cukup panjang dan cukup luas untuk dijadikan sebagai arena bermain. Pada kedua sisi pantai, terdapat tebing karang yang mengapit pantai ini dan menjorok ke tengah laut. Pantai Sedahan mempunyai deburan ombak yang khas laut selatan dan hamparan pasir putih dengan butiran butiran yang halus. Air Biru kehijauan yang bening, segar, dan berkilauan teritampa cahaya matahari akan menghipnotis siapa pun untuk bermain air dan menceburkan diri di pantai tersebut. Tetapi pengunjung harus tetap berhati hati karena pantai selatan selalu berarus dan berombak kuat, maka para pengunjung tidak disarankan untuk berenang terlalu jauh dari daratan. Pantai Sedahan ini juga dikenal oleh banyak orang sebagai lokasi memancing yang menyenangkan. Banyak pengunjung yang rela dan menyempatkan datang jauh jauh hanya untuk memancing ikan di Pantai Sedahan ini.",Bahari,Yogyakarta,5000,45.0,pantai sedahan milik garis pantai luas jadi arena main sisi pantai tebing karang apit pantai jorok tengah laut pantai sedahan debur ombak khas laut selatan hampar pasir putih butir butir halus air biru hijau bening segar kilau teritampa cahaya matahari hipnotis main air cebur pantai unjung hati hati pantai selatan arus ombak kuat unjung saran renang darat pantai sedahan kenal lokasi pancing senang unjung rela sempat pancing ikan pantai sedahan,pantai sedahan milik garis pantai luas jadi arena main sisi pantai tebing karang apit pantai jorok tengah laut pantai sedahan debur ombak khas laut selatan hampar pasir putih butir butir halus air biru hijau bening segar kilau teritampa cahaya matahari hipnotis main air cebur pantai unjung hati hati pantai selatan arus ombak kuat unjung saran renang darat pantai sedahan kenal lokasi pancing senang unjung rela sempat pancing ikan pantai sedahan bahari yogyakarta,Pantai/Bahari,60
200,Pantai Watu Kodok,"Pantai Watu Kodok merupakan salah satu pantai yang ada di Gunung Kidul. Pantai Watu Kodok ini memiliki pasir putih dan air laut yang masih berwarna biru yang sangat indah. Di pantai ini terdapat beberapa batu karang yang terjal, batu tersebut menjadi daya tarik para wisatawan dan keunikan bagi pantai itu sendiri. Dan suasana pantai yang masih alami juga menjadikan pantai ini menjadi daya tariknya, tetapi pantai ini masih tergolong pantai baru jadi masih belum banyak wisatawan. Pantai Watu Kodok ini sangat cocok bagi Anda yang ingin menghabiskan waktu liburan bersama keluarga.",Bahari,Yogyakarta,5000,46.0,pantai watu kodok salah pantai gunung kidul pantai watu kodok milik pasir putih air laut warna biru indah pantai batu karang terjal batu daya tarik wisatawan uni pantai suasana pantai alami jadi pantai daya tarik pantai golong pantai wisatawan pantai watu kodok cocok habis waktu libur keluarga,pantai watu kodok salah pantai gunung kidul pantai watu kodok milik pasir putih air laut warna biru indah pantai batu karang terjal batu daya tarik wisatawan uni pantai suasana pantai alami jadi pantai daya tarik pantai golong pantai wisatawan pantai watu kodok cocok habis waktu libur keluarga bahari yogyakarta,Pantai/Bahari,60
201,Pantai Kesirat,"Pada umumnya pantai identik dengan pasirnya bukan, namun pantai kesirat memiliki keunikan tersendiri yang akan anda temukan disini. Pantai kesirat tidak memiliki pasir namun anda akan menemukan tebing tebing yang memeiliki struktur yang cantik kemudian anda kana menikmati pantai di atasnya, tempat ini juga sangat cocok untuk menikmati sunset. Keindahan pantai ini membuat semua orang tidak bisa melupakannya seperti janji mantan hehee.. pantai kesirat memiliki spot spot foto yang instagramable banget cocok sekali untuk kamu yang suka berfoto. Keunikan lain yang menjadi ciri khas dari wisata Pantai Kesirat adalah hadirnya sebuah pohon yang tampak berdiri kokoh yang menjadi ikon dari tempat wisata ini. Banyak wisatawan yang memanfaatkan pohon ini sebagai latar belakang foto mereka.",Bahari,Yogyakarta,5000,46.0,pantai identik pasir pantai sirat milik uni sendiri temu pantai sirat milik pasir temu tebing tebing memeiliki struktur cantik kana nikmat pantai atas cocok nikmat sunset indah pantai lupa janji mantan hehee pantai sirat milik spot spot foto instagramable banget cocok suka foto uni ciri khas wisata pantai sirat hadir pohon diri kokoh ikon wisata wisatawan manfaat pohon latar foto,pantai identik pasir pantai sirat milik uni sendiri temu pantai sirat milik pasir temu tebing tebing memeiliki struktur cantik kana nikmat pantai atas cocok nikmat sunset indah pantai lupa janji mantan hehee pantai sirat milik spot spot foto instagramable banget cocok suka foto uni ciri khas wisata pantai sirat hadir pohon diri kokoh ikon wisata wisatawan manfaat pohon latar foto bahari yogyakarta,Pantai/Bahari,60
202,Pantai Ngandong,"Pantai Ngandong terletak di Desa Sidoarjo, Kecamatan Tepus, Kabupaten Gunung Kidul, Yogyakarta. Pantai ini sebenarnya tidak jauh dari Pantai Indrayanti yang lebih terkenal dahulu, tepatnya terletak di sebelah barat laut dari pantai Indrayanti. Pantai Ngandong termasuk pantai yang kecil namun mempunyai ciri khas tersendiri yang menjadi daya tarik bagi wisatawan. Meskipun demikian belum banyak wisatawan yang mengetahui destinasi wisata pantai ini. Pantai ini ramai penunjung ketika musim liburan, namun sepi ketika hari-hari biasa.",Bahari,Yogyakarta,10000,45.0,pantai ngandong letak desa sidoarjo camat tepus kabupaten gunung kidul yogyakarta pantai pantai indrayanti kenal tepat letak belah barat laut pantai indrayanti pantai ngandong pantai ciri khas sendiri daya tarik wisatawan wisatawan destinasi wisata pantai pantai ramai tunjung musim libur sepi,pantai ngandong letak desa sidoarjo camat tepus kabupaten gunung kidul yogyakarta pantai pantai indrayanti kenal tepat letak belah barat laut pantai indrayanti pantai ngandong pantai ciri khas sendiri daya tarik wisatawan wisatawan destinasi wisata pantai pantai ramai tunjung musim libur sepi bahari yogyakarta,Pantai/Bahari,60
203,Galaxy Waterpark Jogja,"Galaxy Waterpark adalah taman rekreasi air yang berdiri di atas lahan seluas 2,5 hektar ini sangat cukup untuk menampung pengunjung di waktu liburan. Dengan lokasi yang sangat luas banyak wahana dan fasilitas yang bisa kamu nikmati. Di tempat ini juga tersedia beberapa kolam, dari kolam anak sampai kolam dewasa. Selain itu fasilitas yang disediakan pengelolapun juga terbilang lengkap untuk mendukung kenyamananmu saat berlibur.",Taman Hiburan,Yogyakarta,40000,43.0,galaxy waterpark taman rekreasi air diri lahan luas hektar tampung unjung waktu libur lokasi luas wahana fasilitas nikmat sedia kolam kolam anak kolam dewasa fasilitas sedia kelola bilang lengkap dukung nyaman libur,galaxy waterpark taman rekreasi air diri lahan luas hektar tampung unjung waktu libur lokasi luas wahana fasilitas nikmat sedia kolam kolam anak kolam dewasa fasilitas sedia kelola bilang lengkap dukung nyaman libur taman hiburan yogyakarta,Taman Hiburan,60
204,Desa Wisata Pulesari,"Desa Wisata Pulesari semakin menambah deretan profil desa wisata di Jogja yang lahir dari kesadaran masyarakat, atas potensi lokal yang dimiliki. Baik itu dari sisi ragam budaya, pesona alam sekitar, kazanah kuliner, maupun nilai sejarah, dan budaya yang ada. Semuanya dikemas dalam sebuah keseruan wisata. Lokasi Desa Wisata Pulesari berada di Kabupaten Sleman, Daerah Istimewa Yogyakarta (DIY), yang notabene sebagai kabupaten yang dianugerahi banyak sekali tempat wisata. Kehadiran Desa Wisata Pulesari seakan menjadi penambal dari puzle wisata yang belum lengkap. Dan inilah review Desa Wisata Pulosari sebagai referensi awal untuk menentukan lokasi liburan nanti.",Taman Hiburan,Yogyakarta,0,44.0,desa wisata pulesari tambah deret profil desa wisata jogja lahir sadar masyarakat potensi lokal milik sisi ragam budaya pesona alam kazanah kuliner nilai sejarah budaya kemas seru wisata lokasi desa wisata pulesari kabupaten sleman daerah istimewa yogyakarta diy notabene kabupaten anugerah wisata hadir desa wisata pulesari akan tambal puzle wisata lengkap review desa wisata pulosari referensi tentu lokasi libur,desa wisata pulesari tambah deret profil desa wisata jogja lahir sadar masyarakat potensi lokal milik sisi ragam budaya pesona alam kazanah kuliner nilai sejarah budaya kemas seru wisata lokasi desa wisata pulesari kabupaten sleman daerah istimewa yogyakarta diy notabene kabupaten anugerah wisata hadir desa wisata pulesari akan tambal puzle wisata lengkap review desa wisata pulosari referensi tentu lokasi libur taman hiburan yogyakarta,Taman Hiburan,60
205,Desa Wisata Tembi,"Desa Wisata Tembi, merupakan satu dari sekian desa wisata yang sukses menata kawasannya, sehingga menjadi sebuah kawasan yang layak untuk dikunjungi. Potensi alam, sejarah, serta potensi budaya yang dimiliki Desa Wisata Tembi memang sangat pas untuk dijadikan sebuah desa wisata. Apalagi jarak Desa Wisata Tembi tidak jauh dari pusat kota Jogja. Ternyata, pesona keindahan Desa Wisata Tembi tidak hanya terbatas pada dua hal tersebut saja. Dan inilah info lengkap Desa Wisata Tembi, sebagai referensi awal menentukan lokasi wisata saat liburan nanti. Lokasi Desa Wisata Tembi terletak satu arah menuju Parangtritis. Alamat Desa Wisata Tembi berada di Desa Tembi, Kecamatan Sewon, Kabupaten Bantul, Daerah Istimewa Yogyakarta.",Taman Hiburan,Yogyakarta,50000,45.0,desa wisata tembi sekian desa wisata sukses tata kawasan kawasan layak kunjung potensi alam sejarah potensi budaya milik desa wisata tembi pas jadi desa wisata jarak desa wisata tembi pusat kota jogja pesona indah desa wisata tembi batas info lengkap desa wisata tembi referensi tentu lokasi wisata libur lokasi desa wisata tembi letak arah parangtritis alamat desa wisata tembi desa tembi camat won kabupaten bantul daerah istimewa yogyakarta,desa wisata tembi sekian desa wisata sukses tata kawasan kawasan layak kunjung potensi alam sejarah potensi budaya milik desa wisata tembi pas jadi desa wisata jarak desa wisata tembi pusat kota jogja pesona indah desa wisata tembi batas info lengkap desa wisata tembi referensi tentu lokasi wisata libur lokasi desa wisata tembi letak arah parangtritis alamat desa wisata tembi desa tembi camat won kabupaten bantul daerah istimewa yogyakarta taman hiburan yogyakarta,Taman Hiburan,60
206,Wisata Kaliurang,"Jogja selalu menarik untuk dikulik, terlebih tempat wisatanya. Berbagai wisata tersedia di Jogja, mulai dari wisata buatan hingga wisata alam. Seperti halnya Taman Wisata Kaliurang, yang memadukan unsur alam dengan taman rekreasi. Taman rekreasi ini berada di kawasan lereng Gunung Merapi. Bukan hal aneh jika objek wisata ini sangat sejuk. Menghabiskan waktu untuk berlibur di sini merupakan pilihan yang tepat.",Cagar Alam,Yogyakarta,8000,44.0,jogja tarik lik wisata wisata sedia jogja wisata buat wisata alam hal taman wisata kaliurang madu unsur alam taman rekreasi taman rekreasi kawasan lereng gunung rapi aneh objek wisata sejuk habis waktu libur pilih,jogja tarik lik wisata wisata sedia jogja wisata buat wisata alam hal taman wisata kaliurang madu unsur alam taman rekreasi taman rekreasi kawasan lereng gunung rapi aneh objek wisata sejuk habis waktu libur pilih cagar alam yogyakarta,Cagar Alam,60
207,Heha Sky View,"HeHa Sky View adalah salah satu tempat wisata terbaru di Yogyakarta dan paling hits saat ini. Mau foto estetik ala selebgram atau berfoto di atas rooftop berlantai kaca? Bisa! .Terletak di Yogyakarta yang romantis, Heha Sky View adalah tempat wisata yang punya tiga ciri khas. Berdasarkan akun Instagram milik mereka, tiga hal yang menjadi ciri utama Heha Sky View adalah selfie, resto, dan food stalls. Ada banyak penjual makanan kekinian berkonsep kontainer untuk kamu yang suka memanjakan lidah. Dan kalau ingin menambah stok swafoto ada banyak spot Instagrammable yang patut dicoba.",Taman Hiburan,Yogyakarta,15000,44.0,heha sky view salah wisata baru yogyakarta hits foto estetik ala selebgram foto rooftop lantai kaca letak yogyakarta romantis heha sky view wisata ciri khas dasar akun instagram milik ciri utama heha sky view selfie resto food stalls jual makan kini konsep kontainer suka manja lidah tambah stok swafoto spot instagrammable patut coba,heha sky view salah wisata baru yogyakarta hits foto estetik ala selebgram foto rooftop lantai kaca letak yogyakarta romantis heha sky view wisata ciri khas dasar akun instagram milik ciri utama heha sky view selfie resto food stalls jual makan kini konsep kontainer suka manja lidah tambah stok swafoto spot instagrammable patut coba taman hiburan yogyakarta,Taman Hiburan,60
208,Taman Sungai Mudal,"Taman Sungai Mudal, sebuah objek wisata alam terbuka yang terletak di Kabupaten Kulon Progo, yang menawarkan pesona sebuah kolam pemandian yang bersumber dari mata air alami. Mata airnya bersumber dari sebuah goa, sehingga kehadiran Taman Sungai Mudal menjadi mengesampingkan kesan angker dari sebuah goa. Apalagi ditambah dengan dukungan fasilitas yang membuat para wisatawan merasa nyaman saat berada di sana. Taman Sungai Mudal menjadi salah-satu wisata Kulon Progo yang selalu menjadi destinasi utama saat liburan tiba. Salah-satu alasan utamanya dikarenakan Taman Sungai Mudal mampu menjadi destinasi wisata keluarga yang menyenangkan.",Cagar Alam,Yogyakarta,10000,46.0,taman sungai mudal objek wisata alam buka letak kabupaten kulon progo tawar pesona kolam mandi sumber air alami air sumber goa hadir taman sungai mudal samping kesan angker goa tambah dukung fasilitas wisatawan nyaman taman sungai mudal salah wisata kulon progo destinasi utama libur salah alas utama taman sungai mudal destinasi wisata keluarga senang,taman sungai mudal objek wisata alam buka letak kabupaten kulon progo tawar pesona kolam mandi sumber air alami air sumber goa hadir taman sungai mudal samping kesan angker goa tambah dukung fasilitas wisatawan nyaman taman sungai mudal salah wisata kulon progo destinasi utama libur salah alas utama taman sungai mudal destinasi wisata keluarga senang cagar alam yogyakarta,Danau/Sungai,60
209,Pantai Sanglen,"Pantai Sanglen. Lokasinya berada di Desa Kemadang, Gunung Kidul. Pantai indah yang satu ini memang terdengar asing di telinga, namun ternyata pantai ini menyimpan keindahan yang sangat menenangkan. Keadaan ombaknya diam-diam menghanyutkan membuat kita harus berhati-hati jika ingin bermain air ketika sedang pasang, namun ketika surut kamu dapat bemain ombak di sekitar pantainya. Tak jauh dari area pantai terdapat sebuah bukit dengan hiasan pepohonan yang masih rindang serta berwarna hijau alam, kamu dapat naik ke atas bukit melalui tangga yang sudah disediakan.",Bahari,Yogyakarta,10000,45.0,pantai sanglen lokasi desa madang gunung kidul pantai indah dengar asing telinga pantai simpan indah tenang ombak diam diam hanyut hati hati main air pasang surut bain ombak pantai area pantai bukit hias pohon rindang warna hijau alam bukit tangga sedia,pantai sanglen lokasi desa madang gunung kidul pantai indah dengar asing telinga pantai simpan indah tenang ombak diam diam hanyut hati hati main air pasang surut bain ombak pantai area pantai bukit hias pohon rindang warna hijau alam bukit tangga sedia bahari yogyakarta,Pantai/Bahari,60
210,Pantai Congot,"Selain Pantai Glagah dan Pantai Trisik, ternyata masih ada satu lagi pantai yang berada di Kulon Progo. Yakni Pantai Congot, pantai yang satu ini terkenal sebagai surganya memancing ikan. Maka tak heran jika Pantai Congot banyak dikunjungi oleh mereka para mancing mania, selain itu masyarakat sekitar Pantai Congot menggantungkan hidupnya sebagai nelayan. Pantai Congot memang tak sepopuler pantai lain yang ada di Kulon Progo, mulai banyak dikunjungi wisatawan ketika dibukanya Hutan Mangrove Pasir Mendit. Karena memang lokasinya yang tak terlalu jauh dari Pantai Congot, yakni berada di sebelah barat pantai. Pantai Congot merupakan muara dari Sungai Bogowonto. Ini pulalah yang menyebabkan Pantai Congot menjadi spot favorite para pemancing, karena terdapat banyak jenis ikan yang ada mulai dari ikan air tawar, ikan air payau hingga ikan air asin.",Bahari,Yogyakarta,3000,43.0,pantai glagah pantai trisik pantai kulon progo pantai congot pantai kenal surga pancing ikan heran pantai congot kunjung mancing mania masyarakat pantai congot gantung hidup nelayan pantai congot populer pantai kulon progo kunjung wisatawan buka hutan mangrove pasir mendit lokasi pantai congot belah barat pantai pantai congot muara sungai bogowonto pula sebab pantai congot spot favorite pancing jenis ikan ikan air tawar ikan air payau ikan air asin,pantai glagah pantai trisik pantai kulon progo pantai congot pantai kenal surga pancing ikan heran pantai congot kunjung mancing mania masyarakat pantai congot gantung hidup nelayan pantai congot populer pantai kulon progo kunjung wisatawan buka hutan mangrove pasir mendit lokasi pantai congot belah barat pantai pantai congot muara sungai bogowonto pula sebab pantai congot spot favorite pancing jenis ikan ikan air tawar ikan air payau ikan air asin bahari yogyakarta,Pantai/Bahari,60
211,GunungTangkuban perahu,"Gunung Tangkuban Parahu adalah salah satu gunung yang terletak di Provinsi Jawa Barat, Indonesia. Sekitar 20 km ke arah utara Kota Bandung, dengan rimbun pohon pinus dan hamparan kebun teh di sekitarnya, Gunung Tangkuban Parahu mempunyai ketinggian setinggi 2.084 meter. Bentuk gunung ini adalah Stratovulcano dengan pusat erupsi yang berpindah dari timur ke barat. Jenis batuan yang dikeluarkan melalui letusan kebanyakan adalah lava dan sulfur, mineral yang dikeluarkan adalah sulfur belerang, mineral yang dikeluarkan saat gunung tidak aktif adalah uap belerang. Daerah Gunung Tangkuban Parahu dikelola oleh Perum Perhutanan. Suhu rata-rata hariannya adalah 17oC pada siang hari dan 2 °C pada malam hari._x000D_",Cagar Alam,Bandung,30000,45.0,gunung tangkuban parahu salah gunung letak provinsi jawa barat indonesia km arah utara kota bandung rimbun pohon pinus hampar kebun teh gunung tangkuban parahu tinggi meter bentuk gunung stratovulcano pusat erupsi pindah timur barat jenis batu keluar letus banyak lava sulfur mineral keluar sulfur belerang mineral keluar gunung aktif uap belerang daerah gunung tangkuban parahu kelola perum hutan suhu rata rata hari oc siang malam,gunung tangkuban parahu salah gunung letak provinsi jawa barat indonesia km arah utara kota bandung rimbun pohon pinus hampar kebun teh gunung tangkuban parahu tinggi meter bentuk gunung stratovulcano pusat erupsi pindah timur barat jenis batu keluar letus banyak lava sulfur mineral keluar sulfur belerang mineral keluar gunung aktif uap belerang daerah gunung tangkuban parahu kelola perum hutan suhu rata rata hari oc siang malam cagar alam bandung,Gunung/Bukit,60
212,Jalan Braga,"Jalan Braga adalah nama sebuah jalan utama di kota Bandung, Indonesia. Nama jalan ini cukup dikenal sejak masa pemerintahan Hindia Belanda. Sampai saat ini nama jalan tersebut tetap dipertahankan sebagai salah satu maskot dan objek wisata kota Bandung yang dahulu dikenal sebagai Parijs van Java.",Budaya,Bandung,0,47.0,jalan braga nama jalan utama kota bandung indonesia nama jalan kenal perintah hindia belanda nama jalan tahan salah maskot objek wisata kota bandung kenal parijs van java,jalan braga nama jalan utama kota bandung indonesia nama jalan kenal perintah hindia belanda nama jalan tahan salah maskot objek wisata kota bandung kenal parijs van java budaya bandung,Budaya,60
213,Gedung Sate,"Gedung Sate, dengan ciri khasnya berupa ornamen tusuk sate pada menara sentralnya, telah lama menjadi penanda atau markah tanah Kota Bandung yang tidak saja dikenal masyarakat di Jawa Barat, tetapi juga seluruh Indonesia bahkan model bangunan itu dijadikan pertanda bagi beberapa bangunan dan tanda-tanda kota di Jawa Barat. Misalnya bentuk gedung bagian depan Stasiun Kereta Api Tasikmalaya. Mulai dibangun tahun 1920, gedung berwarna putih ini masih berdiri kokoh namun anggun dan kini berfungsi sebagai gedung pusat pemerintahan Jawa Barat.\nGedung Sate yang pada masa Hindia Belanda itu disebut Gouvernements Bedrijven (GB), peletakan batu pertama dilakukan oleh Johanna Catherina Coops, puteri sulung Wali Kota Bandung, Bertus Coops dan Petronella Roelofsen, mewakili Gubernur Jenderal di Batavia, J.P. Graaf van Limburg Stirum pada tanggal 27 Juli 1920, merupakan hasil perencanaan sebuah tim yang terdiri dari Ir.J.Gerber, arsitek muda kenamaan lulusan Fakultas Teknik Delft Nederland, Ir. Eh. De Roo dan Ir. G. Hendriks serta pihak Gemeente van Bandoeng, diketuai Kol. Pur. VL. Slors dengan melibatkan 2000 pekerja, 150 orang di antaranya pemahat, atau ahli bongpay pengukir batu nisan dan pengukir kayu berkebangsaan Cina yang berasal dari Konghu atau Kanton, dibantu tukang batu, kuli aduk dan peladen yang berasal dari penduduk Kampung Sekeloa, Kampung Coblong Dago, Kampung Gandok dan Kampung Cibarengkok, yang sebelumnya mereka menggarap Gedong Sirap (Kampus ITB) dan Gedong Papak (Balai Kota Bandung).\n\nSelama kurun waktu 4 tahun pada bulan September 1924 berhasil diselesaikan pembangunan induk bangunan utama Gouverments Bedrijven, termasuk kantor pusat PTT (Pos, Telepon dan Telegraf) dan Perpustakaan.\nArsitektur Gedung Sate merupakan hasil karya arsitek Ir. J.Gerber dan kelompoknya yang tidak terlepas dari masukan maestro arsitek Belanda Dr.Hendrik Petrus Berlage, yang bernuansakan wajah arsitektur tradisional Nusantara.\nBanyak kalangan arsitek dan ahli bangunan menyatakan Gedung Sate adalah bangunan monumental yang anggun mempesona dengan gaya arsitektur unik mengarah kepada bentuk gaya arsitektur Indo-Eropa, (Indo Europeeschen architectuur stijl), sehingga tidak mustahil bila keanggunan Candi Borobudur ikut mewarnai Gedung Sate.\nBeberapa pendapat tentang megahnya Gedung Sate di antaranya Cor Pashier dan Jan Wittenberg dua arsitek Belanda, yang mengatakan ""langgam arsitektur Gedung Sate adalah gaya hasil eksperimen sang arsitek yang mengarah pada bentuk gaya arsitektur Indo-Eropa"".\nD. Ruhl dalam bukunya Bandoeng en haar Hoogvlakte 1952, ""Gedung Sate adalah bangunan terindah di Indonesia"".\nIr. H.P.Berlage, sewaktu kunjungan ke Gedung Sate April 1923, menyatakan, ""Gedung Sate adalah suatu karya arsitektur besar, yang berhasil memadukan langgam timur dan barat secara harmonis"". Seperti halnya gaya arsitektur Italia pada masa renaiscance terutama pada bangunan sayap barat. Sedangkan menara bertingkat di tengah bangunan mirip atap meru atau pagoda. Masih banyak lagi pendapat arsitek Indonesia yang menyatakan kemegahan Gedung Sate misalnya Slamet Wirasonjaya, dan Ir. Harnyoto Kunto.\nKuat dan utuhnya Gedung Sate hingga kini, tidak terlepas dari bahan dan teknis konstruksi yang dipakai. Dinding Gedung Sate terbuat dari kepingan batu ukuran besar (1 × 1 × 2 m) yang diambil dari kawasan perbukitan batu di Bandung timur sekitar Arcamanik dan Gunung Manglayang. Konstruksi bangunan Gedung Sate menggunakan cara konvensional yang profesional dengan memperhatikan standar teknik.\nGedung Sate berdiri di atas lahan seluas 27.990,859 m², luas bangunan 10.877,734 m² terdiri dari Basement 3.039,264 m², Lantai I 4.062,553 m², teras lantai I 212,976 m², Lantai II 3.023,796 m², teras lantai II 212.976 m², menara 121 m² dan teras menara 205,169 m².\nGerber sendiri memadukan beberapa aliran arsitektur ke dalam rancangannya. Untuk jendela, Gerber mengambil tema Moor Spanyol, sedangkan untuk bangunannya dalah Rennaisance Italia. Khusus untuk menara, Gerber memasukkan aliran Asia, yaitu gaya atap pura Bali atau pagoda di Thailand. Di puncaknya terdapat ""tusuk sate"" dengan 6 buah ornamen sate (versi lain menyebutkan jambu air atau melati), yang melambangkan 6 juta gulden - jumlah biaya yang digunakan untuk membangun Gedung Sate. Ornamen yang terbuat dari batu, terletak di atas pintu utama Gedung Sate, sering dikaitkan dengan candi Borobudur karena bentuknya yang serupa.\nFasade (tampak depan) Gedung Sate ternyata sangat diperhitungkan. Dengan mengikuti sumbu poros utara-selatan (yang juga diterapkan di Gedung Pakuan, yang menghadap Gunung Malabar di selatan), Gedung Sate justru sengaja dibangun menghadap Gunung Tangkuban Perahu di sebelah utara.\nDalam perjalanannya semula diperuntukkan bagi Departemen Lalulintas dan Pekerjaan Umum, bahkan menjadi pusat pemerintahan Hindia Belanda setelah Batavia dianggap sudah tidak memenuhi syarat sebagai pusat pemerintahan karena perkembangannya, sehingga digunakan oleh Jawatan Pekerjaan Umum. Tanggal 3 Desember 1945 terjadi peristiwa yang memakan korban tujuh orang pemuda yang mempertahankan Gedung Sate dari serangan pasukan Gurkha. Untuk mengenang ke tujuh pemuda itu, dibuatkan tugu dari batu yang diletakkan di belakang halaman Gedung Sate. Atas perintah Menteri Pekerjaan Umum pada tanggal 3 Desember 1970 Tugu tersebut dipindahkan ke halaman depan Gedung Sate.\nGedung Sate sejak tahun 1980 dikenal dengan sebutan Kantor Gubernur karena sebagai pusat kegiatan Pemerintah Provinsi Jawa Barat, yang sebelumnya Pemerintahaan Provinsi Jawa Barat menempati Gedung Kerta Mukti di Jalan Braga Bandung.\nRuang kerja Gubernur terdapat di lantai II bersama dengan ruang kerja Wakil Gubernur, Sekretaris Daerah, Para Assisten dan Biro. Saat ini Gubernur di bantu oleh tiga Wakil Gubernur yang menangani Bidang Pemerintahan, Bidang Ekonomi dan Pembangunan, serta Bidang Kesejahteraan Rakyat, seorang Sekretaris Daerah dan Empat Asisten yaitu Asisten Ketataprajaan, Asisten Administrasi Pembangunan, Asisten Kesejahteraan Sosial dan Asisten Administrasi.\nNamun tidak seluruh Asisten menempati Gedung Sate. Asisten Kesejahteraan Sosial dan Asisten Administrasi bersama staf menempati Gedung Baru.\nDi bagian timur dan barat terdapat dua ruang besar yang akan mengingatkan pada ruang dansa (ball room) yang sering terdapat pada bangunan masyarakat Eropa. Ruangan ini lebih sering dikenal dengan sebutan aula barat dan aula timur, sering digunakan kegiatan resmi. Di sekeliling kedua aula ini terdapat ruangan-ruangan yang di tempati beberapa Biro dengan Stafnya.\nPaling atas terdapat lantai yang disebut Menara Gedung Sate, lantai ini tidak dapat dilihat dari bawah, untuk menuju ke lantai teratas menggunakan Lift atau dengan menaiki tangga kayu.\nKesempurnaan megahnya Gedung Sate dilengkapi dengan Gedung Baru yang mengambil sedikit gaya arsitektur Gedung Sate namun dengan gaya konstektual hasil karya arsitek Ir.Sudibyo yang dibangun tahun 1977 diperuntukkan bagi para Pimpinan dan Anggota Dewan Perwakilan Rakyat Daerah Provinsi Jawa Barat dalam melaksanakan tugas dan fungsinya sebagai Lembaga Legislatif Daerah.\nGedung Sate telah menjadi salah satu tujuan objek wisata di kota Bandung. Khusus wisatawan manca negara banyak dari mereka yang sengaja berkunjung karena memiliki keterkaitan emosi maupun history pada Gedung ini. Keterkaitan emosi dan history ini mungkin akan terasa lebih lengkap bila menaiki anak tangga satu per satu yang tersedia menuju menara Gedung Sate. Ada 6 tangga yang harus dilalui dengan masing-masing 10 anak tangga yang harus dinaiki.\nKeindahan Gedung Sate dilengkapi dengan taman disekelilingnya yang terpelihara dengan baik, tidak heran bila taman ini diminati oleh masyarakat kota Bandung dan para wisatawan baik domestik maupun manca negara. Keindahan taman ini sering dijadikan lokasi kegiatan yang bernuansakan kekeluargaan, lokasi shooting video klip musik baik artis lokal maupun artis nasional, lokasi foto keluarga atau foto diri bahkan foto pasangan pengantin.\nKhusus pada hari minggu lingkungan halaman Gedung Sate dijadikan pilihan tempat sebagian besar masyarakat untuk bersantai, sekadar duduk-duduk menikmati udara segar kota Bandung atau berolahraga ringan.\nMembandingkan Gedung Sate dengan bangunan-bangunan pusat pemerintahan (capitol building) di banyak ibu kota negara sepertinya tidak berlebihan. Persamaannya semua dibangun di tengah kompleks hijau dengan menara sentral yang megah. Terlebih dari segi letak gedung sate serta lanskapnya yang relatif mirip dengan Gedung Putih di Washington, DC, Amerika Serikat. Dapat dikatakan Gedung Sate adalah ""Gedung Putih""nya kota Bandung.",Budaya,Bandung,5000,46.0,gedung sate ciri khas ornamen tusuk sate menara sentral tanda markah tanah kota bandung kenal masyarakat jawa barat indonesia model bangun jadi tanda bangun tanda tanda kota jawa barat bentuk gedung stasiun kereta api tasikmalaya bangun tahun gedung warna putih diri kokoh anggun fungsi gedung pusat perintah jawa barat ngedung sate hindia belanda gouvernements bedrijven gb leta batu johanna catherina coops puter sulung wali kota bandung tus coops petronella roelofsen wakil gubernur jenderal batavia graaf van limburg stirum tanggal juli hasil rencana tim ir gerber arsitek muda nama lulus fakultas teknik delft nederland ir eh de roo ir hendriks gemeente van bandoeng tuai kol pur vl slors libat kerja pahat ahli bongpay ukir batu nisan ukir kayu bangsa cina asal konghu kanton bantu tukang batu kuli aduk laden asal duduk kampung sekeloa kampung coblong dago kampung gandok kampung cibarengkok garap gedong sirap kampus itb gedong papak balai kota bandung nselama kurun waktu tahun september hasil selesai bangun induk bangun utama gouverments bedrijven kantor pusat ptt pos telepon telegraf pustaka narsitektur gedung sate hasil karya arsitek ir gerber kelompok lepas masuk maestro arsitek belanda dr hendrik petrus berlage nuansa wajah arsitektur tradisional nusantara nbanyak kalang arsitek ahli bangun gedung sate bangun monumental anggun pesona gaya arsitektur unik arah bentuk gaya arsitektur indo eropa indo europeeschen architectuur stijl mustahil anggun candi borobudur warna gedung sate nbeberapa dapat megah gedung sate cor pashier jan wittenberg arsitek belanda langgam arsitektur gedung sate gaya hasil eksperimen sang arsitek arah bentuk gaya arsitektur indo eropa nd ruhl buku bandoeng en haar hoogvlakte gedung sate bangun indah indonesia nir berlage kunjung gedung sate april gedung sate karya arsitektur hasil madu langgam timur barat harmonis hal gaya arsitektur italia renaiscance bangun sayap barat menara tingkat tengah bangun atap meru pagoda dapat arsitek indonesia megah gedung sate slamet wirasonjaya ir harnyoto kunto nkuat utuh gedung sate lepas bahan teknis konstruksi pakai dinding gedung sate buat keping batu ukur ambil kawasan bukit batu bandung timur arcamanik gunung manglayang konstruksi bangun gedung sate konvensional profesional perhati standar teknik ngedung sate diri lahan luas luas bangun basement lantai teras lantai lantai ii teras lantai ii menara teras menara ngerber madu alir arsitektur rancang jendela gerber ambil tema moor spanyol bangun dalah rennaisance italia menara gerber masuk alir asia gaya atap pura bal pagoda thailand puncak tusuk sate buah ornamen sate versi jambu air melati melambang juta gulden biaya bangun gedung sate ornamen buat batu letak pintu utama gedung sate kait candi borobudur bentuk nfasade gedung sate hitung ikut sumbu poros utara selatan terap gedung paku hadap gunung malabar selatan gedung sate sengaja bangun hadap gunung tangkuban perahu belah utara ndalam jalan untuk departemen lalulintas kerja umum pusat perintah hindia belanda batavia anggap penuh syarat pusat perintah kembang jawat kerja umum tanggal desember peristiwa makan korban tujuh pemuda tahan gedung sate serang pasu gurkha kenang tujuh pemuda buat tugu batu letak halaman gedung sate perintah menteri kerja umum tanggal desember tugu pindah halaman gedung sate ngedung sate tahun kenal sebut kantor gubernur pusat giat perintah provinsi jawa barat pemerintahaan provinsi jawa barat tempat gedung kerta mukti jalan braga bandung nruang gubernur lantai ii ruang wakil gubernur sekretaris daerah assisten biro gubernur bantu wakil gubernur tangan bidang perintah bidang ekonomi bangun bidang sejahtera rakyat sekretaris daerah asisten asisten ketataprajaan asisten administrasi bangun asisten sejahtera sosial asisten administrasi nnamun asisten tempat gedung sate asisten sejahtera sosial asisten administrasi staf tempat gedung ndi timur barat ruang ruang dansa ball room bangun masyarakat eropa ruang kenal sebut aula barat aula timur giat resmi keliling aula ruang ruang tempat biro staf npaling lantai menara gedung sate lantai lantai atas lift tangga kayu nkesempurnaan megah gedung sate lengkap gedung ambil gaya arsitektur gedung sate gaya konstektual hasil karya arsitek ir sudibyo bangun tahun untuk pimpin anggota dewan wakil rakyat daerah provinsi jawa barat laksana tugas fungsi lembaga legislatif daerah ngedung sate salah tuju objek wisata kota bandung wisatawan manca negara sengaja kunjung milik kait emosi history gedung kait emosi history lengkap anak tangga sedia menara gedung sate tangga anak tangga naik nkeindahan gedung sate lengkap taman keliling pelihara heran taman mati masyarakat kota bandung wisatawan domestik manca negara indah taman jadi lokasi giat nuansa keluarga lokasi shooting video klip musik artis lokal artis nasional lokasi foto keluarga foto foto pasang pengantin nkhusus minggu lingkung halaman gedung sate jadi pilih masyarakat santa duduk duduk nikmat udara segar kota bandung olahraga ringan nmembandingkan gedung sate bangun bangun pusat perintah capitol building kota negara sama bangun tengah kompleks hijau menara sentral megah segi letak gedung sate lanskap relatif gedung putih washington dc amerika serikat gedung sate gedung putih kota bandung,gedung sate ciri khas ornamen tusuk sate menara sentral tanda markah tanah kota bandung kenal masyarakat jawa barat indonesia model bangun jadi tanda bangun tanda tanda kota jawa barat bentuk gedung stasiun kereta api tasikmalaya bangun tahun gedung warna putih diri kokoh anggun fungsi gedung pusat perintah jawa barat ngedung sate hindia belanda gouvernements bedrijven gb leta batu johanna catherina coops puter sulung wali kota bandung tus coops petronella roelofsen wakil gubernur jenderal batavia graaf van limburg stirum tanggal juli hasil rencana tim ir gerber arsitek muda nama lulus fakultas teknik delft nederland ir eh de roo ir hendriks gemeente van bandoeng tuai kol pur vl slors libat kerja pahat ahli bongpay ukir batu nisan ukir kayu bangsa cina asal konghu kanton bantu tukang batu kuli aduk laden asal duduk kampung sekeloa kampung coblong dago kampung gandok kampung cibarengkok garap gedong sirap kampus itb gedong papak balai kota bandung nselama kurun waktu tahun september hasil selesai bangun induk bangun utama gouverments bedrijven kantor pusat ptt pos telepon telegraf pustaka narsitektur gedung sate hasil karya arsitek ir gerber kelompok lepas masuk maestro arsitek belanda dr hendrik petrus berlage nuansa wajah arsitektur tradisional nusantara nbanyak kalang arsitek ahli bangun gedung sate bangun monumental anggun pesona gaya arsitektur unik arah bentuk gaya arsitektur indo eropa indo europeeschen architectuur stijl mustahil anggun candi borobudur warna gedung sate nbeberapa dapat megah gedung sate cor pashier jan wittenberg arsitek belanda langgam arsitektur gedung sate gaya hasil eksperimen sang arsitek arah bentuk gaya arsitektur indo eropa nd ruhl buku bandoeng en haar hoogvlakte gedung sate bangun indah indonesia nir berlage kunjung gedung sate april gedung sate karya arsitektur hasil madu langgam timur barat harmonis hal gaya arsitektur italia renaiscance bangun sayap barat menara tingkat tengah bangun atap meru pagoda dapat arsitek indonesia megah gedung sate slamet wirasonjaya ir harnyoto kunto nkuat utuh gedung sate lepas bahan teknis konstruksi pakai dinding gedung sate buat keping batu ukur ambil kawasan bukit batu bandung timur arcamanik gunung manglayang konstruksi bangun gedung sate konvensional profesional perhati standar teknik ngedung sate diri lahan luas luas bangun basement lantai teras lantai lantai ii teras lantai ii menara teras menara ngerber madu alir arsitektur rancang jendela gerber ambil tema moor spanyol bangun dalah rennaisance italia menara gerber masuk alir asia gaya atap pura bal pagoda thailand puncak tusuk sate buah ornamen sate versi jambu air melati melambang juta gulden biaya bangun gedung sate ornamen buat batu letak pintu utama gedung sate kait candi borobudur bentuk nfasade gedung sate hitung ikut sumbu poros utara selatan terap gedung paku hadap gunung malabar selatan gedung sate sengaja bangun hadap gunung tangkuban perahu belah utara ndalam jalan untuk departemen lalulintas kerja umum pusat perintah hindia belanda batavia anggap penuh syarat pusat perintah kembang jawat kerja umum tanggal desember peristiwa makan korban tujuh pemuda tahan gedung sate serang pasu gurkha kenang tujuh pemuda buat tugu batu letak halaman gedung sate perintah menteri kerja umum tanggal desember tugu pindah halaman gedung sate ngedung sate tahun kenal sebut kantor gubernur pusat giat perintah provinsi jawa barat pemerintahaan provinsi jawa barat tempat gedung kerta mukti jalan braga bandung nruang gubernur lantai ii ruang wakil gubernur sekretaris daerah assisten biro gubernur bantu wakil gubernur tangan bidang perintah bidang ekonomi bangun bidang sejahtera rakyat sekretaris daerah asisten asisten ketataprajaan asisten administrasi bangun asisten sejahtera sosial asisten administrasi nnamun asisten tempat gedung sate asisten sejahtera sosial asisten administrasi staf tempat gedung ndi timur barat ruang ruang dansa ball room bangun masyarakat eropa ruang kenal sebut aula barat aula timur giat resmi keliling aula ruang ruang tempat biro staf npaling lantai menara gedung sate lantai lantai atas lift tangga kayu nkesempurnaan megah gedung sate lengkap gedung ambil gaya arsitektur gedung sate gaya konstektual hasil karya arsitek ir sudibyo bangun tahun untuk pimpin anggota dewan wakil rakyat daerah provinsi jawa barat laksana tugas fungsi lembaga legislatif daerah ngedung sate salah tuju objek wisata kota bandung wisatawan manca negara sengaja kunjung milik kait emosi history gedung kait emosi history lengkap anak tangga sedia menara gedung sate tangga anak tangga naik nkeindahan gedung sate lengkap taman keliling pelihara heran taman mati masyarakat kota bandung wisatawan domestik manca negara indah taman jadi lokasi giat nuansa keluarga lokasi shooting video klip musik artis lokal artis nasional lokasi foto keluarga foto foto pasang pengantin nkhusus minggu lingkung halaman gedung sate jadi pilih masyarakat santa duduk duduk nikmat udara segar kota bandung olahraga ringan nmembandingkan gedung sate bangun bangun pusat perintah capitol building kota negara sama bangun tengah kompleks hijau menara sentral megah segi letak gedung sate lanskap relatif gedung putih washington dc amerika serikat gedung sate gedung putih kota bandung budaya bandung,Budaya,60
214,Trans Studio Bandung,"Trans Studio Bandung adalah kawasan wisata terpadu di Kota Bandung, Indonesia. Trans Studio dibangun pada areal seluas 4,2 hektare dengan investasi mencapai Rp 2 triliun sehingga menjadikan sebagai kawasan hiburan terluas dan terlengkap di Bandung. Wahana yang terdapat menawarkan petualangan dan sensasi baru yang tidak kalah menantang seperti pendahulunya yaitu Trans Studio Resort Makassar yang dibuka pada tahun 2009. Trans Studio Bandung dibuka untuk umum pada tanggal 18 Juni 2011. Trans Studio Bandung adalah taman bermain yang paling komplet di kota Bandung",Taman Hiburan,Bandung,280000,45.0,trans studio bandung kawasan wisata padu kota bandung indonesia trans studio bangun areal luas hektare investasi capai rp triliun jadi kawasan hibur luas lengkap bandung wahana tawar tualang sensasi kalah tantang dahulu trans studio resort makassar buka tahun trans studio bandung buka umum tanggal juni trans studio bandung taman main komplet kota bandung,trans studio bandung kawasan wisata padu kota bandung indonesia trans studio bangun areal luas hektare investasi capai rp triliun jadi kawasan hibur luas lengkap bandung wahana tawar tualang sensasi kalah tantang dahulu trans studio resort makassar buka tahun trans studio bandung buka umum tanggal juni trans studio bandung taman main komplet kota bandung taman hiburan bandung,Taman Hiburan,60
215,Taman Hutan Raya Ir. H. Djuanda,"Taman Hutan Raya Ir. H. Djuanda (Tahura Djuanda) merupakan kawasan konservasi yang terpadu antara alam sekunder dengan hutan tanaman dengan jenis Pinus (Pinus merkusil) yang terletak di Sub-Daerah Aliran Sungai Cikapundung dan DAS Citarum yang membentang mulai dari Curug Dago, Dago Pakar sampai Curug Maribaya yang merupakan bagian dari kelompok hutan Gunung Pulosari.\nTahura Djuanda terletak di sebelah utara Kota Bandung berjarak kurang lebih 7 km dari pusat kota, secara geografis berada pada 1070 30’ BT dan 60 52’ LS, secara administrasi berada di wilayah Desa Ciburial, Kecamatan Cimenyan, Kabupaten Bandung dan sebagian masuk Desa Mekarwangi, Desa Cibodas, Desa Langensari, dan Desa Wangunharja, Kecamatan Lembang, Kabupaten Bandung Barat serta Kelurahan Dago, Kecamatan Coblong, Kota Bandung.\nBerdasarkan hasil rekonstruksi tata batas Tahura Djuanda tahun 2003, luasnya adalah 526,98 ha.",Cagar Alam,Bandung,15000,45.0,taman hutan raya ir djuanda tahura djuanda kawasan konservasi padu alam sekunder hutan tanam jenis pinus pinus merkusil letak sub daerah alir sungai cikapundung das citarum bentang curug dago dago pakar curug maribaya kelompok hutan gunung pulosari ntahura djuanda letak belah utara kota bandung jarak km pusat kota geografis bt ls administrasi wilayah desa ciburial camat cimenyan kabupaten bandung desa mekarwangi desa cibodas desa langensari desa wangunharja camat lembang kabupaten bandung barat lurah dago camat coblong kota bandung nberdasarkan hasil rekonstruksi tata batas tahura djuanda tahun luas ha,taman hutan raya ir djuanda tahura djuanda kawasan konservasi padu alam sekunder hutan tanam jenis pinus pinus merkusil letak sub daerah alir sungai cikapundung das citarum bentang curug dago dago pakar curug maribaya kelompok hutan gunung pulosari ntahura djuanda letak belah utara kota bandung jarak km pusat kota geografis bt ls administrasi wilayah desa ciburial camat cimenyan kabupaten bandung desa mekarwangi desa cibodas desa langensari desa wangunharja camat lembang kabupaten bandung barat lurah dago camat coblong kota bandung nberdasarkan hasil rekonstruksi tata batas tahura djuanda tahun luas ha cagar alam bandung,Kebun/Taman,60
216,Farm House Susu Lembang,"Sebagai salah satu tempat wisata lembang baru, Farm house Lembang mulai beroperasi sekitar tahun 2015. Tempat wisata di Bandung biasanya terbantu naik oleh medsos, terutama facebook dan instagram. Tampaknya tempat ini memaksimalkan banget hal ini. Dengan desain atmosfer eropa, banyak spot unik yang pastinya bakal menarik untuk swafoto/selfie, dan di posting di media sosial. memang, Farmhouse Lembang sejauh ini menawarkan ‘wisata foto’ sebagai daya tarik utamanya. Mirip-mirip dengan Dago Dream Park, hanya berbeda konsep tempatnya saja.",Taman Hiburan,Bandung,30000,44.0,salah wisata lembang farm house lembang operasi tahun wisata bandung bantu medsos facebook instagram maksimal banget desain atmosfer eropa spot unik pasti tarik swafoto selfie posting media sosial farmhouse lembang tawar wisata foto daya tarik utama dago dream park beda konsep tempat,salah wisata lembang farm house lembang operasi tahun wisata bandung bantu medsos facebook instagram maksimal banget desain atmosfer eropa spot unik pasti tarik swafoto selfie posting media sosial farmhouse lembang tawar wisata foto daya tarik utama dago dream park beda konsep tempat taman hiburan bandung,Taman Hiburan,60
217,Kebun Binatang Bandung,"Kebun Binatang Bandung merupakan salah satu objek wisata alam flora dan fauna di Kota Bandung, Jawa Barat, Indonesia. Kebun Binatang Bandung terletak berdampingan dengan kampus Institut Teknologi Bandung dan Sungai Cikapundung.",Cagar Alam,Bandung,20000,4.0,kebun binatang bandung salah objek wisata alam flora fauna kota bandung jawa barat indonesia kebun binatang bandung letak damping kampus institut teknologi bandung sungai cikapundung,kebun binatang bandung salah objek wisata alam flora fauna kota bandung jawa barat indonesia kebun binatang bandung letak damping kampus institut teknologi bandung sungai cikapundung cagar alam bandung,Kebun/Taman,60
218,Kawah Putih,"Kawah Putih adalah sebuah tempat wisata di Jawa Barat yang terletak di Desa Alam Endah, Kecamatan Rancabali, Kabupaten Bandung Jawa Barat yang terletak di kaki Gunung Patuha. Kawah putih merupakan sebuah danau yang terbentuk dari letusan Gunung Patuha. Tanah yang bercampur belerang di sekitar kawah ini berwarna putih, lalu warna air yang berada di kawah ini berwarna putih kehijauan, yang unik dari kawah ini adalah airnya kadang berubah warna. Danau Kawah Putih sendiri berada pada ketinggian 2194 m tapi luas total Danau Kawah Putih 25 ha yang dipakai wisata 5 ha dan lokasi kawah sendiri 3 ha.",Cagar Alam,Bandung,81000,45.0,kawah putih wisata jawa barat letak desa alam endah camat rancabali kabupaten bandung jawa barat letak kaki gunung patuha kawah putih danau bentuk letus gunung patuha tanah campur belerang kawah warna putih warna air kawah warna putih hijau unik kawah air kadang ubah warna danau kawah putih tinggi luas total danau kawah putih ha pakai wisata ha lokasi kawah ha,kawah putih wisata jawa barat letak desa alam endah camat rancabali kabupaten bandung jawa barat letak kaki gunung patuha kawah putih danau bentuk letus gunung patuha tanah campur belerang kawah warna putih warna air kawah warna putih hijau unik kawah air kadang ubah warna danau kawah putih tinggi luas total danau kawah putih ha pakai wisata ha lokasi kawah ha cagar alam bandung,Cagar Alam,60
219,Tebing Karaton,"Tebing Keraton atau Tebing Karaton merupakan sebuah tebing yang berada di dalam kawasan Taman Hutan Raya Ir. H. Djuanda. Tebing ini terletak di Kampung Ciharegem Puncak, Desa Ciburial, Bandung, Jawa Barat, Indonesia. Dari Tebing Keraton dapat menikmati pemandangan spektakuler. Bukan lampu kota, melainkan hutan!",Cagar Alam,Bandung,15000,45.0,tebing keraton tebing karaton tebing kawasan taman hutan raya ir djuanda tebing letak kampung ciharegem puncak desa ciburial bandung jawa barat indonesia tebing keraton nikmat pandang spektakuler lampu kota hutan,tebing keraton tebing karaton tebing kawasan taman hutan raya ir djuanda tebing letak kampung ciharegem puncak desa ciburial bandung jawa barat indonesia tebing keraton nikmat pandang spektakuler lampu kota hutan cagar alam bandung,Cagar Alam,60
220,Dusun Bambu,"Dusun Bambu merupakan taman rekreasi berbasis ecotourism di Jawa Barat dengan konsep ‘Private Sanctuary Lifestyle’ (Konsep Wisata Sehat). Melalui konsep ini, Dusun Bambu siap menghadirkan sarana rekreasi yang aman dan nyaman dengan senantiasa menerapkan standar protokol kesehatan yang ketat. Memadukan keindahan alam dan budaya tradisional, fasilitas di Dusun Bambu didesain untuk pengalaman wisata alam yang paling berkesan, mulai dari berjalan-jalan santai, bersepeda, menikmati kuliner lezat di tengah pesona alam, hingga mengunjungi replika pedesaan tradisional. Terdapat pula kapasitas kunjungan harian ke Dusun Bambu untuk memastikan bahwa anjuran social distancing tetap dijalankan. Dengan begitu, Dusun Bambu siap menjamin keselamatan kunjungan wisata Anda menyajikan pengalaman kunjungan yang tak tergantikan dan penjelajahan rasa yang memuaskan hati._x000D_",Taman Hiburan,Bandung,25000,45.0,dusun bambu taman rekreasi bas ecotourism jawa barat konsep private sanctuary lifestyle konsep wisata sehat konsep dusun bambu hadir sarana rekreasi aman nyaman senantiasa terap standar protokol sehat ketat madu indah alam budaya tradisional fasilitas dusun bambu desain alam wisata alam kesan jalan jalan santai sepeda nikmat kuliner lezat tengah pesona alam unjung replika desa tradisional kapasitas kunjung hari dusun bambu anjur social distancing jalan dusun bambu jamin selamat kunjung wisata saji alam kunjung ganti jelajah muas hati,dusun bambu taman rekreasi bas ecotourism jawa barat konsep private sanctuary lifestyle konsep wisata sehat konsep dusun bambu hadir sarana rekreasi aman nyaman senantiasa terap standar protokol sehat ketat madu indah alam budaya tradisional fasilitas dusun bambu desain alam wisata alam kesan jalan jalan santai sepeda nikmat kuliner lezat tengah pesona alam unjung replika desa tradisional kapasitas kunjung hari dusun bambu anjur social distancing jalan dusun bambu jamin selamat kunjung wisata saji alam kunjung ganti jelajah muas hati taman hiburan bandung,Taman Hiburan,60
221,Museum Geologi Bandung,"Museum Geologi didirikan pada tanggal 16 Mei 1929 Museum ini telah direnovasi dengan dana bantuan dari JICA (Japan International Cooperation Agency). Setelah mengalami renovasi, Museum Geologi dibuka kembali dan diresmikan oleh Wakil Presiden RI, Megawati Soekarnoputri pada tanggal 23 Agustus 2000. Sebagai salah satu monumen bersejarah, museum berada di bawah perlindungan pemerintah dan merupakan peninggalan nasional. Dalam Museum ini, tersimpan dan dikelola materi-materi geologi yang berlimpah, seperti fosil, batuan, mineral. Kesemuanya itu dikumpulkan selama kerja lapangan di Indonesia sejak 1850.",Budaya,Bandung,2000,46.0,museum geologi diri tanggal mei museum renovasi dana bantu jica japan international cooperation agency alami renovasi museum geologi buka resmi wakil presiden ri megawati soekarnoputri tanggal agustus salah monumen sejarah museum lindung perintah tinggal nasional museum simpan kelola materi materi geologi limpah fosil batu mineral semua kumpul lapang indonesia,museum geologi diri tanggal mei museum renovasi dana bantu jica japan international cooperation agency alami renovasi museum geologi buka resmi wakil presiden ri megawati soekarnoputri tanggal agustus salah monumen sejarah museum lindung perintah tinggal nasional museum simpan kelola materi materi geologi limpah fosil batu mineral semua kumpul lapang indonesia budaya bandung,Museum,60
222,Museum Konferensi Asia Afrika,"Museum Konferensi Asia Afrika merupakan salah satu museum yang berada di kota Bandung yang terletak di Jalan Asia Afrika No. 65. Museum ini merupakan memorabilia Konferensi Asia Afrika. Museum ini memiliki hubungan yang sangat erat dengan Gedung Merdeka. Secara keseluruhan Gedung Merdeka memiliki dua bangunan utama, yang pertama disebut Gedung Merdeka sebagai tempat sidang utama, sedangkan yang berada di samping Gedung Merdeka adalah Museum Konferensi Asia Afrika sebagai tempat memorabilia Konferensi Asia Afrika. Latar belakang dibangunnya museum ini adalah adanya keinginan dari para pemimpin bangsa-bangsa di Asia dan Afrika untuk mengetahui tentang Gedung Merdeka dan sekitarnya tempat Konferensi Asia Afrika berlangsung. Hal ini membuat Menteri Luar Negeri Republik Indonesia, Prof. Dr. Mochtar Kusumaatmadja, S.H., LL.M memiliki ide untuk membangun sebuah museum. Ide tersebut disampaikannya pada forum rapat Panitia Peringatan 25 tahun Konferensi Asia Afrika (1980) yang dihadiri oleh Direktur Jenderal Kebudayaan Prof. Dr. Haryati Soebadio sebagai wakil dari Departemen Pendidikan dan Kebudayaan. Kemudian museum ini diresmikan pada tanggal 24 April 1980 bertepatan dengan peringatan 25 tahun Konferensi Asia Afrika.",Budaya,Bandung,0,46.0,museum konferensi asia afrika salah museum kota bandung letak jalan asia afrika no museum memorabilia konferensi asia afrika museum milik hubung erat gedung merdeka gedung merdeka milik bangun utama gedung merdeka sidang utama samping gedung merdeka museum konferensi asia afrika memorabilia konferensi asia afrika latar bangun museum pimpin bangsa bangsa asia afrika gedung merdeka konferensi asia afrika menteri negeri republik indonesia prof dr mochtar kusumaatmadja ll milik ide bangun museum ide sampai forum rapat panitia ingat tahun konferensi asia afrika hadir direktur jenderal budaya prof dr haryati soebadio wakil departemen didik budaya museum resmi tanggal april tepat ingat tahun konferensi asia afrika,museum konferensi asia afrika salah museum kota bandung letak jalan asia afrika no museum memorabilia konferensi asia afrika museum milik hubung erat gedung merdeka gedung merdeka milik bangun utama gedung merdeka sidang utama samping gedung merdeka museum konferensi asia afrika memorabilia konferensi asia afrika latar bangun museum pimpin bangsa bangsa asia afrika gedung merdeka konferensi asia afrika menteri negeri republik indonesia prof dr mochtar kusumaatmadja ll milik ide bangun museum ide sampai forum rapat panitia ingat tahun konferensi asia afrika hadir direktur jenderal budaya prof dr haryati soebadio wakil departemen didik budaya museum resmi tanggal april tepat ingat tahun konferensi asia afrika budaya bandung,Museum,60
223,Masjid Raya Bandung,"Masjid Raya Bandung Provinsi Jawa Barat, yang dulu dikenal dengan nama Masjid Agung Bandung adalah masjid yang berada di Kota Bandung, Jawa Barat, Indonesia. Status masjid ini adalah sebagai masjid provinsi bagi Jawa Barat. Masjid ini pertama dibangun tahun 1810, dan sejak didirikannya, Masjid Agung telah mengalami delapan kali perombakan pada abad ke-19, kemudian lima kali pada abad 20 sampai akhirnya direnovasi lagi pada tahun 2001 sampai peresmian Masjid Raya Bandung 4 Juni 2003 yang diresmikan oleh Gubernur Jabar saat itu, H.R. Nuriana. Masjid baru ini, yang bercorak Arab, menggantikan Masjid Agung yang lama, yang bercorak khas Sunda.\nMasjid Raya Bandung, seperti yang kita lihat sekarang, terdapat dua menara kembar di sisi kiri dan kanan masjid setinggi 81 meter yang selalu dibuka untuk umum setiap hari Sabtu dan Minggu. Atap masjid diganti dari atap joglo menjadi satu kubah besar pada atap tengah dan yang lebih kecil pada atap kiri-kanan masjid serta dinding masjid terbuat dari batu alam kualitas tinggi. Kini luas tanah keseluruhan masjid adalah 23.448 m² dengan luas bangunan 8.575 m² dan dapat menampung sekitar 13.000 jamaah.",Tempat Ibadah,Bandung,0,47.0,masjid raya bandung provinsi jawa barat kenal nama masjid agung bandung masjid kota bandung jawa barat indonesia status masjid masjid provinsi jawa barat masjid bangun tahun diri masjid agung alami delapan ombak abad abad renovasi tahun resmi masjid raya bandung juni resmi gubernur jabar nuriana masjid corak arab ganti masjid agung corak khas sunda nmasjid raya bandung menara kembar sisi kiri kanan masjid meter buka umum sabtu minggu atap masjid ganti atap joglo kubah atap tengah atap kiri kanan masjid dinding masjid buat batu alam kualitas tinggi luas tanah masjid luas bangun tampung jamaah,masjid raya bandung provinsi jawa barat kenal nama masjid agung bandung masjid kota bandung jawa barat indonesia status masjid masjid provinsi jawa barat masjid bangun tahun diri masjid agung alami delapan ombak abad abad renovasi tahun resmi masjid raya bandung juni resmi gubernur jabar nuriana masjid corak arab ganti masjid agung corak khas sunda nmasjid raya bandung menara kembar sisi kiri kanan masjid meter buka umum sabtu minggu atap masjid ganti atap joglo kubah atap tengah atap kiri kanan masjid dinding masjid buat batu alam kualitas tinggi luas tanah masjid luas bangun tampung jamaah tempat ibadah bandung,Tempat Ibadah,60
224,Dago Dreampark,Dago Dreampark merupakan wisata kekinian di Kota Bandung dengan luas 13 hektar yang mengusung konsep Jawa - Sunda & Bali dengan dilengkapi berbagai fasilitas & wahana yang menarik.,Taman Hiburan,Bandung,40000,42.0,dago dreampark wisata kini kota bandung luas hektar usung konsep jawa sunda bal lengkap fasilitas wahana tarik,dago dreampark wisata kini kota bandung luas hektar usung konsep jawa sunda bal lengkap fasilitas wahana tarik taman hiburan bandung,Taman Hiburan,60
225,Orchid Forest Cikole,"Orchid Forest Cikole Lembang sudah berdiri sejak Agustus tahun 2017. Tempat ini merupakan taman anggrek terluas di Indonesia. Berada di tengah kawasan hutan lindung dan terbentang seluas 12 hektar. Setidaknya terdapat 157 jenis bunga anggrek beraneka macam dikembangkan di sini. Orchid Forest Cikole Bandung memfokuskan diri untuk memperkenalkan dan membudidayakan berbagai tanaman anggrek. Menggunakan metode lokal maupun internasional. Spesies Anggreknya tidak hanya berasal dari Indonesia yang memang merupakan negara kedua terbanyak memiliki varian anggrek. Tanaman anggrek di Orchid Forest juga berasal dari negara lain, seperti Venezuela, Argentina, Filipina, Peru, dan Amerika serikat.",Taman Hiburan,Bandung,50000,46.0,orchid forest cikole lembang diri agustus tahun taman anggrek luas indonesia tengah kawasan hutan lindung bentang luas hektar jenis bunga anggrek aneka kembang orchid forest cikole bandung fokus kenal membudidayakan tanam anggrek metode lokal internasional spesies anggrek asal indonesia negara milik varian anggrek tanam anggrek orchid forest asal negara venezuela argentina filipina peru amerika serikat,orchid forest cikole lembang diri agustus tahun taman anggrek luas indonesia tengah kawasan hutan lindung bentang luas hektar jenis bunga anggrek aneka kembang orchid forest cikole bandung fokus kenal membudidayakan tanam anggrek metode lokal internasional spesies anggrek asal indonesia negara milik varian anggrek tanam anggrek orchid forest asal negara venezuela argentina filipina peru amerika serikat taman hiburan bandung,Kebun/Taman,60
226,Kawasan Punclut,"Punclut yang merupakan singkatan dari Puncak Ciumbuleuit adalah salah satu kawasan yang terletak di sebelah utara Kota Bandung. Kawasan ini terletak 7 kilometer dari pusat kota Bandung. Pada akhir pekan, kawasan Punclut dipenuhi oleh wisatawan yang datang untuk berwisata dan menikmati pemandangan Kota Bandung. Banyak warga maupun wisatawan yang menggunakan kawasan ini untuk melakukan jalan atau olahraga pagi setiap hari Minggu.",Taman Hiburan,Bandung,20000,44.0,punclut singkat puncak ciumbuleuit salah kawasan letak belah utara kota bandung kawasan letak kilometer pusat kota bandung pekan kawasan punclut penuh wisatawan wisata nikmat pandang kota bandung warga wisatawan kawasan jalan olahraga pagi minggu,punclut singkat puncak ciumbuleuit salah kawasan letak belah utara kota bandung kawasan letak kilometer pusat kota bandung pekan kawasan punclut penuh wisatawan wisata nikmat pandang kota bandung warga wisatawan kawasan jalan olahraga pagi minggu taman hiburan bandung,Taman Hiburan,60
227,Alun-Alun Kota Bandung,Alun-alun Bandung adalah pusat kota Bandung yang dicirikan oleh sebidang tanah yang luas. Di sekelilingnya ada bangunan-bangunan fungsional. Tempatnya ada di dekat Grote Postweg.,Taman Hiburan,Bandung,0,46.0,alun alun bandung pusat kota bandung ciri bidang tanah luas keliling bangun bangun fungsional tempat grote postweg,alun alun bandung pusat kota bandung ciri bidang tanah luas keliling bangun bangun fungsional tempat grote postweg taman hiburan bandung,Alun-alun,60
228,Museum Sri Baduga,"Museum Sri Baduga merupakan sebuah museum yang terletak di kota Bandung, Jawa Barat, Indonesia.\nMuseum ini dikelola oleh pemerintah provinsi Jawa Barat, yang mulai didirikan pada tahun 1974 dengan memanfaatkan bangunan lama bekas Kawedanan Tegallega, yang kemudian diresmikan pada tanggal 5 Juni 1980 oleh Menteri Pendidikan dan Kebudayaan waktu itu, Daoed Joesoef.\nPenamaan museum ini diambil dari gelar salah seorang raja Pajajaran, Sri Baduga Maharaja sebagaimana tertulis pada Prasasti Batutulis. Dan kemudian ditetapkan melalui Kepmendikbud nomor 02223/0/1990 tanggal 4 April 1990._x000D_",Budaya,Bandung,3000,45.0,museum sri baduga museum letak kota bandung jawa barat indonesia nmuseum kelola perintah provinsi jawa barat diri tahun manfaat bangun bekas kawedanan tegallega resmi tanggal juni menteri didik budaya waktu daoed joesoef npenamaan museum ambil gelar salah raja pajajaran sri baduga maharaja tulis prasasti batutulis tetap kepmendikbud nomor tanggal april,museum sri baduga museum letak kota bandung jawa barat indonesia nmuseum kelola perintah provinsi jawa barat diri tahun manfaat bangun bekas kawedanan tegallega resmi tanggal juni menteri didik budaya waktu daoed joesoef npenamaan museum ambil gelar salah raja pajajaran sri baduga maharaja tulis prasasti batutulis tetap kepmendikbud nomor tanggal april budaya bandung,Museum,60
229,Rabbit Town,"Rabbit Town Bandung merupakan salah satu wisata unik di Bandung yang didirikan pada 11 Januari 2018. Tempat wisata yang menjadikan hewan kelinci sebagai ikon utama. Pada seluruh dekorasi dibuat dengan tampilan selucu mungkin dan juga menampilkan berbagai jenis kelinci lucu. Pengunjung yang tertarik dengan hewan ini bisa membawa pulang kelinci dengan membelinya terlebih dahulu. Tempat wisata ini dimiliki oleh CEO Chairman Kaum Group yaitu Pak Henry Husada. Pak Henry sendiri dengan sengaja menjadikan salah satu rumahnya yang memiliki luas dua hektar dengan 30 kamar, dibangun sebuah objek wisata unik. Selain adanya spesies kelinci, tempat ini juga menyuguhkan spot foto bagus. Tak hanya itu, di dalam wisata ini juga terdapat beberapa wahana untuk anak-anak sehingga bagi pengunjung yang membawa serta anaknya akan merasa betah berlama-lama.",Taman Hiburan,Bandung,45000,4.0,rabbit town bandung salah wisata unik bandung diri januari wisata jadi hewan kelinci ikon utama dekorasi tampil lucu tampil jenis kelinci lucu unjung tarik hewan bawa pulang kelinci bel wisata milik ceo chairman kaum group henry husada henry sengaja jadi salah rumah milik luas hektar kamar bangun objek wisata unik spesies kelinci suguh spot foto bagus wisata wahana anak anak unjung bawa anak betah lama,rabbit town bandung salah wisata unik bandung diri januari wisata jadi hewan kelinci ikon utama dekorasi tampil lucu tampil jenis kelinci lucu unjung tarik hewan bawa pulang kelinci bel wisata milik ceo chairman kaum group henry husada henry sengaja jadi salah rumah milik luas hektar kamar bangun objek wisata unik spesies kelinci suguh spot foto bagus wisata wahana anak anak unjung bawa anak betah lama taman hiburan bandung,Taman Hiburan,60
230,Stone Garden Citatah,"Stone  Garden, adalah sebutan nama untuk hamparan tanah yang diisi oleh  formasi batuan tak beraturan yang indah dan membentuk taman alam.Bandung  memiliki banyak wisata alam yang sangat luar biasa. Ternyata Bandung  memiliki wisata alam gua, yaitu Gua Pawon dan wisata Stone Garden. Gua  Pawon merupakan gua yang terbentuk pada zaman purba.Gua ini digunakan  oleh manusia purba sebagai tempat berlindung. Dan uniknya di atas Gua  Pawon terdapat hamparan bebatuan yang sangat indah dengan pemandangan  luar biasa dikenal dengan nama Stone Garden -Taman Batu. Tidak kalah  indah dengan wisata alam Tangkuban Perahu, Kawah Putih Ciwidey, dan Situ  Patengan merupakan kawasan wisata alam yang sering dikunjungi oleh  banyak wisatawan lokal maupun mancanegara. _x000D_",Taman Hiburan,Bandung,30000,44.0,stone garden sebut nama hampar tanah isi formasi batu atur indah bentuk taman alam bandung milik wisata alam bandung milik wisata alam gua gua pawon wisata stone garden gua pawon gua bentuk zaman purba gua manusia purba lindung unik gua pawon hampar bebatuan indah pandang kenal nama stone garden taman batu kalah indah wisata alam tangkuban perahu kawah putih ciwidey situ patengan kawasan wisata alam kunjung wisatawan lokal mancanegara,stone garden sebut nama hampar tanah isi formasi batu atur indah bentuk taman alam bandung milik wisata alam bandung milik wisata alam gua gua pawon wisata stone garden gua pawon gua bentuk zaman purba gua manusia purba lindung unik gua pawon hampar bebatuan indah pandang kenal nama stone garden taman batu kalah indah wisata alam tangkuban perahu kawah putih ciwidey situ patengan kawasan wisata alam kunjung wisatawan lokal mancanegara taman hiburan bandung,Kebun/Taman,60
231,The Great Asia Africa,"Kota Bandung tampaknya tidak pernah kehabisan ide kreatif dalam mengembangkan destinasi wisata. Berbagai tujuan berlibur tersedia di sini, mulai dari wisata kuliner, sejarah, hingga edukasi. Kemasannya pun dengan cara yang unik dan menarik, seperti yang ada di The Great Asia Africa. Kawasan wisata teranyar di Lembang ini menawarkan pengalaman menjelajahi beberapa negara di dua benua, selaras dengan namanya.",Taman Hiburan,Bandung,50000,44.0,kota bandung habis ide kreatif kembang destinasi wisata tuju libur sedia wisata kuliner sejarah edukasi kemas unik tarik the great asia africa kawasan wisata anyar lembang tawar alam jajah negara benua selaras nama,kota bandung habis ide kreatif kembang destinasi wisata tuju libur sedia wisata kuliner sejarah edukasi kemas unik tarik the great asia africa kawasan wisata anyar lembang tawar alam jajah negara benua selaras nama taman hiburan bandung,Taman Hiburan,60
232,Bukit Moko,"Bandung sebagai destinasi wisata tak pernah ada habisnya. Didukung dengan lanskap yang cantik, kawasan Bandung mampu menarik perhatian wisatawan. Baik dari segi alam, budaya, kuliner, dan seni kreatif secara bersamaan. Dari sekian banyak tempat wisata yang tersedia, Bukit Moko Bandung menjadi salah satu yang cukup populer namanya dalam beberapa tahun belakangan. Berada di ketinggian sekitar 1500 mdpl, Bukit Moko memiliki cuaca yang sejuk. Bagi pengunjung yang tidak biasa di cuaca ini, ada baiknya membawa jaket tebal apalagi jika datang saat musim penghujan.",Cagar Alam,Bandung,25000,45.0,bandung destinasi wisata habis dukung lanskap cantik kawasan bandung tarik perhati wisatawan segi alam budaya kuliner seni kreatif sama sekian wisata sedia bukit moko bandung salah populer nama tahun tinggi mdpl bukit moko milik cuaca sejuk unjung cuaca baik bawa jaket tebal musim hujan,bandung destinasi wisata habis dukung lanskap cantik kawasan bandung tarik perhati wisatawan segi alam budaya kuliner seni kreatif sama sekian wisata sedia bukit moko bandung salah populer nama tahun tinggi mdpl bukit moko milik cuaca sejuk unjung cuaca baik bawa jaket tebal musim hujan cagar alam bandung,Gunung/Bukit,60
233,Gunung Papandayan,"Gunung Papandayan adalah gunung api strato yang terletak di Kabupaten Garut, Jawa Barat tepatnya di Kecamatan Cisurupan. Gunung dengan ketinggian 2665 meter di atas permukaan laut itu terletak sekitar 70 km sebelah tenggara Kota Bandung.\nPada Gunung Papandayan, terdapat beberapa kawah yang terkenal. Di antaranya Kawah Mas, Kawah Baru, Kawah Nangklak, dan Kawah Manuk. Kawah-kawah tersebut mengeluarkan uap dari sisi dalamnya.\nTopografi di dalam kawasan curam, berbukit dan bergunung serta terdapat tebing yang terjal. Menurut kalisifikasi Schmidt dan Ferguson termasuk type iklim B, dengan curah hujan rata-rata 3.000 mm/thn, kelembaban udara 70 – 80 % dan temperatur 10 °C.",Cagar Alam,Bandung,30000,46.0,gunung papandayan gunung api strato letak kabupaten garut jawa barat tepat camat cisurupan gunung tinggi meter muka laut letak km belah tenggara kota bandung npada gunung papandayan kawah kenal kawah mas kawah kawah nangklak kawah manuk kawah kawah keluar uap sisi dalam ntopografi kawasan curam bukit gunung tebing terjal kalisifikasi schmidt ferguson type iklim curah hujan rata rata mm thn kelembaban udara temperatur,gunung papandayan gunung api strato letak kabupaten garut jawa barat tepat camat cisurupan gunung tinggi meter muka laut letak km belah tenggara kota bandung npada gunung papandayan kawah kenal kawah mas kawah kawah nangklak kawah manuk kawah kawah keluar uap sisi dalam ntopografi kawasan curam bukit gunung tebing terjal kalisifikasi schmidt ferguson type iklim curah hujan rata rata mm thn kelembaban udara temperatur cagar alam bandung,Gunung/Bukit,60
234,Amazing Art World,"Amazing Art World Bandung, sebuah objek wisata yang terletak di Bandung, yang menegaskan bahwa destinasi wisata itu bukan hanya sekedar tentang pantai, air terjun, atau wisata alam lainnya saja. Hasil karya lukisanpun ternyata mampu menjadi sebuah destinasi wisata yang sangat menyenangkan. Apalagi lukisan 3D, selain keren, tetapi mampu membuat manipulasi bagi mata para pengunjung. Luasnya Amazing Art World Bandung menjadikannya sebagai salah-satu museum lukisan 3D terbesar, bukan hanya di tingkat nasional, tetapi di dunia.",Budaya,Bandung,75000,45.0,amazing art world bandung objek wisata letak bandung destinasi wisata dar pantai air terjun wisata alam hasil karya lukis destinasi wisata senang lukis keren manipulasi unjung luas amazing art world bandung jadi salah museum lukis besar tingkat nasional dunia,amazing art world bandung objek wisata letak bandung destinasi wisata dar pantai air terjun wisata alam hasil karya lukis destinasi wisata senang lukis keren manipulasi unjung luas amazing art world bandung jadi salah museum lukis besar tingkat nasional dunia budaya bandung,Budaya,60
235,Gua Belanda,"Gua Belanda Bandung merupakan sebuah gua yang berada dalam kawasan yang sekarang ditetapkan sebagai Taman Hutan Raya Ir. H. Djuanda adalah bentangan pegunungan dari Barat sampai ke Timur yang merupakan “tangki air raksasa alamiah” untuk cadangan di musim kemarau. Di daerah Aliran Sungai Cikapundung yang ada di Taman Hutan Raya Ir. H. Djuanda pada masa pendudukan Belanda dibangun Pembangkit Listrik Tenaga Air (PLTA) Bengkok yang merupakan PLTA pertama di Indonesia pada tahun 1918, dimana terowongan tersebut melewati Perbukitan batu pasir tufaan.",Cagar Alam,Bandung,15000,44.0,gua belanda bandung gua kawasan tetap taman hutan raya ir djuanda bentang gunung barat timur tangki air raksasa alamiah cadang musim kemarau daerah alir sungai cikapundung taman hutan raya ir djuanda duduk belanda bangun bangkit listrik tenaga air plta bengkok plta indonesia tahun mana terowongan lewat bukit batu pasir tufa,gua belanda bandung gua kawasan tetap taman hutan raya ir djuanda bentang gunung barat timur tangki air raksasa alamiah cadang musim kemarau daerah alir sungai cikapundung taman hutan raya ir djuanda duduk belanda bangun bangkit listrik tenaga air plta bengkok plta indonesia tahun mana terowongan lewat bukit batu pasir tufa cagar alam bandung,Goa,60
236,Taman Balai Kota Bandung,"Taman Balai Kota Bandung merupakan sebuah taman kota yang terletak di Kota Bandung. Taman ini berada di sebelah selatan Balai Kota Bandung. Saat ini, Taman Balai Kota Bandung terdiri dari dua taman yang menyatu, antara lain Taman Dewi Sartika dan Taman Badak. Kedua taman tersebut diresmikan oleh Walikota Bandung saat itu, Ridwan Kamil, pada tanggal 19 Desember 2017._x000D_",Taman Hiburan,Bandung,0,46.0,taman balai kota bandung taman kota letak kota bandung taman belah selatan balai kota bandung taman balai kota bandung taman satu taman dewi sartika taman badak taman resmi walikota bandung ridwan kamil tanggal desember,taman balai kota bandung taman kota letak kota bandung taman belah selatan balai kota bandung taman balai kota bandung taman satu taman dewi sartika taman badak taman resmi walikota bandung ridwan kamil tanggal desember taman hiburan bandung,Kebun/Taman,60
237,Panghegar Waterboom Bandung,"Panghegar Waterboom Bandung merupakan salah satu destinasi wisata yang wajib dikunjungi bagi wisatawan yang hendak mengajak buah hatinya bermain air. Terletak di Buah Batu, lokasi ini kerap kali diincar saat akhir pekan. Tak hanya menyuguhkan kolam renang, tempat ini juga menyediakan berbagai wahana menarik yang sayang jika dilewatkan. Terdiri dari seluncuran air yang dibagi untuk 2 kategori yaitu seluncuran orang dewasa dan seluncuran anak-anak. Destinasi rekreasi keluarga menawarkan beragam kegiatan seru, baik untuk anak-anak maupun dewasa. Terdapat beberapa jenis kolam yang bisa dicoba: kolam ombak, kolam mini, kolam arus, dan lain sebagainya. Ada pun yang paling baru di Panghegar Waterboom Bandung yaitu kolam air panas yang disajikan bagi wisatawan yang hendak berendam.",Taman Hiburan,Bandung,75000,43.0,panghegar waterboom bandung salah destinasi wisata wajib kunjung wisatawan ajak buah hati main air letak buah batu lokasi kerap incar pekan suguh kolam renang sedia wahana tarik sayang lewat seluncur air bagi kategori seluncur dewasa seluncur anak anak destinasi rekreasi keluarga tawar agam giat seru anak anak dewasa jenis kolam coba kolam ombak kolam mini kolam arus panghegar waterboom bandung kolam air panas saji wisatawan rendam,panghegar waterboom bandung salah destinasi wisata wajib kunjung wisatawan ajak buah hati main air letak buah batu lokasi kerap incar pekan suguh kolam renang sedia wahana tarik sayang lewat seluncur air bagi kategori seluncur dewasa seluncur anak anak destinasi rekreasi keluarga tawar agam giat seru anak anak dewasa jenis kolam coba kolam ombak kolam mini kolam arus panghegar waterboom bandung kolam air panas saji wisatawan rendam taman hiburan bandung,Taman Hiburan,60
238,Gunung Manglayang,"Gunung Manglayang adalah sebuah gunung bertipe Stratovolcano yang terletak di antara Kota Bandung dan Kabupaten Sumedang, Jawa Barat, Indonesia dan memiliki ketinggian sekitar 1818 mdpl. Pemandangannya cukup indah, tetapi karena relatif tidak terlalu tinggi, sehingga kurang dikenal oleh pendaki-pendaki gunung pada umumnya.Dalam deretan gunung-gunung Burangrang – Tangkuban Perahu – Bukit Tunggul – Gunung Manglayang, Gunung Manglayang menjadi gunung yang terindah dari rangkaian keempat gunung tersebut. Mungkin itulah sebabnya di kalangan para penggiat alam bebas, gunung ini sempat terlupakan terkecuali para penggiat alam bebas dari Bandung dan sekitarnya. Walaupun begitu, Gunung Manglayang tetap menawarkan pesona alamnya tersendiri.",Cagar Alam,Bandung,7500,45.0,gunung manglayang gunung tipe stratovolcano letak kota bandung kabupaten sumedang jawa barat indonesia milik tinggi mdpl pandang indah relatif tinggi kenal daki daki gunung deret gunung gunung burangrang tangkuban perahu bukit tunggul gunung manglayang gunung manglayang gunung indah rangkai empat gunung kalang giat alam bebas gunung lupa kecuali giat alam bebas bandung gunung manglayang tawar pesona alam sendiri,gunung manglayang gunung tipe stratovolcano letak kota bandung kabupaten sumedang jawa barat indonesia milik tinggi mdpl pandang indah relatif tinggi kenal daki daki gunung deret gunung gunung burangrang tangkuban perahu bukit tunggul gunung manglayang gunung manglayang gunung indah rangkai empat gunung kalang giat alam bebas gunung lupa kecuali giat alam bebas bandung gunung manglayang tawar pesona alam sendiri cagar alam bandung,Gunung/Bukit,60
239,Lembang Park & Zoo,"Di Lembang Park & Zoo ada 370 ekor satwa, lengkap dari berbagai jenis herbivora, karnivora, dan omnivora. Luas total tempat ini mencapai 20 hektar, namun baru 10 hektar yang dikembangkan. Sisanya akan dikembangkan sebagai wisata berkonsep safari. Di area safari tersebut, pengunjung bisa berkeliling menggunakan kendaraan untuk melihat satwa yang bebas dilepas di area tersebut.",Cagar Alam,Bandung,50000,45.0,lembang park zoo ekor satwa lengkap jenis herbivora karnivora omnivora luas total capai hektar hektar kembang sisa kembang wisata konsep safari area safari unjung keliling kendara satwa bebas lepas area,lembang park zoo ekor satwa lengkap jenis herbivora karnivora omnivora luas total capai hektar hektar kembang sisa kembang wisata konsep safari area safari unjung keliling kendara satwa bebas lepas area cagar alam bandung,Kebun/Taman,60
240,Taman Lalu Lintas Ade Irma Suryani Nasution,"Taman Lalu-lintas Ade Irma Suryani adalah sebuah taman rekreasi yang ada di jantung kota Bandung, Jawa Barat, Indonesia. Selain sebagai taman dan tempat bermain, di sini juga dijadikan pusat latihan membaca rambu-rambu lalu lintas. Taman Lalu Lintas memiliki pengertian bahwa sebuah taman lalu lintas atau traffic taman anak-anak adalah sebuah taman di mana anak-anak dapat mempelajari aturan jalan . Sebuah taman lalu lintas juga disebut sebuah desa taman transportasi atau lalu lintas taman atau keselamatan tergantung pada lokal .Taman lalu lintas sering dibuat sebagai daya tarik dalam taman yang lebih besar . Dalam kasus lain, mereka sekali pakai taman dan sering dalam skala kecil . Mereka dapat ditemukan di daerah perkotaan maupun pedesaan .",Taman Hiburan,Bandung,7000,44.0,taman lintas ade irma suryani taman rekreasi jantung kota bandung jawa barat indonesia taman main jadi pusat latih baca rambu rambu lintas taman lintas milik erti taman lintas traffic taman anak anak taman anak anak ajar atur jalan taman lintas desa taman transportasi lintas taman selamat gantung lokal taman lintas daya tarik taman pakai taman skala temu daerah kota desa,taman lintas ade irma suryani taman rekreasi jantung kota bandung jawa barat indonesia taman main jadi pusat latih baca rambu rambu lintas taman lintas milik erti taman lintas traffic taman anak anak taman anak anak ajar atur jalan taman lintas desa taman transportasi lintas taman selamat gantung lokal taman lintas daya tarik taman pakai taman skala temu daerah kota desa taman hiburan bandung,Kebun/Taman,60
241,Lawangwangi Creative Space,"Lawangwangi merupakan sebuah galeri seni dengan konsep retro modern. Mememadukan keindahan alam dan cita rasa kuliner. Hmm, bikin penasaran ya Teman Traveler. Lawangwangi Creative Space sebelumnya hanya sekedar menyediakan Lab Math dan Art Space bagi para pecinta dan penikmat seni. Pengunjung bisa menemukan sebuah ruangan khusus untuk memamerkan kreasi dari beragam seniman. Karya yang ditampilkan berbeda-beda tiap bulan. Namun galeri seni yang mulanya diprediksi dapat menarik banyak pengunjung, rupanya justru kurang diminati. Akhirnya dengan memadukan keindahan alam sekitar bangunan, dibangunlah sebuah kafe modern dengan nuansa seni.",Taman Hiburan,Bandung,0,44.0,lawangwangi galeri seni konsep retro modern madu indah alam cita kuliner hmm bikin penasaran teman traveler lawangwangi creative space dar sedia lab math art space cinta nikmat seni unjung temu ruang pamer kreasi agam seniman karya tampil beda beda galeri seni prediksi tarik unjung mati madu indah alam bangun bangun kafe modern nuansa seni,lawangwangi galeri seni konsep retro modern madu indah alam cita kuliner hmm bikin penasaran teman traveler lawangwangi creative space dar sedia lab math art space cinta nikmat seni unjung temu ruang pamer kreasi agam seniman karya tampil beda beda galeri seni prediksi tarik unjung mati madu indah alam bangun bangun kafe modern nuansa seni taman hiburan bandung,Taman Hiburan,60
242,Curug Dago,Curug Dago Kota Bandung Jawa Barat berada di ketinggian 800 meter di atas permukaan air laut dengan tinggi air terjun mencapai 12 meter. Air terjun ini terbentuk sebagai akibat aliran Sungai Cikapundung yang mengalir sepanjang area Maribaya hingga Kota Bandung. Curug Dago pakar Bandung punya nilai historis yang tinggi dengan jejak sejarah hingga Kerajaan Thailand. Alasannya adalah dengan adanya prasasti Kerajaan Thailand dari abad ke-18 yang bertuliskan nama Raja Chulalongkom III atau Rama V dari Kerajaan Thailand.,Cagar Alam,Bandung,12000,4.0,curug dago kota bandung jawa barat tinggi meter muka air laut tinggi air terjun capai meter air terjun bentuk akibat alir sungai cikapundung alir area maribaya kota bandung curug dago pakar bandung nilai historis tinggi jejak sejarah raja thailand alas prasasti raja thailand abad tulis nama raja chulalongkom iii rama raja thailand,curug dago kota bandung jawa barat tinggi meter muka air laut tinggi air terjun capai meter air terjun bentuk akibat alir sungai cikapundung alir area maribaya kota bandung curug dago pakar bandung nilai historis tinggi jejak sejarah raja thailand alas prasasti raja thailand abad tulis nama raja chulalongkom iii rama raja thailand cagar alam bandung,Air Terjun,60
243,Kampung Korea Bandung,Kampung Korea adalah sebuah kawasan di kota Bandung yang dibangun semirip mungkin dengan karakter kota Seoul di Korea Selatan. Tujuan pengembangan kawasan ini adalah sebagai bagian dari kegiatan sister city antara Bandung dengan Seol. Pembangunan dimulai pada tahun 2017 atas inisiatif Ridwan Kamil selaku wali kota Bandung saat itu.\nKeberadaan kampung korea ditujukan untuk meningkatkan pariwisata kota Bandung._x000D_,Budaya,Bandung,15000,41.0,kampung korea kawasan kota bandung bangun mirip karakter kota seoul korea selatan tuju kembang kawasan giat sister city bandung seol bangun tahun inisiatif ridwan kamil wali kota bandung nkeberadaan kampung korea tingkat pariwisata kota bandung,kampung korea kawasan kota bandung bangun mirip karakter kota seoul korea selatan tuju kembang kawasan giat sister city bandung seol bangun tahun inisiatif ridwan kamil wali kota bandung nkeberadaan kampung korea tingkat pariwisata kota bandung budaya bandung,Budaya,60
244,Kampung Batu Malakasari,"Kampung Batu Malakasari adalah sebuah tempat wisata yang didirikan di bekas penambangan batu. Di lokasi tersebut masih terlihat jelas pahatan-pahatan bekas penambangan Batu. Kini, di bekas penambangan batu itu terisi oleh air yang membentuk menjadi sebuah danau. Tempat wisata ini berkonsep wahana wisata pendidikan, petualangan dan kuliner. Biasanya sering dijadikan destinasi field trip sekolah-sekolah di sekitar Bandung. Berbagai wahana dan fasilitasnya sangat lengkap untuk menunjang program field trip sekolah-sekolah._x000D_",Taman Hiburan,Bandung,10000,41.0,kampung batu malakasari wisata diri bekas tambang batu lokasi pahat pahat bekas tambang batu bekas tambang batu isi air bentuk danau wisata konsep wahana wisata didik tualang kuliner jadi destinasi field trip sekolah sekolah bandung wahana fasilitas lengkap tunjang program field trip sekolah sekolah,kampung batu malakasari wisata diri bekas tambang batu lokasi pahat pahat bekas tambang batu bekas tambang batu isi air bentuk danau wisata konsep wahana wisata didik tualang kuliner jadi destinasi field trip sekolah sekolah bandung wahana fasilitas lengkap tunjang program field trip sekolah sekolah taman hiburan bandung,Taman Hiburan,60
245,Jendela Alam,"Tidak hanya menikmati alam sekitar yang masih sejuk dan hijau, anak anda juga bisa mengikuti berbagai kegiatan edukasi yang bermanfaat. Berbagai kegiatan edukasi disediakan dan dirancang sedemikian rupa sehingga menarik buat keluarga. Kegiatan edukasi yang tersedia cocok untuk anak mulai dari usia TK sampai dengan SMA.",Taman Hiburan,Bandung,20000,44.0,nikmat alam sejuk hijau anak ikut giat edukasi manfaat giat edukasi sedia rancang tarik keluarga giat edukasi sedia cocok anak usia tk sma,nikmat alam sejuk hijau anak ikut giat edukasi manfaat giat edukasi sedia rancang tarik keluarga giat edukasi sedia cocok anak usia tk sma taman hiburan bandung,Taman Hiburan,60
246,Curug Tilu Leuwi Opat,"Curug Tilu Leuwi Opat merupakan salah satu wisata curug di Lembang. Tempatnya sendiri cukup luas. Disini ada area outbond, camping, dan tentunya wisata air terjun dan sungai. Area depan berupa lembah dengan sungai jernih. Biasanya outbond, camping, dan permainan dilakukan di area ini. Lokasi curug tilu leuwi opat sebenarnya bertetangga langsung dengan Dusun Bambu lho. Pernah ke dusun bambu? jika naik ke skywalk lutung kasarung, atau mengunjungi area camping, anda bisa melihat lembah yang berbatasan langsung dengan dusun bambu. Nah, lembah itu termasuk ke dalam area wisata curug tilu leuwi opat. Di lembah ini mengalir sungai dengan air jernih yang bersumber dari Situ Lembang.",Cagar Alam,Bandung,10000,44.0,curug tilu leuwi opat salah wisata curug lembang tempat luas area outbond camping wisata air terjun sungai area lembah sungai jernih outbond camping main area lokasi curug tilu leuwi opat tetangga dusun bambu lho dusun bambu skywalk lutung kasarung unjung area camping lembah batas dusun bambu lembah area wisata curug tilu leuwi opat lembah alir sungai air jernih sumber situ lembang,curug tilu leuwi opat salah wisata curug lembang tempat luas area outbond camping wisata air terjun sungai area lembah sungai jernih outbond camping main area lokasi curug tilu leuwi opat tetangga dusun bambu lho dusun bambu skywalk lutung kasarung unjung area camping lembah batas dusun bambu lembah area wisata curug tilu leuwi opat lembah alir sungai air jernih sumber situ lembang cagar alam bandung,Air Terjun,60
247,Kiara Artha Park,"Kiara Artha Park merupakan sebuah kawasan terpadu yang memadukan konsep hunian, bisnis, komersial, dan wisata yang ikonik di Kota Bandung dengan luas + 2.9 hektar. Kiara Artha Park sendiri merupakan salah satu dari sekian banyak  ruang publik bertemakan Taman Kota yang ada di Bandung yang terletak di tengah Kota Bandung . Taman ini melengkapi taman-taman tematik lainnya yang sudah ada di Kota Bandung. Taman  kota ini  kini menjadi salah satu tujuan wisata warga Bandung khususnya dan  bagi masyarakat umum. Meskipun Taman ini baru dibuka yaitu pada tanggal 17 Agustus 2019, warga Bandung  dan masyarakat sangat antusias datang dan menikmati berbagai aktivitas dan wahana yang ada._x000D_",Taman Hiburan,Bandung,15000,44.0,kiara artha park kawasan padu madu konsep huni bisnis komersial wisata ikonik kota bandung luas hektar kiara artha park salah sekian ruang publik tema taman kota bandung letak tengah kota bandung taman lengkap taman taman tematik kota bandung taman kota salah tuju wisata warga bandung masyarakat umum taman buka tanggal agustus warga bandung masyarakat antusias nikmat aktivitas wahana,kiara artha park kawasan padu madu konsep huni bisnis komersial wisata ikonik kota bandung luas hektar kiara artha park salah sekian ruang publik tema taman kota bandung letak tengah kota bandung taman lengkap taman taman tematik kota bandung taman kota salah tuju wisata warga bandung masyarakat umum taman buka tanggal agustus warga bandung masyarakat antusias nikmat aktivitas wahana taman hiburan bandung,Taman Hiburan,60
248,NuArt Sculpture Park,"NuArt Sculpture Park ini merupakan sebuah gallery miliki seorang seniman ternama di Bandung yang bernama Nyoman Nuarta. Terlahir di Tabanan Bali, Nyoman Nuarta akhirnya menetap di Bandung. Dan ada fakta menarik dari seniman berkelas internasional tersebut, dimana ia dahulu rupanya lulusan dari Fakultas Seni Rupa dari perguruan tinggi ternama di Bandung yakni ITB pada tahun 1979 silam. Kehlian Nyoman Nuarta sebagai seorang maestro pemahat dan juga pematung hebat memang sudah dikenal secara internasional, maka dari itu ia pun membuat NuArt Sculpture Park ini untuk memamerkan semua karya seni yang ia miliki selama ini.",Taman Hiburan,Bandung,50000,47.0,nuart sculpture park gallery milik seniman nama bandung nama nyoman nuarta lahir taban bal nyoman nuarta tetap bandung fakta tarik seniman kelas internasional mana lulus fakultas seni guru tinggi nama bandung itb tahun silam kehlian nyoman nuarta maestro pahat patung hebat kenal internasional nuart sculpture park pamer karya seni milik,nuart sculpture park gallery milik seniman nama bandung nama nyoman nuarta lahir taban bal nyoman nuarta tetap bandung fakta tarik seniman kelas internasional mana lulus fakultas seni guru tinggi nama bandung itb tahun silam kehlian nyoman nuarta maestro pahat patung hebat kenal internasional nuart sculpture park pamer karya seni milik taman hiburan bandung,Taman Hiburan,60
249,Upside Down World Bandung,"Upside Down World Bandung pertama kali dibuka pada 10 Oktober 2016 dengan konsep yang sangat unik. Semua furnitur yang berada di Upside Down World ini dipasang terbalik seolah pengunjung berada di langit-langit ruangan. Dengan konsep rumah terbaik tempat wisata ini memiliki keunikan tersendiri. Pengunjung yang datang ke sini kebanyakan para kawula muda yang ingin berfoto dengan latar yang tak biasa. Di dalam bangunan ini terdapat sepuluh ruangan dengan tema yang berbeda-beda layaknya di dalam sebuah rumah. Ada ruang tamu, kamar tidur anak, ruang keluarga, ruang santai, dapur, kamar mandi, dan lain sebagainya. Pengunjung bisa mengambil gambar pada semua ruangan dan hasil foto dapat dicetak di layanan cetak foto. Jika pengunjung merasa tak biasa dan bingung harus bergaya foto seperti apa, maka akan ada petugas yang dapat mengarahkan gayanya. Atau dengan melihat hasil foto para pengunjung sebelumnya yang dipasang di ruangan itu._x000D_",Taman Hiburan,Bandung,100000,4.0,upside down world bandung buka oktober konsep unik furnitur upside down world pasang balik unjung langit langit ruang konsep rumah baik wisata milik uni sendiri unjung banyak kawula muda foto latar bangun puluh ruang tema beda beda layak rumah ruang tamu kamar tidur anak ruang keluarga ruang santai dapur kamar mandi unjung ambil gambar ruang hasil foto cetak layan cetak foto unjung bingung gaya foto tugas arah gaya hasil foto unjung pasang ruang,upside down world bandung buka oktober konsep unik furnitur upside down world pasang balik unjung langit langit ruang konsep rumah baik wisata milik uni sendiri unjung banyak kawula muda foto latar bangun puluh ruang tema beda beda layak rumah ruang tamu kamar tidur anak ruang keluarga ruang santai dapur kamar mandi unjung ambil gambar ruang hasil foto cetak layan cetak foto unjung bingung gaya foto tugas arah gaya hasil foto unjung pasang ruang taman hiburan bandung,Taman Hiburan,60
250,Pesona Nirwana Waterpark & Cottages,"Pesona Nirwana Waterpark merupakan sebuah objek wisata wahana air seluas 4000 meter persegi yang berlokasi di Kampung Legok Jeungjing, Desa Panyirapan, Kecamatan Soreang, Kabupaten Bandung.\nBerjarak sekitar 1 Km dari Kantor Pemda Kabupaten Bandung. Lokasi wisata ini dibuka untuk umum setiap hari dan bisa menjadi alternatif pilihan lokasi wisata Kabupaten Bandung selain kawasan wisata Ciwidey\n\nLokasi Pesona Nirwana Waterpark merupakan bekas kawasan tambang galian C dengan tebing curam di hampir sebagian lokasinya dan merupakan bagian dari rencana resort ramah lingkungan dengan total target pembangunan seluas 4 hektar.\nPemilik dari Pesona Nirwana Waterpark adalah I Nyoman Nuarta, seorang pematung asal Bali yang juga terkenal sebagai tokoh pelestarian lingkungan",Taman Hiburan,Bandung,50000,41.0,pesona nirwana waterpark objek wisata wahana air luas meter persegi lokasi kampung legok jeungjing desa panyirapan camat soreang kabupaten bandung nberjarak km kantor pemda kabupaten bandung lokasi wisata buka umum alternatif pilih lokasi wisata kabupaten bandung kawasan wisata ciwidey nlokasi pesona nirwana waterpark bekas kawasan tambang gali tebing curam lokasi rencana resort ramah lingkung total target bangun luas hektar npemilik pesona nirwana waterpark nyoman nuarta patung bal kenal tokoh lestari lingkung,pesona nirwana waterpark objek wisata wahana air luas meter persegi lokasi kampung legok jeungjing desa panyirapan camat soreang kabupaten bandung nberjarak km kantor pemda kabupaten bandung lokasi wisata buka umum alternatif pilih lokasi wisata kabupaten bandung kawasan wisata ciwidey nlokasi pesona nirwana waterpark bekas kawasan tambang gali tebing curam lokasi rencana resort ramah lingkung total target bangun luas hektar npemilik pesona nirwana waterpark nyoman nuarta patung bal kenal tokoh lestari lingkung taman hiburan bandung,Taman Hiburan,60
251,Taman Lansia,"Berlibur santai di akhir pekan cocok dilakukan dengan menghabiskan waktu di taman. Salah satu taman yang dapat menjadi tujuan wisata adalah Taman Lansia Bandung. Lansia merupakan singkatan dari Lanjut Usia. Meski begitu, taman ini tidak dikhususkan untuk para lansia, namun untuk semua kalangan. Nama lansia kemungkinan diberikan karena usia taman ini yang sudah sangat tua. Bahkan, usianya sudah ratusan tahun, karena sudah ada sejak tahun 1885.",Taman Hiburan,Bandung,0,44.0,libur santai pekan cocok habis waktu taman salah taman tuju wisata taman lansia bandung lansia singkat usia taman khusus lansia kalang nama lansia usia taman tua usia ratus tahun tahun,libur santai pekan cocok habis waktu taman salah taman tuju wisata taman lansia bandung lansia singkat usia taman khusus lansia kalang nama lansia usia taman tua usia ratus tahun tahun taman hiburan bandung,Kebun/Taman,60
252,Kampoeng Tulip,"Kampoeng Tulip ialah salah satu objek wisata di Bandung yang lokasinya dipenuhi dengan bunga-bunga tulip yang sangat indah. Tulip sendiri adalah bunga cantik yang identik dengan Negara Kincir Angin yaitu Belanda. Jika Anda ingin menyaksikan bunga tulip, Anda tidak perlu jauh-jauh ke Belanda. Melainkan, cukup pergi ke kota Bandung saja, Anda sudah bisa menemuinya. Lokasi wisata ini memiliki banyak pengunjung, mulai dari wisatawan dalam kota maupun luar kota.",Taman Hiburan,Bandung,15000,38.0,kampoeng tulip salah objek wisata bandung lokasi penuh bunga bunga tulip indah tulip bunga cantik identik negara kincir angin belanda saksi bunga tulip belanda pergi kota bandung temu lokasi wisata milik unjung wisatawan kota kota,kampoeng tulip salah objek wisata bandung lokasi penuh bunga bunga tulip indah tulip bunga cantik identik negara kincir angin belanda saksi bunga tulip belanda pergi kota bandung temu lokasi wisata milik unjung wisatawan kota kota taman hiburan bandung,Taman Hiburan,60
253,Selasar Sunaryo Art Space,"Selasar Sunaryo Art Space (SSAS) adalah sebuah ruang dan organisasi nirlaba yang bertujuan mendukung pengembangan praktik dan pengkajian seni dan kebudayaan visual di Indonesia. Dididirikan pada tahun 1998 oleh Sunaryo, SSAS aktif menyelenggarakan kegiatan-kegiatan yang berorientasi pada edukasi publik. Dengan arahan & dukungan dari Yayasan Selasar Sunaryo, fokus utama SSAS adalah pada penyelenggaraan program-program seni rupa kontemporer, melalui pameran, diskusi, residensi & lokakarya. Sebagai pusat kebudayaan, SSAS menyelenggarakan kegiatan-kegiatan yang berhubungan dengan disiplin-disiplin seni lain seperti desain, kriya, seni pertunjukan, sastra, arsitektur, dan lain sebagainya. Selain memajang koleksi permanen, SSAS juga menyelenggarakan pameran-pameran tunggal atau bersama yang menampilkan karya-karya para seniman muda dan senior, dari Indonesia maupun mancanegara.",Taman Hiburan,Bandung,25000,46.0,selasar sunaryo art space ssas ruang organisasi nirlaba tuju dukung kembang praktik kaji seni budaya visual indonesia diri tahun sunaryo ssas aktif selenggara giat giat orientasi edukasi publik arah dukung yayasan selasar sunaryo fokus utama ssas selenggara program program seni kontemporer pamer diskusi residensi lokakarya pusat budaya ssas selenggara giat giat hubung disiplin disiplin seni desain kriya seni tunjuk sastra arsitektur pajang koleksi permanen ssas selenggara pamer pamer tunggal tampil karya karya seniman muda senior indonesia mancanegara,selasar sunaryo art space ssas ruang organisasi nirlaba tuju dukung kembang praktik kaji seni budaya visual indonesia diri tahun sunaryo ssas aktif selenggara giat giat orientasi edukasi publik arah dukung yayasan selasar sunaryo fokus utama ssas selenggara program program seni kontemporer pamer diskusi residensi lokakarya pusat budaya ssas selenggara giat giat hubung disiplin disiplin seni desain kriya seni tunjuk sastra arsitektur pajang koleksi permanen ssas selenggara pamer pamer tunggal tampil karya karya seniman muda senior indonesia mancanegara taman hiburan bandung,Taman Hiburan,60
254,Teras Cikapundung BBWS,"Teras Cikapundung Bandung sebelumnya merupakan daerah yang kumuh dan tak terurus yang berhasil diubah menjadi tempat wisata. Cikapundung adalah sungai yang membelah Kota Bandung yang dimulai dari daerah Bandung Utara dan bermuara di Sungai Citarum, Bandung Selatan. Sebelumnya, taman ini merupakan tempat berkumpulnya orang-orang kreatif seperti para seniman yang ada di Bandung. Terdapat beberapa sanggar seni dan ramainya warung makan di tempat ini, sampai pada akhirnya terlantar dan dibiarkan kotor. Kini Teras Cikapundung Bandung telah berubah menjadi tempat wisata terbuka untuk umum dengan konsep ekologi dan urban. Berbagai fasilitas menarik tersedia di Teras Cikapundung dan bisa digunakan pada saat rekreasi ke obyek wisata yang satu ini. Dilengkapi dengan kolam ikan dan lampu-lampu, membuat taman ini sangat cantik dikunjungi pada malam hari. Terlebih suasananya yang ramai membuat para pengunjung lupa bahwa dulunya tempat ini pernah dijuluki sebagai “tempat jin buang anak”.",Taman Hiburan,Bandung,0,43.0,teras cikapundung bandung daerah kumuh urus hasil ubah wisata cikapundung sungai belah kota bandung daerah bandung utara muara sungai citarum bandung selatan taman kumpul kreatif seniman bandung sanggar seni ramai warung makan lantar biar kotor teras cikapundung bandung ubah wisata buka umum konsep ekologi urban fasilitas tarik sedia teras cikapundung rekreasi obyek wisata lengkap kolam ikan lampu lampu taman cantik kunjung malam suasana ramai unjung lupa dulunya juluk jin buang anak,teras cikapundung bandung daerah kumuh urus hasil ubah wisata cikapundung sungai belah kota bandung daerah bandung utara muara sungai citarum bandung selatan taman kumpul kreatif seniman bandung sanggar seni ramai warung makan lantar biar kotor teras cikapundung bandung ubah wisata buka umum konsep ekologi urban fasilitas tarik sedia teras cikapundung rekreasi obyek wisata lengkap kolam ikan lampu lampu taman cantik kunjung malam suasana ramai unjung lupa dulunya juluk jin buang anak taman hiburan bandung,Taman Hiburan,60
255,Museum Barli,"Museum Barli adalah sebuah museum yang terletak di Kota Bandung. Museum ini didedikasikan untuk mengenang dan memamerkan hasil karya pelukis Barli Sasmitawinata. Museum ini didirikan pada tahun 1990 dan diresmikan pada Oktober 1992 oleh Soesilo Soedarman, Menteri Pariwisata, Pos, dan Telekomunikasi pada waktu itu. Awalnya museum ini tidak dibuka untuk umum. Namun, saat ini museum dapat dikunjungi oleh siapa saja. Museum ini juga menjadi tempat dari berbagai kegiatan seni seperti pameran karya seni rupa, penjualan karya, diskusi dan sarasehan, pelatihan studio keramik dan lukis.",Budaya,Bandung,15000,44.0,museum barli museum letak kota bandung museum dedikasi kenang pamer hasil karya peluk barli sasmitawinata museum diri tahun resmi oktober soesilo soedarman menteri pariwisata pos telekomunikasi waktu museum buka umum museum kunjung museum giat seni pamer karya seni jual karya diskusi sarasehan latih studio keramik lukis,museum barli museum letak kota bandung museum dedikasi kenang pamer hasil karya peluk barli sasmitawinata museum diri tahun resmi oktober soesilo soedarman menteri pariwisata pos telekomunikasi waktu museum buka umum museum kunjung museum giat seni pamer karya seni jual karya diskusi sarasehan latih studio keramik lukis budaya bandung,Museum,60
256,Wisata Batu Kuda,"Kawasan Batu Kuda berupa perbukitan dengan hutan pinus yang indah. Berada di ketinggian antara 1150 sampai dengan 1300 mdpl, segarnya pegunungan Bandung bisa anda dapatkan disini. Batu Kuda berada di bawah pengawasan Perhutani langsung. Dulu tempat ini terkesan apa adanya. Tapi sekarang sudah jauh lebih tertata. Biasanya, tempat ini jadi tujuan wisata keluarga warga sekitarnya saja. Tapi sekarang, sudah lebih dikenal dan lebih banyak dikunjungi wisatawan juga.",Cagar Alam,Bandung,10000,44.0,kawasan batu kuda bukit hutan pinus indah tinggi mdpl segar gunung bandung dapat batu kuda awas hutan kes tata tuju wisata keluarga warga kenal kunjung wisatawan,kawasan batu kuda bukit hutan pinus indah tinggi mdpl segar gunung bandung dapat batu kuda awas hutan kes tata tuju wisata keluarga warga kenal kunjung wisatawan cagar alam bandung,Cagar Alam,60
257,Monumen Bandung Lautan Api,"Monumen Bandung Lautan Api, merupakan monumen yang menjadi markah tanah Bandung. Monumen ini setinggi 45 meter, memiliki sisi sebanyak 9 bidang.\nMonumen ini dibangun untuk memperingati peristiwa Bandung Lautan Api, dimana terjadi pembumihangusan Bandung Selatan yang dipimpin oleh Muhammad Toha.\nMonumen ini berada di tengah-tengah kota yaitu terletak di kawasan Lapangan Tegallega. Monumen ini menjadi salah satu monumen terkenal di Bandung.\nMonumen ini menjadi pusat perhatian setiap tanggal 23 Maret mengenang peristiwa Bandung Lautan Api._x000D_",Budaya,Bandung,0,43.0,monumen bandung laut api monumen markah tanah bandung monumen meter milik sisi bidang nmonumen bangun ingat peristiwa bandung laut api mana pembumihangusan bandung selatan pimpin muhammad toha nmonumen tengah tengah kota letak kawasan lapang tegallega monumen salah monumen kenal bandung nmonumen pusat perhati tanggal maret kenang peristiwa bandung laut api,monumen bandung laut api monumen markah tanah bandung monumen meter milik sisi bidang nmonumen bangun ingat peristiwa bandung laut api mana pembumihangusan bandung selatan pimpin muhammad toha nmonumen tengah tengah kota letak kawasan lapang tegallega monumen salah monumen kenal bandung nmonumen pusat perhati tanggal maret kenang peristiwa bandung laut api budaya bandung,Pantai/Bahari,60
258,Museum Gedung Sate,"Salah satu museum yang menjadi ikon kota ini adalah Museum Gedung Sate. Museum yang berada di gedung yang sama dengan kantor dinas Gubernur Jawa Barat ini dibangun pada masa kolonial oleh arsitek Belanda, Johan Gerber. Diresmikan pada 8 Desember 2017 dan mengusung 'Smart Museum', Museum Gedung Sate ini menjadi museum interaktif pertama di Indonesia. Konsep tersebut memberikan panduan informasi mengenai bangunan bersejarah menggunakan teknologi digital._x000D_",Budaya,Bandung,5000,46.0,salah museum ikon kota museum gedung sate museum gedung kantor dinas gubernur jawa barat bangun kolonial arsitek belanda johan gerber resmi desember usung smart museum museum gedung sate museum interaktif indonesia konsep pandu informasi bangun sejarah teknologi digital,salah museum ikon kota museum gedung sate museum gedung kantor dinas gubernur jawa barat bangun kolonial arsitek belanda johan gerber resmi desember usung smart museum museum gedung sate museum interaktif indonesia konsep pandu informasi bangun sejarah teknologi digital budaya bandung,Museum,60
259,Monumen Perjuangan Rakyat Jawa Barat,"Monumen Perjuangan Rakyat Jawa Barat (Monju) adalah Museum Sejarah Perjuangan Rakyat Jawa Barat, di Tatar Pasundan atau Parahyangan. Monumen diresmikan oleh Gubernur Jawa Barat, Raden Nana Nuriana pada tanggal 23 Agustus 1995.",Budaya,Bandung,0,45.0,monumen juang rakyat jawa barat monju museum sejarah juang rakyat jawa barat tatar pasundan parahyangan monumen resmi gubernur jawa barat raden nana nuriana tanggal agustus,monumen juang rakyat jawa barat monju museum sejarah juang rakyat jawa barat tatar pasundan parahyangan monumen resmi gubernur jawa barat raden nana nuriana tanggal agustus budaya bandung,Budaya,60
260,Museum Pos Indonesia,"Museum Pos Indonesia telah ada sejak masa Hindia Belanda dengan nama Pos Telegraph dan Telepon (PTT). Pada tahun 1931 telah dibuka Museum PTT yang terletak di bagian sayap kanan bawah Gedung Kantor Pusat PTT, Jalan Cilaki, nomor 55, Bandung, (sekarang nomor 73). Atau tepatnya di sayap timur gedung pusat pemerintahan Provinsi Jawa Barat yang lebih terkenal dengan Gedung Sate. Pada 27 September 1983, Menteri Pariwisata, Pos dan Telekomunikasi meresmikan PTT menjadi Museum Pos Indonesia. Koleksi museum ini terdiri atas prangko-prangko dari Indonesia dan berbagai negara yang sangat bersejarah, dengan jumlah mencapai 131.000.000 keping perangko dan 200 koleksi peralatannya, yakni berupa timbangan paket, alat cetak perangko, surat-surat berharga, armada pengantar surat, dan lain sebagainya. Selain menyimpan peninggalan pos tersebut dalam ruang pamer, Museum ini juga memiliki ruang social center yang dapat diperuntukan bagi aneka kegiatan._x000D_",Budaya,Bandung,0,45.0,museum pos indonesia hindia belanda nama pos telegraph telepon ptt tahun buka museum ptt letak sayap kanan gedung kantor pusat ptt jalan cilaki nomor bandung nomor tepat sayap timur gedung pusat perintah provinsi jawa barat kenal gedung sate september menteri pariwisata pos telekomunikasi resmi ptt museum pos indonesia koleksi museum prangko prangko indonesia negara sejarah capai keping perangko koleksi alat timbang paket alat cetak perangko surat surat harga armada antar surat simpan tinggal pos ruang pamer museum milik ruang social center untuk aneka giat,museum pos indonesia hindia belanda nama pos telegraph telepon ptt tahun buka museum ptt letak sayap kanan gedung kantor pusat ptt jalan cilaki nomor bandung nomor tepat sayap timur gedung pusat perintah provinsi jawa barat kenal gedung sate september menteri pariwisata pos telekomunikasi resmi ptt museum pos indonesia koleksi museum prangko prangko indonesia negara sejarah capai keping perangko koleksi alat timbang paket alat cetak perangko surat surat harga armada antar surat simpan tinggal pos ruang pamer museum milik ruang social center untuk aneka giat budaya bandung,Museum,60
261,Ciwangun Indah Camp Official,"Ciwangun Indah Camp atau CIC adalah sebuah tempat rekreasi berkonsep petualangan alam dan outbound. Tempat ini terletak di kecamatan Parongpong Kabupaten Bandung Barat, bersebelahan dengan dusun bambu. Dengan latar alam hutan di bawah kaki gunung Burangrang, CIC layak dijadikan destinasi wisata. Dengan tempat yang masih terjaga keindahan alamnya, beberapa aktivitas bisa dilakukan di CIC. Aktivitas yang cocok untuk dilakukan di CIC adalah kegiatan yang berbasis petualangan alam. Berikut beberapa kegiatan yang cocok untuk dilakukan di Ciwangun Indah Camp.",Cagar Alam,Bandung,10000,43.0,ciwangun indah camp cic rekreasi konsep tualang alam outbound letak camat parongpong kabupaten bandung barat bahan dusun bambu latar alam hutan kaki gunung burangrang cic layak jadi destinasi wisata jaga indah alam aktivitas cic aktivitas cocok cic giat bas tualang alam giat cocok ciwangun indah camp,ciwangun indah camp cic rekreasi konsep tualang alam outbound letak camat parongpong kabupaten bandung barat bahan dusun bambu latar alam hutan kaki gunung burangrang cic layak jadi destinasi wisata jaga indah alam aktivitas cic aktivitas cocok cic giat bas tualang alam giat cocok ciwangun indah camp cagar alam bandung,Cagar Alam,60
262,Wot Batu,"Wot Batu adalah sebuah konfigurasi energi yang hadir dari perjalanan spiritualitas dan transendental Sunaryo. Dalam ruang terbuka seluas ±2000 m2 dengan rangkaian 135 +1, batu-batu ditanam dan ditata secara konseptual dan harmoni. Sunaryo menarik garis dari pegunungan di sekitar Bandung, dan dari garis itu dibawanya batu-batu vulkanik sebagai medium mahakarya yang tak lekang oleh waktu. Setiap pahatan, tatahan, dan pecahan bukanlah hasil dari usaha untuk mengubah batu, namun untuk menorehkan catatan untuk sebuah peradaban – warisan dari abad ke-21 untuk masa yang akan datang.\nSunaryo menciptakan Wot Batu sebagai ‘jembatan spiritual’: penyeimbang antara jiwa manusia dengan wujud ragawi kehidupan, sebagai penghubung di antara empat elemen alam. Dalam Wot Batu, tanah, api, air dan angin berbicara satu sama lain dalam harmoni. Wot Batu menyampaikan gagasan tentang ruang dan waktu – sebuah penyadaran tentang eksistensi manusia dalam dimensi alam yang tak berbatas.",Cagar Alam,Bandung,50000,47.0,wot batu konfigurasi energi hadir jalan spiritualitas transendental sunaryo ruang buka luas rangkai batu batu tanam tata konseptual harmoni sunaryo tarik garis gunung bandung garis bawa batu batu vulkanik medium mahakarya lekang waktu pahat tatah pecah hasil usaha ubah batu toreh catat adab waris abad nsunaryo cipta wot batu jembatan spiritual imbang jiwa manusia wujud ragawi hidup hubung elemen alam wot batu tanah api air angin bicara harmoni wot batu gagas ruang waktu sadar eksistensi manusia dimensi alam batas,wot batu konfigurasi energi hadir jalan spiritualitas transendental sunaryo ruang buka luas rangkai batu batu tanam tata konseptual harmoni sunaryo tarik garis gunung bandung garis bawa batu batu vulkanik medium mahakarya lekang waktu pahat tatah pecah hasil usaha ubah batu toreh catat adab waris abad nsunaryo cipta wot batu jembatan spiritual imbang jiwa manusia wujud ragawi hidup hubung elemen alam wot batu tanah api air angin bicara harmoni wot batu gagas ruang waktu sadar eksistensi manusia dimensi alam batas cagar alam bandung,Cagar Alam,60
263,Curug Batu Templek,"Curug Batu Templek Bandung adalah sebuah wisata alam air terjun yang terletak di Kota Bandung Timur. Dari sekian banyak wisata alam air terjun di Bandung, Curug Batu Templek tak kalah menarik karena pemandangan di sekitarnya dipenuhi dengan terbing yang berbatu cadas. Sejarah Curug Batu Templek sangat sederhana, hanya karena di tempat ini dahulunya terdapat penambangan batu yang terdapat sebuah aliran air terjun dan diketahui aliran tersebut berasal dari sungai yang ada di atas tebing sehingga dinamakan Curug Batu Templek.",Cagar Alam,Bandung,5000,41.0,curug batu templek bandung wisata alam air terjun letak kota bandung timur sekian wisata alam air terjun bandung curug batu templek kalah tarik pandang penuh terbing batu cadas sejarah curug batu templek sederhana dahulu tambang batu alir air terjun alir asal sungai tebing nama curug batu templek,curug batu templek bandung wisata alam air terjun letak kota bandung timur sekian wisata alam air terjun bandung curug batu templek kalah tarik pandang penuh terbing batu cadas sejarah curug batu templek sederhana dahulu tambang batu alir air terjun alir asal sungai tebing nama curug batu templek cagar alam bandung,Air Terjun,60
264,Gereja Katedral Santo Petrus Bandung,"Gereja Katedral Bandung, atau Katedral Santo Petrus, adalah sebuah gereja yang terletak di Jalan Merdeka, Babakanciamis, Sumurbandung, Bandung, Indonesia. Bangunan ini dirancang oleh Charles Prosper Wolff Schoemaker dan bergaya arsitektur neo-Gothic akhir. Dilihat dari atas, bentuknya menyerupai salib yang simetris. Katedral Santo Petrus mempunyai luas tanah sebesar 2.385 m² dan luas bangunan sebesar 785 m². Gerejanya sendiri diberi nama St. Franciscus Regis pada tanggal 16 Juni 1895. Setelah Bandung memperoleh status gemeente (setingkat kotamadya) pada 1906, diputuskan untuk membangun bangunan gereja baru. Pembangunan bangunan yang baru dilaksanakan sepanjang tahun 1921. Katedral ini lalu diberkati pada 19 Februari 1922 oleh Mgr. Edmundus Luypen, S.J.",Tempat Ibadah,Bandung,0,48.0,gereja katedral bandung katedral santo petrus gereja letak jalan merdeka babakanciamis sumurbandung bandung indonesia bangun rancang charles prosper wolff schoemaker gaya arsitektur neo gothic bentuk rupa salib simetris katedral santo petrus luas tanah luas bangun gereja nama st franciscus regis tanggal juni bandung oleh status gemeente tingkat kotamadya putus bangun bangun gereja bangun bangun laksana tahun katedral kati februari mgr edmundus luypen,gereja katedral bandung katedral santo petrus gereja letak jalan merdeka babakanciamis sumurbandung bandung indonesia bangun rancang charles prosper wolff schoemaker gaya arsitektur neo gothic bentuk rupa salib simetris katedral santo petrus luas tanah luas bangun gereja nama st franciscus regis tanggal juni bandung oleh status gemeente tingkat kotamadya putus bangun bangun gereja bangun bangun laksana tahun katedral kati februari mgr edmundus luypen tempat ibadah bandung,Tempat Ibadah,60
265,Museum Mandala Wangsit Siliwangi,"Museum Wangsit Mandala Siliwangi adalah museum militer yang berada di Kota Bandung, Jawa Barat. Siliwangi merupakan nama komando daerah militer TNI-AD di Jawa Barat dan Banten yang namanya diambil dari raja dari Kerajaan Sunda yang beribu kota di Pakuan Pajajaran yang kekuasaanya konon tak terbatas, juga arif dan bijaksana serta wibawa dalam menjalankan roda pemerintahan. Sedangkan arti Mandala Wangsit merupakan sebuah tempat untuk menyimpan amanat, petuah atau nasihat dari pejuang masa lalu kepada generasi penerus melalu benda-benda yang ditinggalkannya. Museum ini diresmikan oleh panglima divisi Siliwangi Kolonel Ibrahim Adjie pada tanggal 23 Mei 1966. Museum ini berlokasi di Jalan Lembong, kecamatan Sumurbandung. Jalan ini diambil dari nama Letkol Lembong, salah satu prajurit Siliwangi yang menjadi korban dalam Peristiwa Kudeta Angkatan Perang Ratu Adil. Sebelumnya jalan itu bernama Oude Hospitaalweg.",Budaya,Bandung,0,44.0,museum wangsit mandala siliwangi museum militer kota bandung jawa barat siliwangi nama komando daerah militer tni ad jawa barat banten nama ambil raja raja sunda ibu kota paku pajajaran kekuasaanya konon batas arif bijaksana wibawa jalan roda perintah mandala wangsit simpan amanat petuah nasihat juang generasi terus lalu benda benda tinggal museum resmi panglima divisi siliwangi kolonel ibrahim adjie tanggal mei museum lokasi jalan lembong camat sumurbandung jalan ambil nama letkol lembong salah prajurit siliwangi korban peristiwa kudeta angkat perang ratu adil jalan nama oude hospitaalweg,museum wangsit mandala siliwangi museum militer kota bandung jawa barat siliwangi nama komando daerah militer tni ad jawa barat banten nama ambil raja raja sunda ibu kota paku pajajaran kekuasaanya konon batas arif bijaksana wibawa jalan roda perintah mandala wangsit simpan amanat petuah nasihat juang generasi terus lalu benda benda tinggal museum resmi panglima divisi siliwangi kolonel ibrahim adjie tanggal mei museum lokasi jalan lembong camat sumurbandung jalan ambil nama letkol lembong salah prajurit siliwangi korban peristiwa kudeta angkat perang ratu adil jalan nama oude hospitaalweg budaya bandung,Museum,60
266,Caringin Tilu,"Bandung tidak pernah kehilangan pesonanya, wisata alamnya selalu membius wisatawan untuk berkunjung. Caringin Tilu salah satunya, wisata dengan pemandangan alam yang indah. Pemandangan Kota Bandung yang terhampar 180 derajat. Tempat favorit wisatawan di kawasan wisata ini adalah Bukit Moko. Dimana di sana tersedia banyak kafe dan tempat makan yang siap menemani libur santai wisatawan. Siang hari, pemandangan alam indah disuguhkan, dan malam hari saatnya digantikan pemandangan lampu kota.",Cagar Alam,Bandung,0,44.0,bandung hilang pesona wisata alam bius wisatawan kunjung caringin tilu salah satu wisata pandang alam indah pandang kota bandung hampar derajat favorit wisatawan kawasan wisata bukit moko mana sedia kafe makan tani libur santai wisatawan siang pandang alam indah suguh malam ganti pandang lampu kota,bandung hilang pesona wisata alam bius wisatawan kunjung caringin tilu salah satu wisata pandang alam indah pandang kota bandung hampar derajat favorit wisatawan kawasan wisata bukit moko mana sedia kafe makan tani libur santai wisatawan siang pandang alam indah suguh malam ganti pandang lampu kota cagar alam bandung,Cagar Alam,60
267,Panama Park 825,"Panama Park Bandung menjadi salah satu tempat bermain di Bandung, Jawa Barat. Wahana rekreasi yang disebut-sebut terbesar di Bandung ini dibuka sejak Mei 2019 lalu. Ada beberapa permainan yang ditawarkan di arena ini, misalnya playground hingga snow park yang berisi salju. Pengguna pun bisa merasakan sensasi salju sebenarnya.",Taman Hiburan,Bandung,50000,44.0,panama park bandung salah main bandung jawa barat wahana rekreasi besar bandung buka mei main tawar arena playground snow park isi salju guna rasa sensasi salju,panama park bandung salah main bandung jawa barat wahana rekreasi besar bandung buka mei main tawar arena playground snow park isi salju guna rasa sensasi salju taman hiburan bandung,Taman Hiburan,60
268,Sudut Pandang Bandung,"Sudut Pandang Cafe Bandung merupakan sebuah destinasi wisata baru di kawasan Pluncut. Sudut Pandang Cafe Bandung ini sendiri tepatnya berada di kawasan Sarae Hills di Jalan Pagermaneuh, RT 05/RW 07, Pagerwangi, Lembang, Kabupaten Bandung Barat, Jawa Barat. Sebagai informasi, Sarae Hills merupakan kawasan wisata di Punclut yang memadukan wisata alam, wisata kuliner, wisata selfie dan kegiatan outbound. Di kawasan ini, kamu bisa berlibur bersama teman atau keluarga sambil menikmati pemandangan alam serta Bandung city view. Sebelumnya Sarae Hills telah bekerja sama dengan beberapa tempat wisata yakni Tafso Barn, Lereng Anteng, De BlankON, Dago Bakery, Cakrawala Sparkling Nature, dan D’Dieuland. Nah, mulai tanggal 5 September kemarin, Sarae Hills dihiasi dengan sebuah cafe yang tak lain adalah Sudut Pandang Cafe Bandung.",Taman Hiburan,Bandung,50000,46.0,sudut pandang cafe bandung destinasi wisata kawasan pluncut sudut pandang cafe bandung tepat kawasan sarae hills jalan pagermaneuh rt rw pagerwangi lembang kabupaten bandung barat jawa barat informasi sarae hills kawasan wisata punclut madu wisata alam wisata kuliner wisata selfie giat outbound kawasan libur teman keluarga nikmat pandang alam bandung city view sarae hills wisata tafso barn lereng anteng de blankon dago bakery cakrawala sparkling nature dieuland tanggal september kemarin sarae hills hias cafe sudut pandang cafe bandung,sudut pandang cafe bandung destinasi wisata kawasan pluncut sudut pandang cafe bandung tepat kawasan sarae hills jalan pagermaneuh rt rw pagerwangi lembang kabupaten bandung barat jawa barat informasi sarae hills kawasan wisata punclut madu wisata alam wisata kuliner wisata selfie giat outbound kawasan libur teman keluarga nikmat pandang alam bandung city view sarae hills wisata tafso barn lereng anteng de blankon dago bakery cakrawala sparkling nature dieuland tanggal september kemarin sarae hills hias cafe sudut pandang cafe bandung taman hiburan bandung,Taman Hiburan,60
269,Bumi Perkemahan Batu Kuda,"Bumi Perkemahan Batu Kuda ini terletak di Desa Cibiru Wetan, Kecamatan Cileunyi, Kabupaten Bandung, tepatnya berada di kaki gunung Manglayang. Area Batu Kuda sendiri cukup terkenal di kalangan masyarakat sekitar. Selain karena merupakan titik pertama bagi para pendaki yang hendak melanjutkan perjalanan ke puncak gunung Manglayang, konon pada zaman dahulu, seorang prabu dari sebuah kerajaan di Jawa Barat yang bernama Prabu Layang Kusuma sedang menunggangi kuda nya yang bisa terbang di sekitar gunung Manglayang. Dan secara tiba – tiba kuda yang ditunggangi sang Prabu terjerembab ke dalam kubangan. Sekuat apapun usaha kuda tersebut untuk keluar dari kubangan tersebut tidak membuahkan hasil. Hingga lambat laun kuda milik sang Prabu yang terjerembab tersebut berubah menjadi batu. Maka batu tersebut disebut lah dengan istilah Batu Kuda. Selain itu, sang Prabu sendiri memilih untuk bertapa di dekat Batu Kuda, dan kini tempat sang Prabu bertapa dikenal dengan nama Batu Kursi. Area perkemahan Batu Kuda yang terbilang cukup luas, membuat anda tidak perlu khawatir kehabisan titik berkemah. Tak hanya itu, anda bisa melihat pohon – pohon pinus yang menjulang sejauh mata memandang. Selain digunakan untuk tempat berkemah para pendaki, anda pun bisa mengajak keluarga anda saat liburan. Karena area ini terbuka untuk anda sekeluarga yang sekedar ingin berjalan – jalan menikmati hutan pinus, ataupun menghabiskan malam dengan tidur di hotel bertabur bintang.",Cagar Alam,Bandung,7500,45.0,bumi kemah batu kuda letak desa cibiru wetan camat cileunyi kabupaten bandung tepat kaki gunung manglayang area batu kuda kenal kalang masyarakat titik daki lanjut jalan puncak gunung manglayang konon zaman prabu raja jawa barat nama prabu layang kusuma tunggang kuda terbang gunung manglayang kuda tunggang sang prabu terjerembab kubang kuat apa usaha kuda kubang buah hasil lambat laun kuda milik sang prabu terjerembab ubah batu batu istilah batu kuda sang prabu pilih tapa batu kuda sang prabu tapa kenal nama batu kursi area kemah batu kuda bilang luas khawatir habis titik kemah pohon pohon pinus julang pandang kemah daki ajak keluarga libur area buka keluarga dar jalan jalan nikmat hutan pinus habis malam tidur hotel tabur bintang,bumi kemah batu kuda letak desa cibiru wetan camat cileunyi kabupaten bandung tepat kaki gunung manglayang area batu kuda kenal kalang masyarakat titik daki lanjut jalan puncak gunung manglayang konon zaman prabu raja jawa barat nama prabu layang kusuma tunggang kuda terbang gunung manglayang kuda tunggang sang prabu terjerembab kubang kuat apa usaha kuda kubang buah hasil lambat laun kuda milik sang prabu terjerembab ubah batu batu istilah batu kuda sang prabu pilih tapa batu kuda sang prabu tapa kenal nama batu kursi area kemah batu kuda bilang luas khawatir habis titik kemah pohon pohon pinus julang pandang kemah daki ajak keluarga libur area buka keluarga dar jalan jalan nikmat hutan pinus habis malam tidur hotel tabur bintang cagar alam bandung,Cagar Alam,60
270,Bukit Bintang,"Bukit Bintang (Melayu [bu.ket̚ bi.ntaŋ]; disebut dengan nama Bintang Walk atau Starhill, yang terakhir menjadi terjemahan dari nama Melayu) adalah nama dari distrik perbelanjaan dan hiburan di Kuala Lumpur, Malaysia. Daerah ini meliputi Jalan Bukit Bintang dan daerah disekitarnya. Daerah ini telah lama menjadi pusat ritel paling menonjol di Kuala Lumpur yang merupakan rumah bagi banyak pusat perbelanjaan terkenal, kafe al fresco, bar megah, pasar malam, serta jajanan-jenis restoran. Daerah ini populer di kalangan wisatawan dan penduduk lokal, terutama di kalangan pemuda. Sebuah bagian dari Bintang Walk identik disebut sebagai ""Arab Street"".",Cagar Alam,Bandung,25000,46.0,bukit bintang melayu bu ket bi nta nama bintang walk starhill terjemah nama melayu nama distrik belanja hibur kuala lumpur malaysia daerah liput jalan bukit bintang daerah sekitar daerah pusat ritel tonjol kuala lumpur rumah pusat belanja kenal kafe al fresco bar megah pasar malam jajan jenis restoran daerah populer kalang wisatawan duduk lokal kalang pemuda bintang walk identik arab street,bukit bintang melayu bu ket bi nta nama bintang walk starhill terjemah nama melayu nama distrik belanja hibur kuala lumpur malaysia daerah liput jalan bukit bintang daerah sekitar daerah pusat ritel tonjol kuala lumpur rumah pusat belanja kenal kafe al fresco bar megah pasar malam jajan jenis restoran daerah populer kalang wisatawan duduk lokal kalang pemuda bintang walk identik arab street cagar alam bandung,Gunung/Bukit,60
271,Taman Vanda,"Taman Vanda Bandung adalah taman yang terletak di Kota Bandung, Jawa Barat. Taman ini memiliki latar belakang pemandangan air mancur pada malam hari. Pada malam hari dipasang air mancur di 20 titik dengan sorot lampu warna-warni yang memesona.\nUntuk melengkapi masyarakat Bandung yang ingin bersantai, di Taman Vanda disediakan bangku-bangku taman. Pepohonan rimbun yang ditanam di sekitar taman membuatnya menjadi lebih segar dan asri. Bersantai di sini pada siang hari juga sangat asyik dengan angin semilir dan sinar matahari tertutupi rimbunnya pohon-pohon.",Taman Hiburan,Bandung,0,43.0,taman vanda bandung taman letak kota bandung jawa barat taman milik latar pandang air mancur malam malam pasang air mancur titik sorot lampu warna warni pesona nuntuk lengkap masyarakat bandung santa taman vanda sedia bangku bangku taman pohon rimbun tanam taman buat segar asri santa siang asyik angin milir sinar matahari tutup rimbun pohon pohon,taman vanda bandung taman letak kota bandung jawa barat taman milik latar pandang air mancur malam malam pasang air mancur titik sorot lampu warna warni pesona nuntuk lengkap masyarakat bandung santa taman vanda sedia bangku bangku taman pohon rimbun tanam taman buat segar asri santa siang asyik angin milir sinar matahari tutup rimbun pohon pohon taman hiburan bandung,Kebun/Taman,60
272,Taman Budaya Jawa Barat,"Taman Budaya Jawa Barat (TBJB) didirikan pada tahun 1991 di Kawasan Dago Tea House. TBJB memiliki fasilitas gedung teater tertutup, teater terbuka, ruang pameran, sekertariat, sanggar olah seni, wisma seni, dan cafetaria. Semua fasilitas tersebut diperuntunkan untuk kelancaran beraktifitas dan berkarya para warga Bandung, khususnya para seniman. TBJB menghelat berbagai macam agenda yang menarik seperti pementasan karya seni, lomba seni, eksperimentasi karya seni, seminar, workshop, sarasehan seni dan budaya, penerbitan buku, dsb.",Budaya,Bandung,0,43.0,taman budaya jawa barat tbjb diri tahun kawasan dago tea house tbjb milik fasilitas gedung teater tutup teater buka ruang pamer sekertariat sanggar olah seni wisma seni cafetaria fasilitas untun lancar beraktifitas karya warga bandung seniman tbjb helat agenda tarik mentas karya seni lomba seni eksperimentasi karya seni seminar workshop sarasehan seni budaya terbit buku dsb,taman budaya jawa barat tbjb diri tahun kawasan dago tea house tbjb milik fasilitas gedung teater tutup teater buka ruang pamer sekertariat sanggar olah seni wisma seni cafetaria fasilitas untun lancar beraktifitas karya warga bandung seniman tbjb helat agenda tarik mentas karya seni lomba seni eksperimentasi karya seni seminar workshop sarasehan seni budaya terbit buku dsb budaya bandung,Kebun/Taman,60
273,Curug Bugbrug,"Curug Bugbrug Sesuai dengan namanya kata Bugbrug dalam bahasa sunda adalah berarti bertumpuk atau tumpah tindih. Jadi apabila Anda ditanya kenapa air terjun di bandung ini dinamai Curug Bugbrug Maka jawabannya ialah karena air yang jatuh dari atas ke bawah itu seperti terlihat bertumpuk-tumpuk. Dan jatuhnya tersebut terdengar suara di dasar curug seperti ” brug…brug…brug ” begitu saking kerasnya. Curug yang berada di ketinggian 1.050 meter di atas permukaan air laut, memiliki ketinggian dari 50 meter tingginya dan lebar curug sekitar 2 meter. Tempat ini menjadi pusat buruan wisatawan yang berlibur ke bandung.",Cagar Alam,Bandung,7500,43.0,curug bugbrug sesuai nama bugbrug bahasa sunda tumpuk tumpah tindih air terjun bandung nama curug bugbrug jawab air jatuh tumpuk tumpuk jatuh dengar suara dasar curug brug brug brug saking keras curug tinggi meter muka air laut milik tinggi meter tinggi lebar curug meter pusat buru wisatawan libur bandung,curug bugbrug sesuai nama bugbrug bahasa sunda tumpuk tumpah tindih air terjun bandung nama curug bugbrug jawab air jatuh tumpuk tumpuk jatuh dengar suara dasar curug brug brug brug saking keras curug tinggi meter muka air laut milik tinggi meter tinggi lebar curug meter pusat buru wisatawan libur bandung cagar alam bandung,Air Terjun,60
274,Babakan Siliwangi City Forest Path Bandung,Forest walk Babakan Siliwangi adalah fasilitas publik berupa hutan kota. Hutan ini merupakan hutan kota yang masih aktif di kota Bandung hingga kini. Letaknya strategis berada di kawasan taman sari dekat dengan kampus ITB dan kebun binatang. Kawasan ini bernuansa sejuk karena didominasi oleh pepohonan yang rindang. Jembatan kayu dan besi yang saling terhubung mengelilingi kawasan ini menjadi jalan untuk menyusuri hutan. Pengunjung bisa berjalan di atas jembatan kayu sambil menikmati segarnya udara di kawasan hutan kota ini.,Cagar Alam,Bandung,0,46.0,forest walk babakan siliwangi fasilitas publik hutan kota hutan hutan kota aktif kota bandung letak strategis kawasan taman sari kampus itb kebun binatang kawasan nuansa sejuk dominasi pohon rindang jembatan kayu besi hubung keliling kawasan jalan susur hutan unjung jalan jembatan kayu nikmat segar udara kawasan hutan kota,forest walk babakan siliwangi fasilitas publik hutan kota hutan hutan kota aktif kota bandung letak strategis kawasan taman sari kampus itb kebun binatang kawasan nuansa sejuk dominasi pohon rindang jembatan kayu besi hubung keliling kawasan jalan susur hutan unjung jalan jembatan kayu nikmat segar udara kawasan hutan kota cagar alam bandung,Kebun/Taman,60
275,Curug Cipanas,"Siapa bilang berendam air panas harus merogoh kocek dalam? Kabupaten Bandung Barat punya solusi bagi pelancong yang ingin merasakan manfaat air panas pegunungan asli tanpa harus membayar mahal. Adalah Curug Cipanas Nagrak, objek wisata alam yang menawarkan pemandian air panas alami. Pemandian air panas ini bahkan tidak hanya sekadar kolam, melainkan berupa air terjun alami di tengah kawasan perkebunan. Mata airnya mengalir deras menjadi sebuah air terjun kecil di tengah lahan perbukitan hijau. Pengunjung akan merasakan sensasi berendam di kolam air panas yang nyaman di tengah alam terbuka._x000D_",Cagar Alam,Bandung,20000,39.0,bilang rendam air panas rogoh kocek kabupaten bandung barat solusi lancong rasa manfaat air panas gunung asli bayar mahal curug cipanas nagrak objek wisata alam tawar mandi air panas alami mandi air panas kolam air terjun alami tengah kawasan kebun air alir deras air terjun tengah lahan bukit hijau unjung rasa sensasi rendam kolam air panas nyaman tengah alam buka,bilang rendam air panas rogoh kocek kabupaten bandung barat solusi lancong rasa manfaat air panas gunung asli bayar mahal curug cipanas nagrak objek wisata alam tawar mandi air panas alami mandi air panas kolam air terjun alami tengah kawasan kebun air alir deras air terjun tengah lahan bukit hijau unjung rasa sensasi rendam kolam air panas nyaman tengah alam buka cagar alam bandung,Air Terjun,60
276,Taman Jomblo,"Taman Jomblo dapat mengacu kepada:\n\nTaman Pasupati, sebuah taman yang didirikan oleh Ridwan Kamil di Bandung\nPedestrian Jomblo, sebuah tempat rekreasi yang didirikan di Jambi\nTaman Jomblo (Mataram), sebuah taman yang didirikan di Mataram, Nusa Tenggara Barat",Taman Hiburan,Bandung,10000,41.0,taman jomblo acu ntaman pasupati taman diri ridwan kamil bandung npedestrian jomblo rekreasi diri jambi ntaman jomblo mataram taman diri mataram nusa tenggara barat,taman jomblo acu ntaman pasupati taman diri ridwan kamil bandung npedestrian jomblo rekreasi diri jambi ntaman jomblo mataram taman diri mataram nusa tenggara barat taman hiburan bandung,Kebun/Taman,60
277,Peta Park,"Bandung seperti tidak henti menawarkan tempat wisata menarik untuk dikunjungi. Terutama untuk para anak muda. Beberapa waktu lalu Peta Park Bandung dibuka. Tempat wisata yang menawarkan konsep taman-taman yang bersih dan indah. Sangat cocok sebagai tempat bersantai dan menghindari hiruk-pikuk kota. Taman rekreasi yang ada di pusat kota Bandung ini memiliki konsep taman piknik. Karena hal tersebut, saat berada di sini, pengunjung tidak hanya bisa berfoto. Akan tetapi juga bisa melakukan kegiatan yang lainnya misalnya berpiknik.",Taman Hiburan,Bandung,15000,43.0,bandung henti tawar wisata tarik kunjung anak muda waktu peta park bandung buka wisata tawar konsep taman taman bersih indah cocok santa hindar hiruk pikuk kota taman rekreasi pusat kota bandung milik konsep taman piknik unjung foto giat piknik,bandung henti tawar wisata tarik kunjung anak muda waktu peta park bandung buka wisata tawar konsep taman taman bersih indah cocok santa hindar hiruk pikuk kota taman rekreasi pusat kota bandung milik konsep taman piknik unjung foto giat piknik taman hiburan bandung,Taman Hiburan,60
278,Masjid Daarut Tauhiid Bandung,"pada bulan Juli 1993 berdirilah sebuah masjid berlantai tiga, tepatnya di Jalan Gegerkalong Girang nomor 38 Bandung. Masjid ini sering dijuluki sebagai masjid seribu tangan karena dibangun secara gotong royong oleh ribuan masyarakat dan jamaah Daarut Tauhid. Pada saat itu, di bagian bawah bangunan Masjid Daarut Tauhid dialokasikan sejumlah kamar tidur yang berfungsi sebagai asrama santri putri atau akhwat yang berkapasitas 70 orang. Adapun lantai dua dan tiga difungsikan untuk shalat sedangkan lantai satu dijadikan area untuk toko (minimarket), ruang khusus akhwat, ruang wudhu, dan kamar mandi. Pada tahun 2015 dilakukan pembangunan perluasan dan renovasi Masjid Daarut Tauhid Bandung secara besar-besaran. Peletakan batu pertama pembangunan masjid dilakukan pada Kamis, 29 Januari 2015. Dua tahun kemudian tepatnya tanggal 20 November 2017 Masjid Daarut Tauhiid rampung pembangunannya dan diresmikan oleh KH. Abdullah Gymnastiar selaku Pembina Pesantren Daarut Tauhiid. Masjid hasil renovasi terbaru dibangun 4 lantai plus basement satu lantai. Pintu masjid terpisah antara ikhwan dan akhwat. Front Office (FO) DKM juga ada pada masing-masing area. Tempat wudhu dan kamar mandi dekat dengan pintu masuk. Salah satu hal yang membedakan Masjid Daarut Tauhid dengan masih lain adalah sangat bersahabat dengan jamaah difabel, yaitu dengan memfasilitasi lift khusus untuk mereka agar memudahkan mereka menaiki ruangan masjid hingga ke lantai 4. Selain itu juga dilengkapi kamar mandi khusus difabel yang terpisah antara ikhwan dan akhwat.",Tempat Ibadah,Bandung,0,49.0,juli diri masjid lantai tepat jalan gegerkalong girang nomor bandung masjid juluk masjid ribu tangan bangun gotong royong ribu masyarakat jamaah daarut tauhid bangun masjid daarut tauhid alokasi kamar tidur fungsi asrama santri putri akhwat kapasitas lantai fungsi shalat lantai jadi area toko minimarket ruang akhwat ruang wudhu kamar mandi tahun bangun luas renovasi masjid daarut tauhid bandung besar leta batu bangun masjid kamis januari tahun tepat tanggal november masjid daarut tauhiid rampung bangun resmi kh abdullah gymnastiar bina pesantren daarut tauhiid masjid hasil renovasi baru bangun lantai plus basement lantai pintu masjid pisah ikhwan akhwat front office fo dkm area wudhu kamar mandi pintu salah beda masjid daarut tauhid sahabat jamaah difabel fasilitas lift mudah ruang masjid lantai lengkap kamar mandi difabel pisah ikhwan akhwat,juli diri masjid lantai tepat jalan gegerkalong girang nomor bandung masjid juluk masjid ribu tangan bangun gotong royong ribu masyarakat jamaah daarut tauhid bangun masjid daarut tauhid alokasi kamar tidur fungsi asrama santri putri akhwat kapasitas lantai fungsi shalat lantai jadi area toko minimarket ruang akhwat ruang wudhu kamar mandi tahun bangun luas renovasi masjid daarut tauhid bandung besar leta batu bangun masjid kamis januari tahun tepat tanggal november masjid daarut tauhiid rampung bangun resmi kh abdullah gymnastiar bina pesantren daarut tauhiid masjid hasil renovasi baru bangun lantai plus basement lantai pintu masjid pisah ikhwan akhwat front office fo dkm area wudhu kamar mandi pintu salah beda masjid daarut tauhid sahabat jamaah difabel fasilitas lift mudah ruang masjid lantai lengkap kamar mandi difabel pisah ikhwan akhwat tempat ibadah bandung,Tempat Ibadah,60
279,Masjid Agung Trans Studio Bandung,"Masjid Agung Trans Studio Bandung (TSB) berdiri megah. Rumah ibadah seluas 4.000 meter persegi bergaya Timur Tengah ini menjadi oase di tengah-tengah pusat perbelanjaan dan tempat rekreasi. konsep masjid modern yang mengadopsi ala Timur Tengah ini berdasarkan arahan Chairul Tanjung (CT), selaku pemiki CT Corp. Dia langsung menerawang guna mewujudkan desain Masjid Agung TSB yang kental dengan sentuhan Masjid Nabawi.",Tempat Ibadah,Bandung,0,48.0,masjid agung trans studio bandung tsb diri megah rumah ibadah luas meter persegi gaya timur tengah oase tengah tengah pusat belanja rekreasi konsep masjid modern adopsi ala timur tengah dasar arah chairul tanjung ct mik ct corp terawang wujud desain masjid agung tsb kental sentuh masjid nabawi,masjid agung trans studio bandung tsb diri megah rumah ibadah luas meter persegi gaya timur tengah oase tengah tengah pusat belanja rekreasi konsep masjid modern adopsi ala timur tengah dasar arah chairul tanjung ct mik ct corp terawang wujud desain masjid agung tsb kental sentuh masjid nabawi tempat ibadah bandung,Tempat Ibadah,60
280,Gereja Tiberias Indonesia Bandung,"Gereja Tiberias Indonesia (GTI), atau Tiberias Ministry adalah salah satu sinode gereja Kristen Protestan di Indonesia. Salah satu ciri khas dari pelayanan GTI adalah pelayanan Kesembuhan Ilahi melalui Perjamuan Kudus dan Minyak Urapan. Gereja Tiberias Indonesia merupakan gereja pewahyuan yang diperintahkan oleh Tuhan Yesus kepada Pdt. DR. Yesaya Pariadji. Tugas Gereja Tiberias adalah untuk membuktikan bahwa Yesus Kristus adalah Tuhan Allah yang Maha Kuasa dibuktikan melalui mujizat-mujizatNya; bahwa Firman Allah bukan terdiri atas kata-kata, tetapi kuasa; bahwa Firman Allah lebih dari seluruh ilmu pengetahuan manusia; bahwa manusia harus hidup dalam pertobatan, harus hidup dalam kekudusan agar layak berdiri di hadapanNya dan pesta di Kerajaan Sorga.",Tempat Ibadah,Bandung,0,49.0,gereja tiberias indonesia gti tiberias ministry salah sinode gereja kristen protestan indonesia salah ciri khas layan gti layan sembuh ilahi jamu kudus minyak urap gereja tiberias indonesia gereja wahyu perintah tuhan yesus pdt dr yesaya pariadji tugas gereja tiberias bukti yesus kristus tuhan allah maha kuasa bukti mujizat mujizatnya firman allah kuasa firman allah ilmu tahu manusia manusia hidup tobat hidup kudus layak diri hadap pesta raja sorga,gereja tiberias indonesia gti tiberias ministry salah sinode gereja kristen protestan indonesia salah ciri khas layan gti layan sembuh ilahi jamu kudus minyak urap gereja tiberias indonesia gereja wahyu perintah tuhan yesus pdt dr yesaya pariadji tugas gereja tiberias bukti yesus kristus tuhan allah maha kuasa bukti mujizat mujizatnya firman allah kuasa firman allah ilmu tahu manusia manusia hidup tobat hidup kudus layak diri hadap pesta raja sorga tempat ibadah bandung,Tempat Ibadah,60
281,Tektona Waterpark,"Tektona Waterpark sebuah wahana yang memberikan sensasi bermain air bersama keluarga dan sahabat anda, memberikan keceriaan bagi anak-anak maupun pengunjung dewasa dengan fasilitas modern diantaranya Kolam Ombak dan Kolam Arus, Kolam Anak dan Balita, Semi Olympic serta Mini Slider untuk anak-anak dan Mega Slider untuk dewasa dengan ketinggian hampir dari 30 meter, yang akan memicu adrenaline para pengunjung. Selain itu wahana Tektona Waterpark juga menyediakan pojok kuliner, gazebo serta jasa pompa dan foto aksi yang dapat diperoleh di sudut wahana Tektona Waterpark, dan juga selalu tersedia ruang ganti serta ruang bilas di dalam kawasan Tektona Waterpark.",Taman Hiburan,Bandung,60000,38.0,tektona waterpark wahana sensasi main air keluarga sahabat ceria anak anak unjung dewasa fasilitas modern kolam ombak kolam arus kolam anak balita semi olympic mini slider anak anak mega slider dewasa tinggi meter picu adrenaline unjung wahana tektona waterpark sedia pojok kuliner gazebo jasa pompa foto aksi oleh sudut wahana tektona waterpark sedia ruang ganti ruang bilas kawasan tektona waterpark,tektona waterpark wahana sensasi main air keluarga sahabat ceria anak anak unjung dewasa fasilitas modern kolam ombak kolam arus kolam anak balita semi olympic mini slider anak anak mega slider dewasa tinggi meter picu adrenaline unjung wahana tektona waterpark sedia pojok kuliner gazebo jasa pompa foto aksi oleh sudut wahana tektona waterpark sedia ruang ganti ruang bilas kawasan tektona waterpark taman hiburan bandung,Taman Hiburan,60
282,Curug Cilengkrang,"Curug Cilengkrang bisa menjadi pilihan tujuan objek wisata alam di Bandung. Menawarkan area hutan sejuk serta area air terjun yang menyegarkan. Meski tidak besar, kawasan air terjun cukup bisa untuk menenangkan dan kembali menyegarkan wisatawan. Seolah bertolak belakang dari hingar bingar kota Bandung. Curug Cilengkrang menawarkan wisata alam yang tenang dan begitu hijau. Air terjun yang mempesona, serta hutan dengan pepohonan yang begitu asri. Dimana, tempat ini juga menjadi habitat hidup berbagai satwa liar yang masih terjaga.",Cagar Alam,Bandung,7500,4.0,curug cilengkrang pilih tuju objek wisata alam bandung tawar area hutan sejuk area air terjun segar kawasan air terjun tenang segar wisatawan tolak hingar bingar kota bandung curug cilengkrang tawar wisata alam tenang hijau air terjun pesona hutan pohon asri mana habitat hidup satwa liar jaga,curug cilengkrang pilih tuju objek wisata alam bandung tawar area hutan sejuk area air terjun segar kawasan air terjun tenang segar wisatawan tolak hingar bingar kota bandung curug cilengkrang tawar wisata alam tenang hijau air terjun pesona hutan pohon asri mana habitat hidup satwa liar jaga cagar alam bandung,Air Terjun,60
283,Jembatan Pasupati,"Jembatan Pasupati atau Jalan Layang Pasupati adalah sebuah jembatan yang menghubungkan bagian utara dan timur Kota Bandung melewati lembah Cikapundung. Panjangnya 2,8 km dan lebarnya 30-60 m. Sebagian jalan itu dibangun di atas Jalan Pasteur, adalah jalan lama dengan pohon palm raja disebelah kanan dan kirinya yang menjadi ciri kota Bandung. Jalan Layang Pasupati juga menjadi salah satu ikon Kota Bandung. Oleh karena itu, pada malam hari bagian tengah Jembatan Pasupati diterangi lampu sorot warna-warni. Jalan layang ini membuat arus lalu lintas dari wilayah sekitar Jabodetabek ke Bandung menjadi lebih mudah. Di bawah Jembatan Pasupati terdapat taman yang bernama Taman Pasupati._x000D_",Taman Hiburan,Bandung,0,46.0,jembatan pasupati jalan layang pasupati jembatan hubung utara timur kota bandung lewat lembah cikapundung panjang km lebar jalan bangun jalan pasteur jalan pohon palm raja belah kanan kiri ciri kota bandung jalan layang pasupati salah ikon kota bandung malam tengah jembatan pasupati rang lampu sorot warna warni jalan layang arus lintas wilayah jabodetabek bandung mudah jembatan pasupati taman nama taman pasupati,jembatan pasupati jalan layang pasupati jembatan hubung utara timur kota bandung lewat lembah cikapundung panjang km lebar jalan bangun jalan pasteur jalan pohon palm raja belah kanan kiri ciri kota bandung jalan layang pasupati salah ikon kota bandung malam tengah jembatan pasupati rang lampu sorot warna warni jalan layang arus lintas wilayah jabodetabek bandung mudah jembatan pasupati taman nama taman pasupati taman hiburan bandung,Taman Hiburan,60
284,Pasar Baru,"Pasar Baru adalah kawasan perdagangan yang berpusat di Jalan Pasar Baru, Kelurahan Pasar Baru, Kecamatan Sawah Besar, Jakarta Pusat. Pusat perbelanjaan ini didirikan pada tahun 1820, dan merupakan pusat perbelanjaan tertua di Jakarta.Ujung selatan Jalan Pasar Baru berbatasan dengan Jalan Antara dan Jalan Pasar Baru Selatan, serta Jalan Pos yang berdekatan dengan Gedung Kesenian Jakarta. Ujung utara Jalan Pasar Baru berbatasan dengan Jalan Kyai Haji Samanhudi, dekat Metro Pasar Baru dan Jalan Gereja Ayam. Di sisi kiri dan kanan Jalan Pasar Baru terdapat toko pakaian, toko tekstil dan tailor, toko alat olahraga dan sepatu, toko kacamata, dan toko perhiasan emas.\nDi Pasar Baru banyak bermukim orang India-Indonesia. Orang India-Indonesia berdagang menjual kain, alat olahraga, dan sepatu di Pasar Baru. Pada tahun 2002 ada sekitar 2.000 keluarga India yang terdaftar sebagai penduduk Jakarta, dan sebagian besar di antara mereka tinggal di pusat kota, khususnya di kawasan Pasar Baru dan Pintu Air. Di kawasan Pasar Baru juga terdapat tempat ibadah masyarakat India-Indonesia.\n\n",Pusat Perbelanjaan,Bandung,0,43.0,pasar kawasan dagang pusat jalan pasar lurah pasar camat sawah jakarta pusat pusat belanja diri tahun pusat belanja tua jakarta ujung selatan jalan pasar batas jalan jalan pasar selatan jalan pos dekat gedung seni jakarta ujung utara jalan pasar batas jalan kyai haji samanhudi metro pasar jalan gereja ayam sisi kiri kanan jalan pasar toko pakai toko tekstil tailor toko alat olahraga sepatu toko kacamata toko hias emas ndi pasar mukim india indonesia india indonesia dagang jual kain alat olahraga sepatu pasar tahun keluarga india daftar duduk jakarta tinggal pusat kota kawasan pasar pintu air kawasan pasar ibadah masyarakat india indonesia,pasar kawasan dagang pusat jalan pasar lurah pasar camat sawah jakarta pusat pusat belanja diri tahun pusat belanja tua jakarta ujung selatan jalan pasar batas jalan jalan pasar selatan jalan pos dekat gedung seni jakarta ujung utara jalan pasar batas jalan kyai haji samanhudi metro pasar jalan gereja ayam sisi kiri kanan jalan pasar toko pakai toko tekstil tailor toko alat olahraga sepatu toko kacamata toko hias emas ndi pasar mukim india indonesia india indonesia dagang jual kain alat olahraga sepatu pasar tahun keluarga india daftar duduk jakarta tinggal pusat kota kawasan pasar pintu air kawasan pasar ibadah masyarakat india indonesia pusat perbelanjaan bandung,Pusat Perbelanjaan,60
285,Taman Sejarah Bandung,"Taman Sejarah Bandung adalah taman yang terletak di belakang Balai Kota Bandung, kompleks Pemerintahan Kota Bandung. Taman ini berfungsi untuk mengenalkan sejarah di Kota Bandung. Taman ini dilengkapi informasi mengenai pemimpin kota Bandung dari masa ke masa. Pembangunan taman ini menghabiskan anggaran sekitar 3,5 miliar rupiah.",Budaya,Bandung,0,46.0,taman sejarah bandung taman letak balai kota bandung kompleks perintah kota bandung taman fungsi kenal sejarah kota bandung taman lengkap informasi pimpin kota bandung bangun taman habis anggar miliar rupiah,taman sejarah bandung taman letak balai kota bandung kompleks perintah kota bandung taman fungsi kenal sejarah kota bandung taman lengkap informasi pimpin kota bandung bangun taman habis anggar miliar rupiah budaya bandung,Kebun/Taman,60
286,Roemah Seni Sarasvati,"Roemah Seni Sarasvati adalah sebuah galeri yang berlokasi di Jl. Jendral Sudirman 137, Bandung. RSS merupakan project utama Sarasvati Arts Management yang dibangun dengan tujuan untuk memperkenalkan berbagai keragaman seni budaya. RSS juga merupakan tempat bertukar gagasan dan kepedulian untuk menciptakan identitas unik bagi Kota Bandung serta merawat kreativitas dan pengetahuan. Salah satu program kerja yang sedang dirancang adalah Grote Postweg Art Project.",Budaya,Bandung,0,44.0,roemah seni sarasvati galeri lokasi jl jendral sudirman bandung rss project utama sarasvati arts management bangun tuju kenal ragam seni budaya rss tukar gagas peduli cipta identitas unik kota bandung rawat kreativitas tahu salah program rancang grote postweg art project,roemah seni sarasvati galeri lokasi jl jendral sudirman bandung rss project utama sarasvati arts management bangun tuju kenal ragam seni budaya rss tukar gagas peduli cipta identitas unik kota bandung rawat kreativitas tahu salah program rancang grote postweg art project budaya bandung,Budaya,60
287,Puspa Iptek Sundial,"Puspa Iptek Sundial adalah wahana pendidikan yang terletak di kawasan Kota Baru Parahyangan, Padalarang, Bandung, Jawa Barat. Puspa Iptek Sundial diresmikan pada tanggal 11 Mei 2002, bertepatan dengan momen Hari Pendidikan Nasional. Keberadaan Puspa Iptek Sundial merupakan upaya penting bagi perwujudan Kota Baru Parahyangan sebagai Kota Mandiri yang berwawasan pendidikan. Mulai tahun 2013 area alat peraga di Puspa Iptek Sundial juga diperluas serta fasilitasnya diperlengkap, seiring dengan semakin tingginya minat dan kepedulian masyarakat terhadap dunia sains dan teknologi.",Taman Hiburan,Bandung,25000,44.0,puspa iptek sundial wahana didik letak kawasan kota parahyangan padalarang bandung jawa barat puspa iptek sundial resmi tanggal mei tepat momen didik nasional ada puspa iptek sundial upaya wujud kota parahyangan kota mandiri wawas didik tahun area alat aga puspa iptek sundial luas fasilitas lengkap iring tinggi minat peduli masyarakat dunia sains teknologi,puspa iptek sundial wahana didik letak kawasan kota parahyangan padalarang bandung jawa barat puspa iptek sundial resmi tanggal mei tepat momen didik nasional ada puspa iptek sundial upaya wujud kota parahyangan kota mandiri wawas didik tahun area alat aga puspa iptek sundial luas fasilitas lengkap iring tinggi minat peduli masyarakat dunia sains teknologi taman hiburan bandung,Taman Hiburan,60
288,Masjid Salman ITB,"Masjid Salman ITB adalah masjid kampus yang terletak di Jalan Ganesha 7, Lebak Siliwangi, Coblong, Kota Bandung atau tepat di depan area Kampus ITB Ganesha. Dengan luas lahan 7800 m2 dan luas bangunan masjid 1225 m2, Masjid Salman dilengkapi dengan berbagai fasilitas penunjang seperti kantin, air minum gratis, mini market, dan ruang serbaguna. Masjid yang dibuka pada tahun 1972 ini merupakan masjid kampus pertama di Indonesia.",Tempat Ibadah,Bandung,0,48.0,masjid salman itb masjid kampus letak jalan ganesha lebak siliwangi coblong kota bandung area kampus itb ganesha luas lahan luas bangun masjid masjid salman lengkap fasilitas tunjang kantin air minum gratis mini market ruang serbaguna masjid buka tahun masjid kampus indonesia,masjid salman itb masjid kampus letak jalan ganesha lebak siliwangi coblong kota bandung area kampus itb ganesha luas lahan luas bangun masjid masjid salman lengkap fasilitas tunjang kantin air minum gratis mini market ruang serbaguna masjid buka tahun masjid kampus indonesia tempat ibadah bandung,Tempat Ibadah,60
289,Curug Aseupan,"Curug Aseupan berada di kawasan Curug Tilu Leuwi Opat. Curug ini merupakan bintang utama dari beberapa curug di sini. Jika diceritakan, kecantikannya bisa lah buat mengisi galeri dan feed instagram. Curug ini sendiri berada di Dusun Ciwangan, Kelurahan Cihanjuang rahayu, kecamatan Parangpong, Kabupaten Bandung Barat. Sekitar 9 KM dari Lembang yang jarangnya cukup berdekatan dengan Curug Cimahi. Bukan hanya menyajikan pemandangan air terjun, di sekitar curug juga terdapat area camping ground yang cukup luas.",Cagar Alam,Bandung,10000,47.0,curug aseupan kawasan curug tilu leuwi opat curug bintang utama curug cerita cantik isi galeri feed instagram curug dusun ciwangan lurah cihanjuang rahayu camat parangpong kabupaten bandung barat km lembang jarang dekat curug cimahi saji pandang air terjun curug area camping ground luas,curug aseupan kawasan curug tilu leuwi opat curug bintang utama curug cerita cantik isi galeri feed instagram curug dusun ciwangan lurah cihanjuang rahayu camat parangpong kabupaten bandung barat km lembang jarang dekat curug cimahi saji pandang air terjun curug area camping ground luas cagar alam bandung,Air Terjun,60
290,Museum Pendidikan Nasional,"Museum Pendidikan Nasional Universitas Pendidikan Indonesia diresmikan oleh Gubernur Jawa Barat, H. Ahmad Heryawan, Lc. Pembangunan Museum Pendidikan Nasional ini merupakan salah satu bentuk tanggung jawab UPI sebagai perguruan tinggi yang memiliki kepedulian terhadap kelestarian warisan sejarah budaya bangsa khususnya dibidang pendidikan. Museum pada umumnya memamerkan benda koleksi yang berasal dari masa lalu, namun hal tersebut berbeda dengan Museum Pendidikan Nasional Universitas Pendidikan Indonesia. Museum ini menyajikan bagaimana pendidikan dimasa yang akan datang, karena saat ini pendidikan menjadi bersifat forecasting atau ramalan. Keberadaan Museum Pendidikan Nasional diharapkan mampu menjadi wahana pusat penelitian, serta sumber belajar dan pembelajaran, yang dapat meningkatkan kompetensi pendidik maupun wawasan pembelajar dalam mengupayakan peningkatan mutu pendidikan, sekaligus menjadi tujuan wisata budaya di Jawa Barat dan Nasional. Karena pada dasarnya manusia tidak mempelajari masa lalu, melainkan masa depan._x000D_",Budaya,Bandung,5000,46.0,museum didik nasional universitas didik indonesia resmi gubernur jawa barat ahmad heryawan lc bangun museum didik nasional salah bentuk tanggung upi guru tinggi milik peduli lestari waris sejarah budaya bangsa bidang didik museum pamer benda koleksi asal beda museum didik nasional universitas didik indonesia museum saji didik masa didik sifat forecasting ramal ada museum didik nasional harap wahana pusat teliti sumber ajar ajar tingkat kompetensi didik wawas ajar upaya tingkat mutu didik tuju wisata budaya jawa barat nasional dasar manusia ajar,museum didik nasional universitas didik indonesia resmi gubernur jawa barat ahmad heryawan lc bangun museum didik nasional salah bentuk tanggung upi guru tinggi milik peduli lestari waris sejarah budaya bangsa bidang didik museum pamer benda koleksi asal beda museum didik nasional universitas didik indonesia museum saji didik masa didik sifat forecasting ramal ada museum didik nasional harap wahana pusat teliti sumber ajar ajar tingkat kompetensi didik wawas ajar upaya tingkat mutu didik tuju wisata budaya jawa barat nasional dasar manusia ajar budaya bandung,Museum,60
291,Water Park Bandung Indah,Bandung Indah Waterpark merupakan salah satu kolam renang yang ada di Bandung. Menyediakan berbagai wahana permainan air yang cocok bagi keluarga. Terdapat kolam renang untuk dewasa dan anak-anak. Pengunjung dapat melakukan olahraga renang dan rekreasi._x000D_,Taman Hiburan,Bandung,50000,4.0,bandung indah waterpark salah kolam renang bandung sedia wahana main air cocok keluarga kolam renang dewasa anak anak unjung olahraga renang rekreasi,bandung indah waterpark salah kolam renang bandung sedia wahana main air cocok keluarga kolam renang dewasa anak anak unjung olahraga renang rekreasi taman hiburan bandung,Taman Hiburan,60
292,Curug Anom,"Curug Anom adalah sebuah air terjun yang memiliki dinding batu atau tebing berbentuk flat, sehingga sekilas terlihat seperti tembok, padahal ini nyata tebing batu yang memiliki permukaan rata dengan ketinggian kurang lebih 30 meter. Lokasi Curug Anom berada dalam kawasan obyek wisata Natural Hill Lembang, tepatnya di Jln. Kolonel Masturi, Kec. Cisarua, Kab. Bandung Barat, Jawa Barat. Meskipun debit air di Curug Anom Lembang ini tidak terlalu besar, namun karena ukuran tebing yang sangat tinggi, maka cipratan air yang jatuh dari atas akan terasa seperti hujan lokal. Aliran air yang jatuh mengikuti permukaan dinding tebing yang rata dan kemudian membentur dasar air terjun terlihat seprti seuntai kain sutra yang menghiasi dinding batu.",Cagar Alam,Bandung,0,46.0,curug anom air terjun milik dinding batu tebing bentuk flat kilas tembok tebing batu milik muka rata tinggi meter lokasi curug anom kawasan obyek wisata natural hill lembang tepat jln kolonel masturi kec cisarua kab bandung barat jawa barat debit air curug anom lembang ukur tebing tinggi ciprat air jatuh hujan lokal alir air jatuh ikut muka dinding tebing rata bentur dasar air terjun seprti unta kain sutra hias dinding batu,curug anom air terjun milik dinding batu tebing bentuk flat kilas tembok tebing batu milik muka rata tinggi meter lokasi curug anom kawasan obyek wisata natural hill lembang tepat jln kolonel masturi kec cisarua kab bandung barat jawa barat debit air curug anom lembang ukur tebing tinggi ciprat air jatuh hujan lokal alir air jatuh ikut muka dinding tebing rata bentur dasar air terjun seprti unta kain sutra hias dinding batu cagar alam bandung,Air Terjun,60
293,Taman Badak,"Taman Badak ini baru saja diresmikan pada tanggan 19 Desember 2017 oleh Bapak Ridwan Kamil sebagai Wali Kota Bandung. Terdapat Patung Badak yang berusia puluhan tahun di taman ini yang menjadi ikonnya. Patung Badak tersebut direvitalisasi, sehingga kini tampilannya baru dan menjadi spot foto favorit bagi para pengunjung. Selain Patung Badak, juga terdapat Patung Dewi Sartika yang berada di samping Taman Badak yang juga turut direvitalisasi, tetapi Patung Dewi Sartika ini bentuk awalnya kecil dan kini telah diperbesar.",Taman Hiburan,Bandung,0,45.0,taman badak resmi tanggan desember ridwan kamil wali kota bandung patung badak usia puluh tahun taman ikon patung badak revitalisasi tampil spot foto favorit unjung patung badak patung dewi sartika samping taman badak revitalisasi patung dewi sartika bentuk besar,taman badak resmi tanggan desember ridwan kamil wali kota bandung patung badak usia puluh tahun taman ikon patung badak revitalisasi tampil spot foto favorit unjung patung badak patung dewi sartika samping taman badak revitalisasi patung dewi sartika bentuk besar taman hiburan bandung,Kebun/Taman,60
294,Taman Film,"Taman Film adalah salah satu taman tematik dan ruang terbuka publik di Kota Bandung yang terletak di bawah Jembatan Pasupati, Bandung, Jawa Barat. Taman ini diresmikan oleh Wali kota Bandung, Ridwan Kamil, pada tanggal 14 September 2014. Taman ini memiliki konsep bioskop terbuka yang modern agar warga dapat beraktivitas di taman dan mendapat sarana menonton film secara gratis. Taman Film dikelola Komunitas Film Bandung dan Dinas Pertamanan Kota Bandung.",Budaya,Bandung,0,43.0,taman film salah taman tematik ruang buka publik kota bandung letak jembatan pasupati bandung jawa barat taman resmi wali kota bandung ridwan kamil tanggal september taman milik konsep bioskop buka modern warga aktivitas taman sarana tonton film gratis taman film kelola komunitas film bandung dinas taman kota bandung,taman film salah taman tematik ruang buka publik kota bandung letak jembatan pasupati bandung jawa barat taman resmi wali kota bandung ridwan kamil tanggal september taman milik konsep bioskop buka modern warga aktivitas taman sarana tonton film gratis taman film kelola komunitas film bandung dinas taman kota bandung budaya bandung,Kebun/Taman,60
295,Museum Nike Ardilla,"Museum Nike Ardilla diresmikan atau dibuka untuk umum tepat di hari dimana almarhumah Nike Ardilla jika masih hidup berusia 21 tahun. Diresmikan langsung sendiri oleh pihak keluarga yaitu ayahnya sendiri (Almarhum) R.Eddy Kusnaedi dengan pemotongan kue ulang tahun, dan disaksikan langsung di depan komunitas Nike Ardilla Fans Club. Museum ini menempati sebuah bangunan Rumah yang akan menjadi saksi bisu serta menyimpan segala kenangan Nike Ardilla selama hidupnya, dan populer juga dengan sebutan Rumah Nike Ardilla (RNA). Sahabat traveler’s, Konsep dasar bangunan Rumah Nike Ardilla (RNA) ini adalah merupakan paduan desain yang menyerupai Planet Hollywood, Hard Rock Cafe dan Museum pada umumnya yang biasa kita lihat. Museum Nike Ardilla ini menempati bangunan 2 lantai seluas 500 meter persegi, dimana lantai pertama digunakan sebagai tempat tinggal keluarga almarhumah Nike Ardila. Sementara di lantai 2 Museum, selain digunakan sebagai ruang pamer barang koleksi Nike Ardilla, Aksesoris serta benda-benda pribadi miliknya, anda juga bisa menyaksikan seperti apa sih ruang pribadi berupa kamar Nike Ardilla dengan segala isinya.",Budaya,Bandung,0,46.0,museum nike ardilla resmi buka umum mana almarhumah nike ardilla hidup usia tahun resmi keluarga ayah almarhum eddy kusnaedi potong kue ulang tahun saksi komunitas nike ardilla fans club museum tempat bangun rumah saksi bisu simpan kenang nike ardilla hidup populer sebut rumah nike ardilla rna sahabat traveler konsep dasar bangun rumah nike ardilla rna padu desain rupa planet hollywood hard rock cafe museum museum nike ardilla tempat bangun lantai luas meter persegi mana lantai tinggal keluarga almarhumah nike ardila lantai museum ruang pamer barang koleksi nike ardilla aksesoris benda benda pribadi milik saksi sih ruang pribadi kamar nike ardilla isi,museum nike ardilla resmi buka umum mana almarhumah nike ardilla hidup usia tahun resmi keluarga ayah almarhum eddy kusnaedi potong kue ulang tahun saksi komunitas nike ardilla fans club museum tempat bangun rumah saksi bisu simpan kenang nike ardilla hidup populer sebut rumah nike ardilla rna sahabat traveler konsep dasar bangun rumah nike ardilla rna padu desain rupa planet hollywood hard rock cafe museum museum nike ardilla tempat bangun lantai luas meter persegi mana lantai tinggal keluarga almarhumah nike ardila lantai museum ruang pamer barang koleksi nike ardilla aksesoris benda benda pribadi milik saksi sih ruang pribadi kamar nike ardilla isi budaya bandung,Museum,60
296,Batununggal Indah Club,"Kolam renang Batununggal merupakan salah satu kolam renang yang digemari warga Bandung saat liburan. Kolam renang berada di kawasan komplek perumahan Batununggal Insah Estate. Buat kamu yang paham dengan perumahan tersebut pasti mudah sekali untuk menuju ke lokasi. Kolam renang ini sebenarnya bernama Kolam Renang Batununggal Indah Club atau kolam renang BIC. Kolam renang ini merupakan salah satu fasilitas exclusive bagi para penghuni perumahan. Meskipun merupakan fasilitas perumahan, tetapi pihak pengelola sudah membuka untuk umum. Jadi buat kamu yang berada di Bandung dan sekitarnya tanpa harus tinggal di perumahan tersebut sudah bisa menikmati liburan di sana sob._x000D_",Taman Hiburan,Bandung,70000,44.0,kolam renang batununggal salah kolam renang gari warga bandung libur kolam renang kawasan komplek rumah batununggal insah estate paham rumah mudah lokasi kolam renang nama kolam renang batununggal indah club kolam renang bic kolam renang salah fasilitas exclusive huni rumah fasilitas rumah kelola buka umum bandung tinggal rumah nikmat libur sob,kolam renang batununggal salah kolam renang gari warga bandung libur kolam renang kawasan komplek rumah batununggal insah estate paham rumah mudah lokasi kolam renang nama kolam renang batununggal indah club kolam renang bic kolam renang salah fasilitas exclusive huni rumah fasilitas rumah kelola buka umum bandung tinggal rumah nikmat libur sob taman hiburan bandung,Taman Hiburan,60
297,Mountain View Golf Club,"Selamat Datang di Mountain View Golf Club Dago Pakar Bandung. Golf Course dengan 72 par, 18 hole telah dirancang oleh Juara dunia 5 kali asal Inggris Peter Thompson dan tentu saja achitect terkenal Ross Peret, terletak di dalam kompleks perumahan bergengsi hanya 30 menit dari bandara internasional Bandung atau 20 menit dari pusat kota. Pegolf dan pengunjung yang duduk di barisan depan akan disajikan pemandangan dari Club House dan lapangan golf di pegunungan dekat dengan kota Bandung. Dilengkapi fasilitas kelas dunia, lengkap dengan kamar Vip, Ruang Pijat, Loker mewah untuk pria dan wanita, Champions Bar, Restoran dan Toko Golf yang berdekatan dengan pintu masuk lobi.",Cagar Alam,Bandung,375000,44.0,selamat mountain view golf club dago pakar bandung golf course par hole rancang juara dunia inggris peter thompson achitect kenal ross ret letak kompleks rumah gengsi menit bandara internasional bandung menit pusat kota golf unjung duduk baris saji pandang club house lapang golf gunung kota bandung lengkap fasilitas kelas dunia lengkap kamar vip ruang pijat loker mewah pria wanita champions bar restoran toko golf dekat pintu lobi,selamat mountain view golf club dago pakar bandung golf course par hole rancang juara dunia inggris peter thompson achitect kenal ross ret letak kompleks rumah gengsi menit bandara internasional bandung menit pusat kota golf unjung duduk baris saji pandang club house lapang golf gunung kota bandung lengkap fasilitas kelas dunia lengkap kamar vip ruang pijat loker mewah pria wanita champions bar restoran toko golf dekat pintu lobi cagar alam bandung,Gunung/Bukit,60
298,Gunung Lalakon,"Gunung Lalakon merupakan sebuah gunung yang terdapat di Kampung Jelegong, Desa Badaraksa, Kecamatan Kutawaringin, Kabupaten Bandung, Jawa Barat dan memiliki ketinggian 870 meter. Gunung Lalakon terkenal dikarenakan bentuknya yang menyerupai kerucut sempurna atau piramida.\nGunung Lalakon dikenal juga dengan nama Gunung Sabelas karena di puncak gunung ini terdapat dua buah tower PLN yang bila dilihat dari kejauhan membentuk angka 11, tower milik PLN ini terhubung dengan PLTA Saguling. Sehingga, untuk keamanan tower beserta fungsinya inilah yang menjadikan perijinan ke gunung ini sedikit ketat, tidak mengagetkan ketika akan mendekati puncak banyak bambu yang dirintangkan ke jalur dengan tujuan menutup jalur pendakian .\nSelain keberadaan tower milik PLN, di gunung ini juga terdapat beberapa situs batuan, seperti Batu Lawang, Batu Pabiasan, Batu Warung, Batu Pupuk, Batu Renges, Batu Gajah, dan sebuah Batu Panjang yang terletak di atas puncak. Menurut salah seorang tokoh masyarakat Kampung Badaraksa, Abah Acu, ""secara filosofis, Gunung Lalakon adalah perlambang sebuah lakon dari kehidupan manusia. Batu-batu tadi merepresentasikan berbagai profesi (lakon) yang dipilih oleh manusia.""\nPemandangan dari gunung ini cukup bagus, seluruh sudut Kabupaten Bandung bisa terlihat dari puncaknya, termasuk pemandangan Waduk Saguling di sebelah barat. Beberapa sisi gunung ini sudah rusak oleh aktivitas galian liar (galian C), seperti di area Cipatik di sisi utara dan area Situwangi di sisi barat.",Cagar Alam,Bandung,0,48.0,gunung lalakon gunung kampung jelegong desa badaraksa camat kutawaringin kabupaten bandung jawa barat milik tinggi meter gunung lalakon kenal bentuk rupa kerucut sempurna piramida ngunung lalakon kenal nama gunung sabelas puncak gunung buah tower pln jauh bentuk angka tower milik pln hubung plta saguling aman tower serta fungsi jadi perijinan gunung ketat kaget dekat puncak bambu rintang jalur tuju tutup jalur daki nselain ada tower milik pln gunung situs batu batu lawang batu pabiasan batu warung batu pupuk batu renges batu gajah batu letak puncak salah tokoh masyarakat kampung badaraksa abah acu filosofis gunung lalakon perlambang lakon hidup manusia batu batu representasi profesi lakon pilih manusia npemandangan gunung bagus sudut kabupaten bandung puncak pandang waduk saguling belah barat sisi gunung rusak aktivitas gali liar gali area cipatik sisi utara area situwangi sisi barat,gunung lalakon gunung kampung jelegong desa badaraksa camat kutawaringin kabupaten bandung jawa barat milik tinggi meter gunung lalakon kenal bentuk rupa kerucut sempurna piramida ngunung lalakon kenal nama gunung sabelas puncak gunung buah tower pln jauh bentuk angka tower milik pln hubung plta saguling aman tower serta fungsi jadi perijinan gunung ketat kaget dekat puncak bambu rintang jalur tuju tutup jalur daki nselain ada tower milik pln gunung situs batu batu lawang batu pabiasan batu warung batu pupuk batu renges batu gajah batu letak puncak salah tokoh masyarakat kampung badaraksa abah acu filosofis gunung lalakon perlambang lakon hidup manusia batu batu representasi profesi lakon pilih manusia npemandangan gunung bagus sudut kabupaten bandung puncak pandang waduk saguling belah barat sisi gunung rusak aktivitas gali liar gali area cipatik sisi utara area situwangi sisi barat cagar alam bandung,Gunung/Bukit,60
299,Sendang Geulis Kahuripan,"Wilayah ini lebih tepatnya berada di RPH Cikalong Wetan, BKPH Padalarang Perum Perhutani BKPH Bandung Utara. Dilihat dari kawasannya, mengingatkan saya kepada salah satu objek wisata yang berada di jawa tengah. Lebih tepatnya berada di klaten, Umbul Ponggok namanya. Bagi Sobat Native yang sudah pernah ke Umbul Ponggok, objek wisata sendang ini hampir sama persis. Hanya saja, di kawasan ini digunakan secara serba guna. Maksud dari serba guna adalah. Sumber mata air yang keluar dari objek wisata ini digunakan juga oleh sebagian masyarakat sekitar sebagai tempat mencuci. Tunggu dulu, jangan merasa jijik dahulu. Sumber mata air yang menghasilkan sendang ini hampir setiap menit mengalir air-air bersih.",Cagar Alam,Bandung,10000,43.0,wilayah tepat rph cikalong wetan bkph padalarang perum hutan bkph bandung utara kawasan salah objek wisata jawa tengah tepat klaten umbul ponggok nama sobat native umbul ponggok objek wisata sendang persis kawasan serba serba sumber air objek wisata masyarakat cuci tunggu jijik sumber air hasil sendang menit alir air air bersih,wilayah tepat rph cikalong wetan bkph padalarang perum hutan bkph bandung utara kawasan salah objek wisata jawa tengah tepat klaten umbul ponggok nama sobat native umbul ponggok objek wisata sendang persis kawasan serba serba sumber air objek wisata masyarakat cuci tunggu jijik sumber air hasil sendang menit alir air air bersih cagar alam bandung,Cagar Alam,60
300,Sanghyang Heuleut,"Danau yang satu ini memiliki air jernih bernuansa kehijauan yang berpadu indah dengan tebing batu berukuran besar di sekelilingnya. Di sela-sela bebatuan, kamu bisa menemukan pepohonan dan rerumputan hijau yang menyegarkan mata. Bebatuannya yang tinggi itu bahkan kerap digunakan sebagai tempat para traveler untuk meloncat indah menuju danau purba tersebut. Danau Sanghyang Heuleut memiliki kedalaman sekitar tiga meter. Jadi, sebelum kamu masuk ke dalam danau, pastikan kamu bisa berenang agar tidak tenggelam, atau setidaknya telah memiliki perlengkapan seperti jaket pelampung. _x000D_",Cagar Alam,Bandung,10000,44.0,danau milik air jernih nuansa hijau padu indah tebing batu ukur keliling bebatuan temu pohon rumput hijau segar bebatuannya tinggi kerap traveler loncat indah danau purba danau sanghyang heuleut milik dalam meter danau pasti renang tenggelam milik lengkap jaket pelampung,danau milik air jernih nuansa hijau padu indah tebing batu ukur keliling bebatuan temu pohon rumput hijau segar bebatuannya tinggi kerap traveler loncat indah danau purba danau sanghyang heuleut milik dalam meter danau pasti renang tenggelam milik lengkap jaket pelampung cagar alam bandung,Cagar Alam,60
301,Lereng Anteng Panoramic Coffee Place,"Lereng Anteng Panoramic Coffee adalah sebuah tempat tongkrongan asyik berupa cafe and resto dengan perpaduan antara kafe dan spot wisata alam. Tempat makan satu ini dibuka sejak tanggal 1 Juni 2016 lalu dengan menempati luas areal sekitar 500 m² dan hadir mengusung konsep cozy. Nama kafe ini diambil dari kata Lereng yang artinya tempat di pinggiran dataran tinggi dan Anteng (bahasa Sunda) memiliki arti tempat dengan suasana nyaman. Selain menyajikan aneka menu makanan dan minuman, Lereng Anteng Panoramic Coffe juga menyuguhkan view yang begitu luar biasa indahnya",Cagar Alam,Bandung,50000,44.0,lereng anteng panoramic coffee tongkrong asyik cafe and resto padu kafe spot wisata alam makan buka tanggal juni tempat luas areal hadir usung konsep cozy nama kafe ambil lereng pinggir datar tinggi anteng bahasa sunda milik suasana nyaman saji aneka menu makan minum lereng anteng panoramic coffe suguh view indah,lereng anteng panoramic coffee tongkrong asyik cafe and resto padu kafe spot wisata alam makan buka tanggal juni tempat luas areal hadir usung konsep cozy nama kafe ambil lereng pinggir datar tinggi anteng bahasa sunda milik suasana nyaman saji aneka menu makan minum lereng anteng panoramic coffe suguh view indah cagar alam bandung,Cagar Alam,60
302,Masjid Pusdai,"Masjid PUSDAI (pusat dakwah islam) dibangun dalam arsitektur asli di Indonesia, dengan bentuk bentuk yang khas atap Limas. Aplikasikan pada semua atap bangunannya dengan dipadu berbagia gaya arsitektur masjid masjid di seluruh penjuru dunia Islam. Uniknya daripada yang lain, ternyata ada pada bagian kubah (atap masjid) yang terbuat dari sebuah kayu. Sebagian ornamen pada masjid ini, terbuat dari kayu dan terkesan alami dan begitu kuat. Batu marmer juga ikut mendominasi bangunan masjid dengan beberapa hiasan bermotif etnis dalam pola kaligrafinya yang terdapat di bangunan masjid PUSDAI.",Tempat Ibadah,Bandung,0,47.0,masjid pusdai pusat dakwah islam bangun arsitektur asli indonesia bentuk bentuk khas atap limas aplikasi atap bangun padu berbagia gaya arsitektur masjid masjid penjuru dunia islam unik kubah atap masjid buat kayu ornamen masjid buat kayu kes alami kuat batu marmer dominasi bangun masjid hias motif etnis pola kaligrafi bangun masjid pusdai,masjid pusdai pusat dakwah islam bangun arsitektur asli indonesia bentuk bentuk khas atap limas aplikasi atap bangun padu berbagia gaya arsitektur masjid masjid penjuru dunia islam unik kubah atap masjid buat kayu ornamen masjid buat kayu kes alami kuat batu marmer dominasi bangun masjid hias motif etnis pola kaligrafi bangun masjid pusdai tempat ibadah bandung,Tempat Ibadah,60
303,Masjid Al-Imtizaj,"Masjid Al Imtizaj adalah salah satu masjid yang bernuansa oriental dan arsitektur bercorak negeri tirai bambu yang berada di Kota Bandung. Letak masjid ini lebih tepatnya berada di Jalan Banceuy nomor 8, Kota Bandung, Jawa Barat.",Tempat Ibadah,Bandung,0,47.0,masjid al imtizaj salah masjid nuansa oriental arsitektur corak negeri tirai bambu kota bandung letak masjid tepat jalan banceuy nomor kota bandung jawa barat,masjid al imtizaj salah masjid nuansa oriental arsitektur corak negeri tirai bambu kota bandung letak masjid tepat jalan banceuy nomor kota bandung jawa barat tempat ibadah bandung,Tempat Ibadah,60
304,Situ Cileunca,"Situ Cileunca yang berlokasi di Warnasari, Pangalengan, Bandung, Jawa Barat adalah sebuah danau buatan dengan luas mencapai 1.400 hektar dengan latar belakang perbukitan dan pegunungan yang indah. Selain difungsikan sebagai objek wisata, Situ Cileunca juga berfungsi sebagai pembangkit listrik tenaga air (PLTA). Air yang berasal dari danau tersebut dialirkan melalui Sungai Palayangan. Sungai ini pula yang sering dijadikan sebagai arena ber-arung jeram. Kedalaman danau mencapai 17 meter, dan sebelum tahun 1918, ini merupakan hutan belantara yang kemudian diubah menjadi situ, yang berfungsi melayani kebutuhan air masyarakat.",Cagar Alam,Bandung,2500,44.0,situ cileunca lokasi warnasari pangalengan bandung jawa barat danau buat luas capai hektar latar bukit gunung indah fungsi objek wisata situ cileunca fungsi bangkit listrik tenaga air plta air asal danau alir sungai palayangan sungai jadi arena ber arung jeram dalam danau capai meter tahun hutan belantara ubah situ fungsi layan butuh air masyarakat,situ cileunca lokasi warnasari pangalengan bandung jawa barat danau buat luas capai hektar latar bukit gunung indah fungsi objek wisata situ cileunca fungsi bangkit listrik tenaga air plta air asal danau alir sungai palayangan sungai jadi arena ber arung jeram dalam danau capai meter tahun hutan belantara ubah situ fungsi layan butuh air masyarakat cagar alam bandung,Cagar Alam,60
305,Sunrise Point Cukul,Sunrise Point Cukul merupakan salah satu tempat wisata populer bagi wisatawan untuk melihat matahari terbit di kawasan Bandung Selatan. Mereka bisa melihat sunrise dari ketinggian 1.600 meter di atas permukaan laut. Sunrise Point Cukul merupakan salah satu tempat wisata populer bagi wisatawan untuk melihat matahari terbit di kawasan Bandung Selatan. Mereka bisa melihat sunrise dari ketinggian 1.600 meter di atas permukaan laut.,Cagar Alam,Bandung,10000,46.0,sunrise point cukul salah wisata populer wisatawan matahari terbit kawasan bandung selatan sunrise tinggi meter muka laut sunrise point cukul salah wisata populer wisatawan matahari terbit kawasan bandung selatan sunrise tinggi meter muka laut,sunrise point cukul salah wisata populer wisatawan matahari terbit kawasan bandung selatan sunrise tinggi meter muka laut sunrise point cukul salah wisata populer wisatawan matahari terbit kawasan bandung selatan sunrise tinggi meter muka laut cagar alam bandung,Cagar Alam,60
306,Sungai Palayangan,"Sungai Palayangan terletak di Kawasan Objek Wisata Situ Cileunca Pangalengan Kab. Bandung, sekitar 45 Km atau kurang lebih 2 jam perjalanan dari pusat Kota Bandung. Adalah lokasi Arung Jeram yang paling Populer di Kawasan Bandung Selatan karena memiliki beberapa kelebihan dibandingkan dengan sungai-sungai yang lain.\nBerikut adalah kelebihan-kelebihan Arung Jeram di Sungai Palayangan :",Cagar Alam,Bandung,150000,46.0,sungai palayangan letak kawasan objek wisata situ cileunca pangalengan kab bandung km jam jalan pusat kota bandung lokasi arung jeram populer kawasan bandung selatan milik lebih banding sungai sungai nberikut lebih lebih arung jeram sungai palayangan,sungai palayangan letak kawasan objek wisata situ cileunca pangalengan kab bandung km jam jalan pusat kota bandung lokasi arung jeram populer kawasan bandung selatan milik lebih banding sungai sungai nberikut lebih lebih arung jeram sungai palayangan cagar alam bandung,Danau/Sungai,60
307,Perkebunan Teh Malabar,"Salah satu perkebunan teh yang cukup terkenal di Jawa Barat adalah perkebunan teh Malabar yang dibangun pada masa penjajahan kolonial Belanda tahun 1896. Perkebunan ini masuk dalam wilayah kecamatan Pangalengan Kabupaten Bandung, kira-kira 45 km dari pusat Kota Bandung. Jika anda berkunjung ke daerah ini, maka mata akan akan dimanjakan dengan aktivitas penduduk setempat yang mayoritas penduduknya menjadi pemetik teh dan memelihara sapi perah. Jadi jangan heran apabila anda memasuki daerah ini, anda akan melihat penduduk yang sedang memetik di kebun teh dan memelihara sapi. Namun, untuk mencapai perkebunan Malabar yang ada di Pangalengan ini, anda harus menempuh perjalanan yang panjang dan berkelok-kelok membuat anda harus berhati-hati.",Cagar Alam,Bandung,5000,44.0,salah kebun teh kenal jawa barat kebun teh malabar bangun jajah kolonial belanda tahun kebun wilayah camat pangalengan kabupaten bandung km pusat kota bandung kunjung daerah manja aktivitas duduk mayoritas duduk petik teh pelihara sapi perah heran pasuk daerah duduk petik kebun teh pelihara sapi capai kebun malabar pangalengan tempuh jalan kelok kelok hati hati,salah kebun teh kenal jawa barat kebun teh malabar bangun jajah kolonial belanda tahun kebun wilayah camat pangalengan kabupaten bandung km pusat kota bandung kunjung daerah manja aktivitas duduk mayoritas duduk petik teh pelihara sapi perah heran pasuk daerah duduk petik kebun teh pelihara sapi capai kebun malabar pangalengan tempuh jalan kelok kelok hati hati cagar alam bandung,Kebun/Taman,60
308,Pemandian Air Panas Ciater,"Di Subang, terdapat kawasan pemandian Air Panas Ciater yang sering menjadi incaran wisatawan. Kawasan wisata yang buka 24 jam ini memiliki suhu air sekitar 43-46 derajat celcius. Sangat cocok untuk menyegarkan badan wisatawan. Terdapat berbagai kolam pemandian air panas di sini. Baik untuk dewasa maupun anak-anak. Untuk suhu air pada kolam anak terbatas hanya mencapai 39 derajat Celcius sedangkan kolam dewasa bisa mencapai 46 derajat Celcius.",Cagar Alam,Bandung,15000,43.0,subang kawasan mandi air panas ciater incar wisatawan kawasan wisata buka jam milik suhu air derajat celcius cocok segar badan wisatawan kolam mandi air panas dewasa anak anak suhu air kolam anak batas capai derajat celcius kolam dewasa capai derajat celcius,subang kawasan mandi air panas ciater incar wisatawan kawasan wisata buka jam milik suhu air derajat celcius cocok segar badan wisatawan kolam mandi air panas dewasa anak anak suhu air kolam anak batas capai derajat celcius kolam dewasa capai derajat celcius cagar alam bandung,Cagar Alam,60
309,Observatorium Bosscha,"Observatorium Bosscha merupakan salah satu tempat peneropongan bintang tertua di Indonesia. Observatorium Bosscha (dahulu bernama Bosscha Sterrenwacht) dibangun oleh Nederlandsch-Indische Sterrenkundige Vereeniging (NISV) atau Perhimpunan Bintang Hindia Belanda. Observatorium Bosscha berlokasi di Lembang, Jawa Barat, sekitar 15 km di bagian utara Kota Bandung dengan koordinat geografis 107° 36' Bujur Timur dan 6° 49' Lintang Selatan. Tempat ini berdiri di atas tanah seluas 6 hektare, dan berada pada ketinggian 1310 meter di atas permukaan laut atau pada ketinggian 630 m dari dataran tinggi Bandung. Kode observatorium Persatuan Astronomi Internasional untuk observatorium Bosscha adalah 299. Tahun 2004, Observatorium Bosscha dinyatakan sebagai Benda Cagar Budaya oleh Pemerintah. Karena itu keberadaan Observatorium Bosscha dilindungi oleh UU Nomor 2/1992 tentang Benda Cagar Budaya. Selanjutnya, tahun 2008, Pemerintah menetapkan Observatorium Bosscha sebagai salah satu Objek Vital nasional yang harus diamankan.",Cagar Alam,Bandung,25000,45.0,observatorium bosscha salah teropong bintang tua indonesia observatorium bosscha nama bosscha sterrenwacht bangun nederlandsch indische sterrenkundige vereeniging nisv himpun bintang hindia belanda observatorium bosscha lokasi lembang jawa barat km utara kota bandung koordinat geografis bujur timur lintang selatan diri tanah luas hektare tinggi meter muka laut tinggi datar tinggi bandung kode observatorium satu astronomi internasional observatorium bosscha tahun observatorium bosscha nyata benda cagar budaya perintah ada observatorium bosscha lindung uu nomor benda cagar budaya tahun perintah tetap observatorium bosscha salah objek vital nasional aman,observatorium bosscha salah teropong bintang tua indonesia observatorium bosscha nama bosscha sterrenwacht bangun nederlandsch indische sterrenkundige vereeniging nisv himpun bintang hindia belanda observatorium bosscha lokasi lembang jawa barat km utara kota bandung koordinat geografis bujur timur lintang selatan diri tanah luas hektare tinggi meter muka laut tinggi datar tinggi bandung kode observatorium satu astronomi internasional observatorium bosscha tahun observatorium bosscha nyata benda cagar budaya perintah ada observatorium bosscha lindung uu nomor benda cagar budaya tahun perintah tetap observatorium bosscha salah objek vital nasional aman cagar alam bandung,Cagar Alam,60
310,Taman Bunga Cihideung,Taman Bunga Cihideung mempunyai pesona alam yang sederhana namun mampu menghasilkan landscape yang menyita perhatian. Pesona dari kebun / taman bunga ini padahal hanya sebatas tumbuhan sejenis bunga. Lalu ada pula beberapa daya tarik lain sehingga membuat destinasi wisata alam ini masuk ke dalam list wisata Bandung. Salah satunya yaitu area spot foto yang sangat kekinian dan instagramable yang menjadi incaran utama wisatawan remaja. Khususnya bagi para influencer yang sedang mencari latar sempurna untuk sebuah konten.,Cagar Alam,Bandung,0,41.0,taman bunga cihideung pesona alam sederhana hasil landscape sita perhati pesona kebun taman bunga batas tumbuh jenis bunga daya tarik destinasi wisata alam list wisata bandung salah satu area spot foto kini instagramable incar utama wisatawan remaja influencer cari latar sempurna konten,taman bunga cihideung pesona alam sederhana hasil landscape sita perhati pesona kebun taman bunga batas tumbuh jenis bunga daya tarik destinasi wisata alam list wisata bandung salah satu area spot foto kini instagramable incar utama wisatawan remaja influencer cari latar sempurna konten cagar alam bandung,Kebun/Taman,60
311,The Lodge Maribaya,"The Lodge Maribaya adalah salah satu tempat wisata di Lembang yang menawarkan berbagai hal pada pengunjung. Disini kita bisa melakukan berbagai akitivitas seperti camping, trekking mengelilingi area hutan pinus yang indah, acara gathering dan team building, atau bahkan hanya sekedar refreshing menikmati kuliner. Terdapat juga berbagai wahana yang pastinya instagrammable banget. Di kelilingi oleh pegunungan dengan hutan pinus yang khas, udara dan suasana disini memang segar banget. Ingin mengadakan private gathering, atau bahkan acara pernikahan disini? bisa banget. Dengan backdrop pegunungan hijau yang indah, tentunya bakal membuat acara anda lebih berkesan.",Cagar Alam,Bandung,25000,43.0,the lodge maribaya salah wisata lembang tawar unjung akitivitas camping trekking keliling area hutan pinus indah acara gathering team building dar refreshing nikmat kuliner wahana pasti instagrammable banget keliling gunung hutan pinus khas udara suasana segar banget ada private gathering acara nikah banget backdrop gunung hijau indah acara kesan,the lodge maribaya salah wisata lembang tawar unjung akitivitas camping trekking keliling area hutan pinus indah acara gathering team building dar refreshing nikmat kuliner wahana pasti instagrammable banget keliling gunung hutan pinus khas udara suasana segar banget ada private gathering acara nikah banget backdrop gunung hijau indah acara kesan cagar alam bandung,Cagar Alam,60
312,Taman Hutan Raya Ir. H. Juanda,"Taman Hutan Raya Ir. H. Djuanda (Tahura Djuanda) merupakan kawasan konservasi yang terpadu antara alam sekunder dengan hutan tanaman dengan jenis Pinus (Pinus merkusil) yang terletak di Sub-Daerah Aliran Sungai Cikapundung dan DAS Citarum yang membentang mulai dari Curug Dago, Dago Pakar sampai Curug Maribaya yang merupakan bagian dari kelompok hutan Gunung Pulosari. Tahura Djuanda terletak di sebelah utara Kota Bandung berjarak kurang lebih 7 km dari pusat kota, secara geografis berada pada 1070 30’ BT dan 60 52’ LS, secara administrasi berada di wilayah Desa Ciburial, Kecamatan Cimenyan, Kabupaten Bandung dan sebagian masuk Desa Mekarwangi, Desa Cibodas, Desa Langensari, dan Desa Wangunharja, Kecamatan Lembang, Kabupaten Bandung Barat serta Kelurahan Dago, Kecamatan Coblong, Kota Bandung.",Cagar Alam,Bandung,11000,45.0,taman hutan raya ir djuanda tahura djuanda kawasan konservasi padu alam sekunder hutan tanam jenis pinus pinus merkusil letak sub daerah alir sungai cikapundung das citarum bentang curug dago dago pakar curug maribaya kelompok hutan gunung pulosari tahura djuanda letak belah utara kota bandung jarak km pusat kota geografis bt ls administrasi wilayah desa ciburial camat cimenyan kabupaten bandung desa mekarwangi desa cibodas desa langensari desa wangunharja camat lembang kabupaten bandung barat lurah dago camat coblong kota bandung,taman hutan raya ir djuanda tahura djuanda kawasan konservasi padu alam sekunder hutan tanam jenis pinus pinus merkusil letak sub daerah alir sungai cikapundung das citarum bentang curug dago dago pakar curug maribaya kelompok hutan gunung pulosari tahura djuanda letak belah utara kota bandung jarak km pusat kota geografis bt ls administrasi wilayah desa ciburial camat cimenyan kabupaten bandung desa mekarwangi desa cibodas desa langensari desa wangunharja camat lembang kabupaten bandung barat lurah dago camat coblong kota bandung cagar alam bandung,Kebun/Taman,60
313,Taman Begonia,"Taman Begonia Bandung terletak pada ketinggian 1200 meter di atas laut. Selain balinea, ada beraneka jenis bunga lainnya seperti salvia, impatiens, geranium, dan celosia. Saking indahnya banyak orang yang menyebut setara dengan taman Himawari no Sato di Jepang. Bunga Balinea itu sendiri merupakan jenis bunga Begonia yang berasal dari Bali. Tanaman yang cocok ditanam di berbagai cuaca ini akan tumbuh di sepanjang musim. Bunga Balinea adalah tanaman yang sering ditanam di perkebunan dan pekarangan hotel serta taman kota Keistimewaan Taman Bunga Begonia bukan hanya dari keberadaan bunga dan tanaman yang ada, melainkan juga dari tatanan taman yang menarik. Warna-warni taman bunga juga dilengkapi dengan berbagai bentukan yang cocok untuk berfoto-foto. Bahkan memang banyak pengunjung yang datang ke sini hanya untuk mengabadikan keindahan tamannya. Selain itu, karena berada di dataran tinggi, para pengunjung pasti akan nyaman beraktivitas di sana dengan suhu yang sejuk dan menyegarkan.",Cagar Alam,Bandung,10000,44.0,taman begonia bandung letak tinggi meter laut balinea aneka jenis bunga salvia impatiens geranium celosia saking indah sebut tara taman himawari no sato jepang bunga balinea jenis bunga begonia asal bal tanam cocok tanam cuaca tumbuh musim bunga balinea tanam tanam kebun pekarang hotel taman kota istimewa taman bunga begonia ada bunga tanam tatanan taman tarik warna warni taman bunga lengkap bentuk cocok foto foto unjung abadi indah taman datar tinggi unjung nyaman aktivitas suhu sejuk segar,taman begonia bandung letak tinggi meter laut balinea aneka jenis bunga salvia impatiens geranium celosia saking indah sebut tara taman himawari no sato jepang bunga balinea jenis bunga begonia asal bal tanam cocok tanam cuaca tumbuh musim bunga balinea tanam tanam kebun pekarang hotel taman kota istimewa taman bunga begonia ada bunga tanam tatanan taman tarik warna warni taman bunga lengkap bentuk cocok foto foto unjung abadi indah taman datar tinggi unjung nyaman aktivitas suhu sejuk segar cagar alam bandung,Kebun/Taman,60
314,Tafso Barn,"Nama Punclut mungkin sudah cukup akrab di telinga wisatawan. Kawasan dataran tinggi di Bandung yang belakangan populer sebagai destinasi wisata. Selain menawarkan pemandangan yang indah, kawasan ini juga memiliki banyak tempat wisata untuk rekreasi. Salah satunya adalah kawasan wisata sekaligus restoran Tafso dan Boda Barn atau sering dikenal juga dengan Tafso Barn. Tempat rekreasi ini memadukan tempat makan dengan nuansa taman dan gudang yang unik. Pemandangan perbukitan yang dipotong garis horison menjadi incaran utama pengunjung. Sangat tepat nongkrong dan bersantai ketika berlibur di Bandung.",Cagar Alam,Bandung,0,42.0,nama punclut akrab telinga wisatawan kawasan datar tinggi bandung populer destinasi wisata tawar pandang indah kawasan milik wisata rekreasi salah satu kawasan wisata restoran tafso boda barn kenal tafso barn rekreasi madu makan nuansa taman gudang unik pandang bukit potong garis horison incar utama unjung nongkrong santa libur bandung,nama punclut akrab telinga wisatawan kawasan datar tinggi bandung populer destinasi wisata tawar pandang indah kawasan milik wisata rekreasi salah satu kawasan wisata restoran tafso boda barn kenal tafso barn rekreasi madu makan nuansa taman gudang unik pandang bukit potong garis horison incar utama unjung nongkrong santa libur bandung cagar alam bandung,Cagar Alam,60
315,Curug Luhur Waterfall,"Sekitaran Bandung banyak sekali curug dari yang kekinian, terlupakan, kurang terdengar sampai baru dengar. Salah satunya adalah curug Luhur Cibodas di daerah Maribaya Lembang di sekitar area ini ada 3 curug, penduduk lokal menyebutnya curug Cibodas pernah disebut juga curug Keraton .. tapi sekarang lebih dikenal curug Luhur, selain yang ini ada juga curug Lalay yang tidak terlalu tinggi dan satu lagi curug yang paling tinggi diarea sini yaitu curug Luhur .. posisinya lebih kedalam lagi sekitar 3 km dari pos masuk, masih jarang orang yang kesana_x000D_",Cagar Alam,Bandung,5000,42.0,sekitar bandung curug kini lupa dengar dengar salah satu curug luhur cibodas daerah maribaya lembang area curug duduk lokal sebut curug cibodas curug keraton kenal curug luhur curug lalay tinggi curug tinggi area curug luhur posisi dalam km pos jarang kesana,sekitar bandung curug kini lupa dengar dengar salah satu curug luhur cibodas daerah maribaya lembang area curug duduk lokal sebut curug cibodas curug keraton kenal curug luhur curug lalay tinggi curug tinggi area curug luhur posisi dalam km pos jarang kesana cagar alam bandung,Air Terjun,60
316,Curug Malela,"Curug Malela adalah salah satu destinasi alam yang berupa air terjun. Curug ini memilliki keindahan yang luar biasa. Jadi tak heran banyak para pengunjung yang datang untuk mengunjungi curug ini. Para pengunjung yang datang tidak hanya dari dalam kota saja, namun juga dari luar kota seperti DKI jakarta, Jawa Tengah, Jawa Barat dan masih banyak lagi. Curug ini memiliki ketinggian yang cukup tinggi yaitu sekitar 60 sampai 70 meter. Namun curug ini memiliki lebar yang cukup sempit yaitu sekitar 50 meter saja. Curug yang menjulang tinggi ini memiliki air yang sangat deras dan dingin. Jadi jika kamu berdiri di dekat air terjun ini siap siap pakaianmu akan basah terkena cipratan air. Air terjun Malela tidak hanya terdiri dari satu pancuran air saja, namun terdiri dari beberapa pancuran air yang berdekatan. Karena curug ini memiliki pancuran air yang berjejeran seperti air terjun niagara yang ada di Amerika, banyak para pengunjung yang menyebutnya sebagai “Niagara nya Cianjur”._x000D_",Cagar Alam,Bandung,10000,44.0,curug malela salah destinasi alam air terjun curug memilliki indah heran unjung unjung curug unjung kota kota dki jakarta jawa tengah jawa barat curug milik tinggi tinggi meter curug milik lebar sempit meter curug julang tinggi milik air deras dingin diri air terjun pakai basah kena ciprat air air terjun malela pancur air pancur air dekat curug milik pancur air jejer air terjun niagara amerika unjung sebut niagara cianjur,curug malela salah destinasi alam air terjun curug memilliki indah heran unjung unjung curug unjung kota kota dki jakarta jawa tengah jawa barat curug milik tinggi tinggi meter curug milik lebar sempit meter curug julang tinggi milik air deras dingin diri air terjun pakai basah kena ciprat air air terjun malela pancur air pancur air dekat curug milik pancur air jejer air terjun niagara amerika unjung sebut niagara cianjur cagar alam bandung,Air Terjun,60
317,Curug Cimahi,"Curug Cimahi adalah air terjun yang terletak di Jalan Kolonel Masturi, Desa Kertawangi, Kecamatan Cisarua, Kabupaten Bandung Barat, Jawa Barat. Dengan ketinggian sekitar 87 meter, menjadikan air terjun ini sebagai salah satu curug tertinggi di wilayah Bandung dan sekitarnya. Nama Cimahi berasal dari nama sungai yang mengalir di atasnya yaitu Sungai Cimahi yang berhulu di Situ (danau) Lembang dan mengalir ke Kota Cimahi. Destinasi wisata ini berjarak kurang lebih 10 kilometer dari Kota Cimahi ke arah Lembang atau 20 kilometer dari Kota Bandung.",Cagar Alam,Bandung,15000,46.0,curug cimahi air terjun letak jalan kolonel masturi desa kertawangi camat cisarua kabupaten bandung barat jawa barat tinggi meter jadi air terjun salah curug tinggi wilayah bandung nama cimahi asal nama sungai alir atas sungai cimahi hulu situ danau lembang alir kota cimahi destinasi wisata jarak kilometer kota cimahi arah lembang kilometer kota bandung,curug cimahi air terjun letak jalan kolonel masturi desa kertawangi camat cisarua kabupaten bandung barat jawa barat tinggi meter jadi air terjun salah curug tinggi wilayah bandung nama cimahi asal nama sungai alir atas sungai cimahi hulu situ danau lembang alir kota cimahi destinasi wisata jarak kilometer kota cimahi arah lembang kilometer kota bandung cagar alam bandung,Air Terjun,60
318,Situ Patenggang,"Situ Patenggang atau Situ Patengan adalah suatu danau yang terletak di kawasan objek wisata alam Bandung Selatan, Jawa Barat, Indonesia, tepatnya di Ciwidey. Terletak di ketinggian 1600 meter di atas permukaan laut, danau ini memiliki pemandangan yang sangat eksotik. Situ patenggang juga memiliki pemandangan alam yang asri, karena disekitarnya terdapat hamparan kebun teh.\nLuas Situ Patenggang sekitar 45.000 hektar. Serta total luas cagar alamnya mencapai 123.077,15 hektar. Situ patenggang selalu menjadi pilihan wisatawan terutama bagi mereka yang baru pulang dari tempat wisata Kawah Putih. Jaraknya dari wisata kawah putih hanya sekitar 7 KM dan membutuhkan waktu sekitar 10 menit saja.",Cagar Alam,Bandung,20000,45.0,situ patenggang situ patengan danau letak kawasan objek wisata alam bandung selatan jawa barat indonesia tepat ciwidey letak tinggi meter muka laut danau milik pandang eksotik situ patenggang milik pandang alam asri sekitar hampar kebun teh nluas situ patenggang hektar total luas cagar alam capai hektar situ patenggang pilih wisatawan pulang wisata kawah putih jarak wisata kawah putih km butuh waktu menit,situ patenggang situ patengan danau letak kawasan objek wisata alam bandung selatan jawa barat indonesia tepat ciwidey letak tinggi meter muka laut danau milik pandang eksotik situ patenggang milik pandang alam asri sekitar hampar kebun teh nluas situ patenggang hektar total luas cagar alam capai hektar situ patenggang pilih wisatawan pulang wisata kawah putih jarak wisata kawah putih km butuh waktu menit cagar alam bandung,Cagar Alam,60
319,Kawah Rengganis Cibuni,"Kawasan Bandung Selatan khususnya Ciwidey memang sudah dikenal sebagai destinasi wisata alam dengan panorama yang indah dan udara yang sejuk, oleh karena itu masyarakat perkotaan memilih berwisata ke Ciwidey untuk “melarikan” diri dari kesibukan mereka di Kota. Wisata Ciwidey yang satu ini tidak kalah eksotis dari Kawah Putih, Rancaupas atau Situ Patenggang. Berdasarkan catatan Sejarah Kawah Rengganis, kawah ini sudah terbentuk akibat proses alam jutaan tahun lalu. Dimana berdasarkan penelitian, Kawah Rengganis ini terbentuk dari dahsyatnya letusan Gunung Sunda Purba, khususnya Gunung Patuha, yang juga menciptakan kawah lainnya, Kawah Putih. Bukti kedahsyatan letusannya bisa kita lihat sendiri, dimana hingga saat ini di Kawah Rengganis masih tercium begitu kuat aroma bau belerang dari areal kawahnya.",Cagar Alam,Bandung,5000,43.0,kawasan bandung selatan ciwidey kenal destinasi wisata alam panorama indah udara sejuk masyarakat kota pilih wisata ciwidey lari sibuk kota wisata ciwidey kalah eksotis kawah putih rancaupas situ patenggang dasar catat sejarah kawah rengganis kawah bentuk akibat proses alam juta tahun mana dasar teliti kawah rengganis bentuk dahsyat letus gunung sunda purba gunung patuha cipta kawah kawah putih bukti dahsyat letus mana kawah rengganis cium kuat aroma bau belerang areal kawah,kawasan bandung selatan ciwidey kenal destinasi wisata alam panorama indah udara sejuk masyarakat kota pilih wisata ciwidey lari sibuk kota wisata ciwidey kalah eksotis kawah putih rancaupas situ patenggang dasar catat sejarah kawah rengganis kawah bentuk akibat proses alam juta tahun mana dasar teliti kawah rengganis bentuk dahsyat letus gunung sunda purba gunung patuha cipta kawah kawah putih bukti dahsyat letus mana kawah rengganis cium kuat aroma bau belerang areal kawah cagar alam bandung,Cagar Alam,60
320,Pemandian Air Panas Cimanggu,Air Panas Cimanggu menjadi salah satu objek wisata di Bandung yang menawarkan berbagai macam daya tarik yang dijamin mengagumkan. Tempat wisata yang satu ini juga dikenal dengan nama Cimanggu Natural Hot Spring. Menikmati pemandian air panas dan juga hijaunya pemandangan di pemandian ini pastinya bisa membuat pikiran Anda lebih rileks. Pikiran rileks pastinya akan membuat Anda lebih bersemangat saat kembali bekerja.,Cagar Alam,Bandung,23000,39.0,air panas cimanggu salah objek wisata bandung tawar daya tarik jamin kagum wisata kenal nama cimanggu natural hot spring nikmat mandi air panas hijau pandang mandi pasti pikir rileks pikir rileks pasti semangat,air panas cimanggu salah objek wisata bandung tawar daya tarik jamin kagum wisata kenal nama cimanggu natural hot spring nikmat mandi air panas hijau pandang mandi pasti pikir rileks pikir rileks pasti semangat cagar alam bandung,Cagar Alam,60
321,Glamping Lakeside Rancabali,"Glamping Lakeside Rancabali menawarkan tempat berkemah mewah yang cocok untuk Anda jadikan destinasi liburan di akhir pekan. Seperti namanya, glamping atau glamour camping terdiri dari tenda yang berisikan tempat tidur nyaman, kamar mandi di dalam ruangan, pemanas, dan berbagai amenitas layaknya hotel berbintang. Berlokasi di Jalan Raya Ciwidey Rancabali KM 1, Glamping Lakeside berada di sekitar Situ Patenggang dan perkebunan teh yang subur. Tidak heran jika pemandangan dari glamping ini begitu apik dan Instagramable untuk berfoto.",Taman Hiburan,Bandung,30000,44.0,glamping lakeside rancabali tawar kemah mewah cocok jadi destinasi libur pekan nama glamping glamour camping tenda risi tidur nyaman kamar mandi ruang panas amenitas layak hotel bintang lokasi jalan raya ciwidey rancabali km glamping lakeside situ patenggang kebun teh subur heran pandang glamping apik instagramable foto,glamping lakeside rancabali tawar kemah mewah cocok jadi destinasi libur pekan nama glamping glamour camping tenda risi tidur nyaman kamar mandi ruang panas amenitas layak hotel bintang lokasi jalan raya ciwidey rancabali km glamping lakeside situ patenggang kebun teh subur heran pandang glamping apik instagramable foto taman hiburan bandung,Danau/Sungai,60
322,Bukit Jamur,"Bukit Jamur Ciwidey adalah satu dari sekian banyak pesona wisata alam yang berada di Kecamatan Ciwidey, Kabupaten Bandung, Provinsi Jawa barat. Bukit Jamur Ciwidey memang memiliki khas wisata Ciwidey, yaitu objek wisata di tengah hamparan kebun teh, dengan udara yang sangat sejuk.Suasana saat kabut turun di area perkebunan membuat suasana menjadi romatis. Bukit Jamur Ciwidey suasananya cocok juga bagi jomblowan – jomblowati, banyak spot dengan latar alam yang indah, yang dimungkinkan mampu melupakan sang mantan.",Cagar Alam,Bandung,0,42.0,bukit jamur ciwidey sekian pesona wisata alam camat ciwidey kabupaten bandung provinsi jawa barat bukit jamur ciwidey milik khas wisata ciwidey objek wisata tengah hampar kebun teh udara sejuk suasana kabut turun area kebun suasana romatis bukit jamur ciwidey suasana cocok jomblowan jomblowati spot latar alam indah lupa sang mantan,bukit jamur ciwidey sekian pesona wisata alam camat ciwidey kabupaten bandung provinsi jawa barat bukit jamur ciwidey milik khas wisata ciwidey objek wisata tengah hampar kebun teh udara sejuk suasana kabut turun area kebun suasana romatis bukit jamur ciwidey suasana cocok jomblowan jomblowati spot latar alam indah lupa sang mantan cagar alam bandung,Gunung/Bukit,60
323,Kebun Tanaman Obat Sari Alam,"Kebun Tanaman Obat Sari Alam lebih terkenal dengan sebutan wisata pengobatan herbal, karena disana terdapat banyak sekali tanaman yang dijadikan sebagai pengobatan alternative. Kebun Tanaman Obat Sari Alam lebih dikenal oleh orang Bandung dengan sebutan KTO Sari Alam. Lokasi: Jl. Raya Ciwidey bandung km 26 no 8 rt 1 rw 2 kampung Andir, Cukanggenteng, Kec. Pasirjambu, kab Bandung, Jawa Barat 40972",Cagar Alam,Bandung,0,49.0,kebun tanam obat sari alam kenal sebut wisata obat herbal sana tanam jadi obat alternative kebun tanam obat sari alam kenal bandung sebut kto sari alam lokasi jl raya ciwidey bandung km no rt rw kampung andir cukanggenteng kec pasirjambu kab bandung jawa barat,kebun tanam obat sari alam kenal sebut wisata obat herbal sana tanam jadi obat alternative kebun tanam obat sari alam kenal bandung sebut kto sari alam lokasi jl raya ciwidey bandung km no rt rw kampung andir cukanggenteng kec pasirjambu kab bandung jawa barat cagar alam bandung,Kebun/Taman,60
324,Happyfarm Ciwidey,"Objek wisata alam dan edukasi tengah banyak menjamur akhir-akhir ini. Selain De Ranch dan Farmhouse Lembang, ada juga Happy Farm Ciwidey di Bandung. Objek wisata ini masih terbilang baru, karena baru bulan Juni 2019 ini berdiri. Konsepnya hampir sama, wisata alam dan peternakan dengan unsur edukasi. Sangat cocok menjadi tujuan wisata keluarga, terutama untuk anak-anak. Dan semakin seru karena bermain di area outdoor dengan udara sejuk._x000D_",Cagar Alam,Bandung,15000,42.0,objek wisata alam edukasi tengah jamur de ranch farmhouse lembang happy farm ciwidey bandung objek wisata bilang juni diri konsep wisata alam terna unsur edukasi cocok tuju wisata keluarga anak anak seru main area outdoor udara sejuk,objek wisata alam edukasi tengah jamur de ranch farmhouse lembang happy farm ciwidey bandung objek wisata bilang juni diri konsep wisata alam terna unsur edukasi cocok tuju wisata keluarga anak anak seru main area outdoor udara sejuk cagar alam bandung,Cagar Alam,60
325,Saung Angklung Mang Udjo,"Saung Angklung Udjo (SAU) adalah suatu tempat yang merupakan tempat pertunjukan, pusat kerajinan tangan dari bambu, dan workshop instrumen musik dari bambu. Selain itu, SAU mempunyai tujuan sebagai laboratorium kependidikan dan pusat belajar untuk memelihara kebudayaan Sunda dan khususnya angklung. Didirikan pada tahun 1966 oleh Udjo Ngalagena dan istrinya Uum Sumiati, dengan maksud untuk melestarikan dan memelihara seni dan kebudayaan tradisional Sunda. Berlokasi di Jalan Padasuka 118, Bandung Timur Jawa Barat Indonesia. Dengan suasana tempat yang segar udaranya dan dikelilingi oleh pohon-pohon bambu, dari kerajinan bambu dan interior bambu sampai alat musik bambu. Disamping pertunjukan rutin setiap sore, Saung Angklung Udjo telah berkali-kali mengadakan pertunjukan khusus yang dilakukan pada pagi atau siang hari. Pertunjukkan tersebut tidak terbatas diadakan di lokasi Saung Angklung Udjo saja, tetapi berbagai undangan tampil di berbagai tempat baik di dalam maupun di luar negeri, pada bulan Agustus tahun 2000 di Sasana Budaya Ganesha ITB, Bandung, Saung Angklung Udjo mengadakan konser kolaborasi dengan penyanyi cilik yang dijuluki Shirley Temple-nya Indonesia, yaitu Sherina. Saung Angklung Udjo tidak terbatas pada hanya menjual seni pertunjukan saja, berbagai produk alat musik bambu tradisional (angklung, arumba, calung dan lainnya) dibuat dan dijual kepada para pembeli.",Budaya,Bandung,75000,47.0,saung angklung udjo sau tunjuk pusat rajin tangan bambu workshop instrumen musik bambu sau tuju laboratorium didik pusat ajar pelihara budaya sunda angklung diri tahun udjo ngalagena istri uum sumiati lestari pelihara seni budaya tradisional sunda lokasi jalan padasuka bandung timur jawa barat indonesia suasana segar udara keliling pohon pohon bambu rajin bambu interior bambu alat musik bambu samping tunjuk rutin sore saung angklung udjo kali ada tunjuk pagi siang tunjuk batas ada lokasi saung angklung udjo undang tampil negeri agustus tahun sasana budaya ganesha itb bandung saung angklung udjo ada konser kolaborasi nyanyi cilik juluk shirley temple indonesia sherina saung angklung udjo batas jual seni tunjuk produk alat musik bambu tradisional angklung arumba calung jual beli,saung angklung udjo sau tunjuk pusat rajin tangan bambu workshop instrumen musik bambu sau tuju laboratorium didik pusat ajar pelihara budaya sunda angklung diri tahun udjo ngalagena istri uum sumiati lestari pelihara seni budaya tradisional sunda lokasi jalan padasuka bandung timur jawa barat indonesia suasana segar udara keliling pohon pohon bambu rajin bambu interior bambu alat musik bambu samping tunjuk rutin sore saung angklung udjo kali ada tunjuk pagi siang tunjuk batas ada lokasi saung angklung udjo undang tampil negeri agustus tahun sasana budaya ganesha itb bandung saung angklung udjo ada konser kolaborasi nyanyi cilik juluk shirley temple indonesia sherina saung angklung udjo batas jual seni tunjuk produk alat musik bambu tradisional angklung arumba calung jual beli budaya bandung,Budaya,60
326,Taman Kupu-Kupu Cihanjuang,"Taman Kupu-Kupu Cihanjuang Bandung ini,sepertinya telah menambah daftar objek wisata di Bandung yang unik dan menarik seperti halnya theme park Jendela Alam Bandung sekaligus bernilai edukasi yang sangat tinggi buat anak-anak dan sebagai sarana pembelajaran kepada anak kita bahwa pelestarian hewan langka dan cantik ini bisa diajarkan sejak usia dini.Dan faktanya, meskipun relatif masih anyar, namun salah satu tempat wisata keluarga di bandung ini nyatanya berhasil banyak menarik atensi atau perhatian wisatawan lokal kota Bandung maupun wisatawan luar daerah yang sedang liburan di Bandung. Lokasi Tempat wisatanya yang memang masih sangat rindang dan sejuk, ditunjang lagi dengan design interior taman kupu-kupu yang ditata sangat begitu detil dan menarik. Apabila melancong ke kawasan wisata yang satu ini, diharapkan anak-anak anda bisa memperoleh informasi tentang bagaimana proses metamorfosis seekor kupu-kupu mulai dari bibit larva hingga tumbuh besar secara sempura.",Cagar Alam,Bandung,10000,4.0,taman kupu kupu cihanjuang bandung tambah daftar objek wisata bandung unik tarik hal theme park jendela alam bandung nila edukasi tinggi anak anak sarana ajar anak lestari hewan langka cantik ajar usia fakta relatif anyar salah wisata keluarga bandung hasil tarik atensi perhati wisatawan lokal kota bandung wisatawan daerah libur bandung lokasi wisata rindang sejuk tunjang design interior taman kupu kupu tata detil tarik lancong kawasan wisata harap anak anak oleh informasi proses metamorfosis ekor kupu kupu bibit larva tumbuh sempura,taman kupu kupu cihanjuang bandung tambah daftar objek wisata bandung unik tarik hal theme park jendela alam bandung nila edukasi tinggi anak anak sarana ajar anak lestari hewan langka cantik ajar usia fakta relatif anyar salah wisata keluarga bandung hasil tarik atensi perhati wisatawan lokal kota bandung wisatawan daerah libur bandung lokasi wisata rindang sejuk tunjang design interior taman kupu kupu tata detil tarik lancong kawasan wisata harap anak anak oleh informasi proses metamorfosis ekor kupu kupu bibit larva tumbuh sempura cagar alam bandung,Kebun/Taman,60
327,Taman Miniatur Kereta Api,"Salah satu wisata yang ramai di Bandung adalah Taman Miniatur Kereta Api yang berada di taman wisata Floating Market Lembang. Dengan menghadirkan pernak-pernik kereta api secara lengkap dan sangat detail membuat taman miniatur kereta api ini seolah-olah benar hidup. Tak heran jika objek wisata ini mengundang ribuan orang untuk menikmati sekaligus belajar banyak tentang perkeretaan api baik di Indonesia maupun dunia. Taman miniatur ini menyediakan toko suvenir yang menjual beragam jenis miniatur kendaraan mulai dari mobil, pesawat dan kereta api tentunya. Selain itu, bagi pengunjung yang ingin menikmati sajian aneka ragam kuliner bisa langsung ke Floating Market Lembang. Bagi pengunjung yang berasal dari luar kota dapat menginap di hotel-hotel yang berdekatan dengan lokasi taman miniatur. Jarak hotel dari taman miniatur sekitar 200 meter sampai 1 kilometer. Hotel-hotel tersebut antara lain Grand Hotel Lembang, Hotel Cemara Asri, Hotel Buah Sinuan dan Hotel Pesona Bamboe. Tarif sewa hotel menginap semalam antara Rp 200.000 hingga Rp 1.000.000.",Taman Hiburan,Bandung,15000,44.0,salah wisata ramai bandung taman miniatur kereta api taman wisata floating market lembang hadir pernak pernik kereta api lengkap detail taman miniatur kereta api olah hidup heran objek wisata undang ribu nikmat ajar kereta api indonesia dunia taman miniatur sedia toko suvenir jual agam jenis miniatur kendara mobil pesawat kereta api unjung nikmat saji aneka ragam kuliner floating market lembang unjung asal kota inap hotel hotel dekat lokasi taman miniatur jarak hotel taman miniatur meter kilometer hotel hotel grand hotel lembang hotel cemara asri hotel buah sinu hotel pesona bamboe tarif sewa hotel inap malam rp rp,salah wisata ramai bandung taman miniatur kereta api taman wisata floating market lembang hadir pernak pernik kereta api lengkap detail taman miniatur kereta api olah hidup heran objek wisata undang ribu nikmat ajar kereta api indonesia dunia taman miniatur sedia toko suvenir jual agam jenis miniatur kendara mobil pesawat kereta api unjung nikmat saji aneka ragam kuliner floating market lembang unjung asal kota inap hotel hotel dekat lokasi taman miniatur jarak hotel taman miniatur meter kilometer hotel hotel grand hotel lembang hotel cemara asri hotel buah sinu hotel pesona bamboe tarif sewa hotel inap malam rp rp taman hiburan bandung,Kebun/Taman,60
328,Gua Pawon,"Gua Pawon adalah sebuah gua alami dan situs purbakala yang terletak di Desa Gunung Masigit, Kecamatan Cipatat, Padalarang, Kabupaten Bandung Barat, atau sekitar 25 km arah barat Kota Bandung. Merupakan sebuah tempat yang penting bagi orang Sunda karena di sanalah tempat berkumpulnya sesepuh Sunda yang sekarang menduduki bagian barat pulau Jawa. Di sana pernah ditemukan kerangka manusia purba yang konon adalah nenek moyang orang Sunda (masih diteliti di balai Arkeolog Bandung)._x000D_",Cagar Alam,Bandung,10000,45.0,gua pawon gua alami situs purbakala letak desa gunung masigit camat cipatat padalarang kabupaten bandung barat km arah barat kota bandung sunda sana kumpul sepuh sunda duduk barat pulau jawa temu kerangka manusia purba konon nenek moyang sunda teliti balai arkeolog bandung,gua pawon gua alami situs purbakala letak desa gunung masigit camat cipatat padalarang kabupaten bandung barat km arah barat kota bandung sunda sana kumpul sepuh sunda duduk barat pulau jawa temu kerangka manusia purba konon nenek moyang sunda teliti balai arkeolog bandung cagar alam bandung,Goa,60
329,Bukit Gantole Cililin,Bukit Gantole Cililin atau yang dikenal juga dengan sebutan Venue Gantole merupakan sebuah kawasan wisata yang awalnya di buka untuk tujuan terselenggaranya Porda Jabar 2010 dan Pekan Olahraga Nasional 2016 Cabang olahraga Paralayang. Kawasan wisata ini menjadi buah bibir setelah menjadi tuan rumah penyelenggaraan PON 2016. Olahraga paralayang sendiri merupakan jenis olahraga yang di lakukan di atas lereng bukit atau gunung dengan hanya memanfaatkan angin sebagai sumber utama. Oleh karenanya lokasi Bukit Gantole Cililin yang berada di ketinggian 1063 Mdpl dengan hempasan angin yang kencang sangat pas untuk olahraga ini.,Cagar Alam,Bandung,0,44.0,bukit gantole cililin kenal sebut venue gantole kawasan wisata buka tuju selenggara porda jabar pekan olahraga nasional cabang olahraga paralayang kawasan wisata buah bibir tuan rumah selenggara pon olahraga paralayang jenis olahraga laku lereng bukit gunung manfaat angin sumber utama lokasi bukit gantole cililin tinggi mdpl hempas angin kencang pas olahraga,bukit gantole cililin kenal sebut venue gantole kawasan wisata buka tuju selenggara porda jabar pekan olahraga nasional cabang olahraga paralayang kawasan wisata buah bibir tuan rumah selenggara pon olahraga paralayang jenis olahraga laku lereng bukit gunung manfaat angin sumber utama lokasi bukit gantole cililin tinggi mdpl hempas angin kencang pas olahraga cagar alam bandung,Gunung/Bukit,60
330,Bandros City Tour,"Bandros atau Bus Wisata Bandung adalah bus wisata yang beroperasi di Bandung, Jawa Barat, Indonesia.Digunakan oleh wisatawan di Kota Bandung. Bus tersebut diresmikan oleh Wali Kota Bandung Ridwan Kamil pada malam tahun baru 2014, dan pada 18 Februari 2018 diumumkan bus wisata akan melayani kota Bandung. Seorang pemimpin tur lokal akan menemani turis di dalam bus. Bandros dikelola oleh dua pihak: Dinas Perhubungan Bandung (yang terkait dengan Anggaran Pendapatan dan Belanja Daerah) dan Mang Dudung yang merupakan bagian dari Tanggung Jawab Sosial Perusahaan. Bus memiliki kapasitas 22 orang. Ada enam bus yang dioperasikan oleh divisi Corporate Social Responsibility, dan 12 bus dioperasikan oleh Anggaran Pendapatan dan Belanja Daerah yang dikelola oleh BLUD UPT Dinas Perhubungan Kota Bandung.",Budaya,Bandung,40000,44.0,bandros bus wisata bandung bus wisata operasi bandung jawa barat indonesia wisatawan kota bandung bus resmi wali kota bandung ridwan kamil malam tahun februari umum bus wisata layan kota bandung pimpin tur lokal tani turis bus bandros kelola dinas hubung bandung kait anggar dapat belanja daerah mang dudung tanggung sosial usaha bus milik kapasitas enam bus operasi divisi corporate social responsibility bus operasi anggar dapat belanja daerah kelola blud upt dinas hubung kota bandung,bandros bus wisata bandung bus wisata operasi bandung jawa barat indonesia wisatawan kota bandung bus resmi wali kota bandung ridwan kamil malam tahun februari umum bus wisata layan kota bandung pimpin tur lokal tani turis bus bandros kelola dinas hubung bandung kait anggar dapat belanja daerah mang dudung tanggung sosial usaha bus milik kapasitas enam bus operasi divisi corporate social responsibility bus operasi anggar dapat belanja daerah kelola blud upt dinas hubung kota bandung budaya bandung,Budaya,60
331,Kyotoku Floating Market,"Kyotoku Floating Market Bandung, sebuah wisata kekinian yang mengusung tema hal-hal yang berbau Jepang. Di tempat ini anda akan melihat bangunan-bangunan khas Jepang serta pemandangan bak di negeri sakura. Jepang merupakan salah satu negara selain Korea Selatan yang menjadi tujuan favorit turis dari Indonesia. Karena sudah menjadi negara maju, berkunjung ke Jepang membutuhkan biaya akomodasi yang tidak sedikit, tiket pesawat, serta proses pengurusan visa yang ribet. Tak perlu jauh-jauh pergi ke luar negeri, anda dapat menikmati berwisata dengan nuansa Jepang di Bandung. Pengelola wisata mendesain tempat ini mirip-mirip dengan Kyoto, salah satu wilayah di Jepang yang kental dengan budaya. Melihat bunga sakura yang menjadi ikon Jepangpun tak perlu menunggu bulan April, kawasan wisata ini di lengkapi dengan hiasan bunga sakura sehingga suasana Jepang terasa semakin kental. Bagi anda yang tertarik berfoto memakai kimono atau yukata dengan background ala Jepang untung dipajang di instagram. Berikut review singkat kawasan wisata ini.",Budaya,Bandung,175000,45.0,kyotoku floating market bandung wisata kini usung tema bau jepang bangun bangun khas jepang pandang bak negeri sakura jepang salah negara korea selatan tuju favorit turis indonesia negara maju kunjung jepang butuh biaya akomodasi tiket pesawat proses urus visa ribet pergi negeri nikmat wisata nuansa jepang bandung kelola wisata desain kyoto salah wilayah jepang kental budaya bunga sakura ikon jepangpun tunggu april kawasan wisata lengkap hias bunga sakura suasana jepang kental tarik foto pakai kimono yukata background ala jepang untung pajang instagram review singkat kawasan wisata,kyotoku floating market bandung wisata kini usung tema bau jepang bangun bangun khas jepang pandang bak negeri sakura jepang salah negara korea selatan tuju favorit turis indonesia negara maju kunjung jepang butuh biaya akomodasi tiket pesawat proses urus visa ribet pergi negeri nikmat wisata nuansa jepang bandung kelola wisata desain kyoto salah wilayah jepang kental budaya bunga sakura ikon jepangpun tunggu april kawasan wisata lengkap hias bunga sakura suasana jepang kental tarik foto pakai kimono yukata background ala jepang untung pajang instagram review singkat kawasan wisata budaya bandung,Budaya,60
332,Rainbow Garden,"Rainbow Garden Harapan Indah salah satu taman rekreasi yang terutama cocok untuk keluarga. Berkonsep ‘eat and play’, Rainbow Garden Bekasi memadukan arena permainan anak dengan wisata kuliner. Berbagai wahana dan aktivitas tersedia di taman wisata penuh warna seluas 3000 m2 ini.",Cagar Alam,Bandung,20000,46.0,rainbow garden harap indah salah taman rekreasi cocok keluarga konsep eat and play rainbow garden bekas madu arena main anak wisata kuliner wahana aktivitas sedia taman wisata penuh warna luas,rainbow garden harap indah salah taman rekreasi cocok keluarga konsep eat and play rainbow garden bekas madu arena main anak wisata kuliner wahana aktivitas sedia taman wisata penuh warna luas cagar alam bandung,Kebun/Taman,60
333,Kota Mini,"Destinasi yang sangat menarik bernuansa eropa lengkap dengan fasilitas publiknya membuat anda seolah-olah sedang berada di eropa. Ada rumah sakit, kantor polisi, box telepon, cafe-café pinggir jalan, dan bangunan-bangunan klasik lainnya. Masih satu kompleks dengan Floating Market, tempat wisata ini menyajikan arsitektur eropa klasik yang begitu kental, dijamin anda akan enggan beranjak.",Taman Hiburan,Bandung,20000,44.0,destinasi tarik nuansa eropa lengkap fasilitas publik olah eropa rumah sakit kantor polisi box telepon cafe caf pinggir jalan bangun bangun klasik kompleks floating market wisata saji arsitektur eropa klasik kental jamin enggan anjak,destinasi tarik nuansa eropa lengkap fasilitas publik olah eropa rumah sakit kantor polisi box telepon cafe caf pinggir jalan bangun bangun klasik kompleks floating market wisata saji arsitektur eropa klasik kental jamin enggan anjak taman hiburan bandung,Taman Hiburan,60
334,Chingu Cafe Little Seoul,"Selain populer karena memiliki pemandangan yang indah dan hawa yang sejuk, Bandung juga menawarkan banyak destinasi wisata kreatif. Taman kota, museum, hingga tempat makan pun tidak luput dari keunikan dan daya tariknya masing-masing. Salah satunya adalah Little Seoul Bandung yang berada di area Chingu Café. Area luar ruangan di kafe ini disulap menyerupai suasana Jalan Dongdaemun di Seoul, Korea Selatan. Tanpa perlu jauh-jauh terbang ke Negeri Ginseng, pengunjung bisa merasakan suasana Seoul di sini._x000D_",Taman Hiburan,Bandung,50000,45.0,populer milik pandang indah hawa sejuk bandung tawar destinasi wisata kreatif taman kota museum makan luput uni daya tarik salah satu little seoul bandung area chingu caf area ruang kafe sulap rupa suasana jalan dongdaemun seoul korea selatan terbang negeri ginseng unjung rasa suasana seoul,populer milik pandang indah hawa sejuk bandung tawar destinasi wisata kreatif taman kota museum makan luput uni daya tarik salah satu little seoul bandung area chingu caf area ruang kafe sulap rupa suasana jalan dongdaemun seoul korea selatan terbang negeri ginseng unjung rasa suasana seoul taman hiburan bandung,Taman Hiburan,60
335,Candi Gedong Songo,"Candi Gedong Songo (bahasa Jawa: ꦕꦤ꧀ꦝꦶ​ꦒꦼꦝꦺꦴꦁ​ꦱꦔ, translit. Candhi Gedhong Sanga) adalah nama sebuah kompleks bangunan candi peninggalan budaya Hindu yang terletak di desa Candi, Kecamatan Bandungan, Kabupaten Semarang, Jawa Tengah, Indonesia tepatnya di lereng Gunung Ungaran. Di kompleks candi ini terdapat sembilan buah candi.\nCandi ini diketemukan oleh Raffles pada tahun 1804 dan merupakan peninggalan budaya Hindu dari zaman Wangsa Syailendra abad ke-9 (tahun 927 masehi).Candi ini memiliki persamaan dengan kompleks Candi Dieng di Wonosobo. Candi ini terletak pada ketinggian sekitar 1.200 m di atas permukaan laut sehingga suhu udara di sini cukup dingin (berkisar antara 19-27 °C)\nLokasi sembilan candi yang tersebar di lereng Gunung Ungaran ini memiliki pemandangan alam yang indah. Selain itu, objek wisata ini juga dilengkapi dengan pemandian air panas dari mata air yang mengandung belerang, area perkemahan, dan wisata berkuda.",Budaya,Semarang,10000,45.0,candi gedong songo bahasa jawa translit candhi gedhong sanga nama kompleks bangun candi tinggal budaya hindu letak desa candi camat bandung kabupaten semarang jawa tengah indonesia tepat lereng gunung ungar kompleks candi sembilan buah candi ncandi ketemu raffles tahun tinggal budaya hindu zaman wangsa syailendra abad tahun masehi candi milik sama kompleks candi dieng wonosobo candi letak tinggi muka laut suhu udara dingin kisar nlokasi sembilan candi sebar lereng gunung ungar milik pandang alam indah objek wisata lengkap mandi air panas air kandung belerang area kemah wisata kuda,candi gedong songo bahasa jawa translit candhi gedhong sanga nama kompleks bangun candi tinggal budaya hindu letak desa candi camat bandung kabupaten semarang jawa tengah indonesia tepat lereng gunung ungar kompleks candi sembilan buah candi ncandi ketemu raffles tahun tinggal budaya hindu zaman wangsa syailendra abad tahun masehi candi milik sama kompleks candi dieng wonosobo candi letak tinggi muka laut suhu udara dingin kisar nlokasi sembilan candi sebar lereng gunung ungar milik pandang alam indah objek wisata lengkap mandi air panas air kandung belerang area kemah wisata kuda budaya semarang,Candi/Keraton,60
336,Grand Maerakaca,"Masyarakat Jawa Tengah mungkin sudah tidak asing dengan nama “Puri Maerokoco”. Taman wisata ini merupakan “Taman Mini” versi Jawa Tengah yang menyajikan replika dan miniatur bangunan khas dari berbagai daerah di Jawa Tengah. Saat ini, Puri Maerakaca sudah berganti nama menjadi Grand Maerakaca. Dengan wahana yang lebih bervariasi, taman rekreasi ini menjadi salah satu destinasi wisata di Semarang yang cocok untuk rekreasi keluarga.",Taman Hiburan,Semarang,15000,44.0,masyarakat jawa tengah asing nama puri maerokoco taman wisata taman mini versi jawa tengah saji replika miniatur bangun khas daerah jawa tengah puri maerakaca ganti nama grand maerakaca wahana variasi taman rekreasi salah destinasi wisata semarang cocok rekreasi keluarga,masyarakat jawa tengah asing nama puri maerokoco taman wisata taman mini versi jawa tengah saji replika miniatur bangun khas daerah jawa tengah puri maerakaca ganti nama grand maerakaca wahana variasi taman rekreasi salah destinasi wisata semarang cocok rekreasi keluarga taman hiburan semarang,Taman Hiburan,60
337,Kampung Pelangi,"Kampung pelangi atau dalam bahasa Inggris disebut Rainbow Village merupakan sebutan untuk daerah atau kampung yang rumah-rumah penduduknya dicat dengan warna-warni. Sebenarnya Kampung Pelangi pada awalnya merupakan daerah kumuh yang dikemudian secara kreatif diubah menjadi daerah yang menarik untuk dijadikan sebagai destinasi wisata, terutama bagi masyarakat yang senang atau sedang mencari spot yang menarik untuk mengabadikan momen.\nBanyak daerah-daerah di Indonesia, terutama di jawa memliki tempat yang disebut Kampung pelangi, antara lain di Malang, Semarang, Jakarta, Bandung, dan kota-kota lainnya. Contoh kampung seperti ini yaitu, kampung warna-warni di Jodipan dan Tridi, Kota Malang, Jawa Timur.",Taman Hiburan,Semarang,3000,43.0,kampung pelangi bahasa inggris rainbow village sebut daerah kampung rumah rumah duduk cat warna warni kampung pelangi daerah kumuh kemudi kreatif ubah daerah tarik jadi destinasi wisata masyarakat senang cari spot tarik abadi momen nbanyak daerah daerah indonesia jawa memliki kampung pelangi malang semarang jakarta bandung kota kota contoh kampung kampung warna warni jodipan tridi kota malang jawa timur,kampung pelangi bahasa inggris rainbow village sebut daerah kampung rumah rumah duduk cat warna warni kampung pelangi daerah kumuh kemudi kreatif ubah daerah tarik jadi destinasi wisata masyarakat senang cari spot tarik abadi momen nbanyak daerah daerah indonesia jawa memliki kampung pelangi malang semarang jakarta bandung kota kota contoh kampung kampung warna warni jodipan tridi kota malang jawa timur taman hiburan semarang,Taman Hiburan,60
338,Lawang Sewu,"Lawang Sewu (""Seribu Pintu"") (bahasa Jawa: ꦭꦮꦁ​ꦱꦺꦮꦸ, translit. Lawang Sèwu) adalah landmark di Semarang, Jawa Tengah, Indonesia, yang dibangun sebagai kantor pusat Perusahaan Kereta Api Hindia Belanda. Bangunan era kolonial terkenal sebagai rumah berhantu dan lokasi syuting, meskipun pemerintah kota Semarang telah berusaha mengubah citra itu.",Budaya,Semarang,10000,46.0,lawang sewu ribu pintu bahasa jawa translit lawang wu landmark semarang jawa tengah indonesia bangun kantor pusat usaha kereta api hindia belanda bangun era kolonial kenal rumah hantu lokasi syuting perintah kota semarang usaha ubah citra,lawang sewu ribu pintu bahasa jawa translit lawang wu landmark semarang jawa tengah indonesia bangun kantor pusat usaha kereta api hindia belanda bangun era kolonial kenal rumah hantu lokasi syuting perintah kota semarang usaha ubah citra budaya semarang,Budaya,60
339,Sam Poo Kong Temple,"Sam Poo Kong (Hanzi: ; Pinyin: Sānbǎo Dòng), juga dikenal sebagai Kuil Gedung Batu, adalah kuil Tionghoa tertua di Semarang, Jawa Tengah, Indonesia. Awalnya didirikan oleh penjelajah Muslim Tionghoa Zheng He (juga dikenal sebagai Sanbao), sekarang dibagi oleh orang Indonesia dari berbagai denominasi agama, termasuk Muslim dan Budha, dan etnis, termasuk Tionghoa dan Jawa.",Budaya,Semarang,35000,45.0,sam poo kong hanzi pinyin nb ng kenal kuil gedung batu kuil tionghoa tua semarang jawa tengah indonesia diri jelajah muslim tionghoa zheng he kenal sanbao bagi indonesia denominasi agama muslim budha etnis tionghoa jawa,sam poo kong hanzi pinyin nb ng kenal kuil gedung batu kuil tionghoa tua semarang jawa tengah indonesia diri jelajah muslim tionghoa zheng he kenal sanbao bagi indonesia denominasi agama muslim budha etnis tionghoa jawa budaya semarang,Candi/Keraton,60
340,Desa Wisata Lembah Kalipancur,"Wisata alam tengah menjadi sorotan bagi dunia pariwisata. Wisata alam tidak hanya pegunungan, danau, hutan, air terjun, atau pantai. Tapi juga merambah ke konsep pedesaan, seperti Desa Wisata Lembah Kalipancur. Tempat wisata ini menawarkan rekreasi berkonsep pedesaan yang ada di Kota Semarang. Meskipun berkonsep pedesaan, lokasinya tidak jauh dari pusat kota. Dan objek wisata yang sudah lama berdiri ini, masih tetap diminati oleh wisatawan.",Taman Hiburan,Semarang,0,39.0,wisata alam tengah sorot dunia pariwisata wisata alam gunung danau hutan air terjun pantai rambah konsep desa desa wisata lembah kalipancur wisata tawar rekreasi konsep desa kota semarang konsep desa lokasi pusat kota objek wisata diri mati wisatawan,wisata alam tengah sorot dunia pariwisata wisata alam gunung danau hutan air terjun pantai rambah konsep desa desa wisata lembah kalipancur wisata tawar rekreasi konsep desa kota semarang konsep desa lokasi pusat kota objek wisata diri mati wisatawan taman hiburan semarang,Taman Hiburan,60
341,Hutan Wisata Tinjomoyo Semarang,"Awalnya taman wisata hutan Tinjomoyo Semarang (smg) ini merupakan sebuah kebun binatang dengan ragam binatang hutan di dalamnya. Namun terjadi banjir besar, hingga memutuskan jembatan besar yang menjadi akses utama menuju hutan wisata. Hutan Tinjomoyo sendiri memiliki kontur wilayah dengan perpaduan bukit, sungai dan hutan. Tumbuhan yang paling banyak terdapat di sini adalah vegetasi pohon jati serta pinus. Oleh karena itu, tak heran jika kawasan ini cocok sekali dijadikan hutan wisata yang masih alami.Dengan luas lahan 57,5 hektare area tersebut lebih sering dimanfaatkan sebagai tempat berkemah",Cagar Alam,Semarang,3000,43.0,taman wisata hutan tinjomoyo semarang smg kebun binatang ragam binatang hutan dalam banjir putus jembatan akses utama hutan wisata hutan tinjomoyo milik kontur wilayah padu bukit sungai hutan tumbuh vegetasi pohon jati pinus heran kawasan cocok jadi hutan wisata alami luas lahan hektare area manfaat kemah,taman wisata hutan tinjomoyo semarang smg kebun binatang ragam binatang hutan dalam banjir putus jembatan akses utama hutan wisata hutan tinjomoyo milik kontur wilayah padu bukit sungai hutan tumbuh vegetasi pohon jati pinus heran kawasan cocok jadi hutan wisata alami luas lahan hektare area manfaat kemah cagar alam semarang,Kebun/Taman,60
342,Taman Kasmaran,"Taman Kasmaran terletak di sebelah kiri Pasar Bunga. Gedung food court dan Taman Kasmaran dibangun dua lantai. Lantai bawah utuk spot dijadikan wisata kuliner, sementara lantai atas menjadi taman. Tidak sekadar taman biasa, Taman Kasmaran itu dilengkapi dengan pemandangan yang amat menarik dengan background Kampung Pelangi. Taman Kasmaran cukup luas, dilengkapi perabotan kursi dan meja ala kafe. Lokasi baru ini diyakini akan menjadi spot alternatif selfie terbaru di Kota Semarang.",Taman Hiburan,Semarang,3000,45.0,taman kasmaran letak belah kiri pasar bunga gedung food court taman kasmaran bangun lantai lantai utuk spot jadi wisata kuliner lantai taman taman taman kasmaran lengkap pandang tarik background kampung pelangi taman kasmaran luas lengkap perabot kursi meja ala kafe lokasi yakin spot alternatif selfie baru kota semarang,taman kasmaran letak belah kiri pasar bunga gedung food court taman kasmaran bangun lantai lantai utuk spot jadi wisata kuliner lantai taman taman taman kasmaran lengkap pandang tarik background kampung pelangi taman kasmaran luas lengkap perabot kursi meja ala kafe lokasi yakin spot alternatif selfie baru kota semarang taman hiburan semarang,Kebun/Taman,60
343,Pantai Baruna,"kunjungi Pantai Baruna yang berada di Kota Semarang, Jawa Tengah! Pantai yang satu ini akan memberikan pengalaman wisata yang berbeda. Pasalnya, di sini tidak ada hamparan pasir. Memang Pantai Baruna merupakan objek wisata ‘tidak resmi’ milik Kota Semarang. Pantai ini berada di belakang kawasan pabrik semen. Sehingga tidak ada kepadatan wisatawan atau tempat berselancar di sini. Yang ada hanyalah hamparan padang rumput dan ilalang di hadapan Laut Jawa yang tenang.",Bahari,Semarang,3000,4.0,kunjung pantai baruna kota semarang jawa tengah pantai alam wisata beda pasal hampar pasir pantai baruna objek wisata resmi milik kota semarang pantai kawasan pabrik semen padat wisatawan selancar hampar padang rumput ilalang hadap laut jawa tenang,kunjung pantai baruna kota semarang jawa tengah pantai alam wisata beda pasal hampar pasir pantai baruna objek wisata resmi milik kota semarang pantai kawasan pabrik semen padat wisatawan selancar hampar padang rumput ilalang hadap laut jawa tenang bahari semarang,Pantai/Bahari,60
344,Pantai Marina,"Pantai Marina (bahasa Jawa: ꦥꦱꦶꦱꦶꦂ​ꦩꦫꦶꦤ, translit. Pasisir Marina) adalah salah satu objek wisata pantai yang berada di kota Semarang, Jawa Tengah. Pantai ini menyimpan pemandangan eksotis khas kota Semarang. Dahulu, tempat ini merupakan hutan bakau dan tambak, tapi pemerintah setempat mengubahnya menjadi tempat rekreasi dengan cara reklamasi daratan. Hasil reklamasi dari hutan bakau ini, sekarang berupa perumahan, pertokoan, dan perkantoran, di sebelah selatan pantai._x000D_",Bahari,Semarang,3000,41.0,pantai marina bahasa jawa translit pasisir marina salah objek wisata pantai kota semarang jawa tengah pantai simpan pandang eksotis khas kota semarang hutan bakau tambak perintah ubah rekreasi reklamasi darat hasil reklamasi hutan bakau rumah toko kantor belah selatan pantai,pantai marina bahasa jawa translit pasisir marina salah objek wisata pantai kota semarang jawa tengah pantai simpan pandang eksotis khas kota semarang hutan bakau tambak perintah ubah rekreasi reklamasi darat hasil reklamasi hutan bakau rumah toko kantor belah selatan pantai bahari semarang,Pantai/Bahari,60
345,Kampoeng Djadhoel Semarang,"Kampoeng Djadhoel terletak di Kampung Batik Semarang tepatnya di Kampung Batik Tengah RT 04/ RW 02 Kelurahan Rejomulyo, Kecamatan Semarang Timur. Penamaan Kampoeng Djadhoel ini tercetus sejak 18 Desember 2016 oleh Ignatius Luwiyanto (50) warga Kampung Batik Tengah. Sejarah Indonesia menjadi latar belakang penamaan KampoengDjadhoel.",Budaya,Semarang,10000,47.0,kampoeng djadhoel letak kampung batik semarang tepat kampung batik tengah rt rw lurah rejomulyo camat semarang timur nama kampoeng djadhoel cetus desember ignatius luwiyanto warga kampung batik tengah sejarah indonesia latar nama kampoengdjadhoel,kampoeng djadhoel letak kampung batik semarang tepat kampung batik tengah rt rw lurah rejomulyo camat semarang timur nama kampoeng djadhoel cetus desember ignatius luwiyanto warga kampung batik tengah sejarah indonesia latar nama kampoengdjadhoel budaya semarang,Budaya,60
346,Indonesia Kaya Park,"Lokasi Taman Indonesia Kaya yang berada di pusat kota Semarang, membuat taman seluas 5.000 meter persegi ini bisa difungsikan sebagai wadah berkesenian komunitas seniman Jawa Tengah. Di sini ada Panggung Budaya yang dibangun dengan dua sisi yang semuanya bisa digunakan. Lalu ada Taman Pandawa Lima yang dibuat oleh Komroden Haro, Pelataran Penikmat Seni, Amphitheater, Area Hijau, Gerbang Mural karya lima seniman muda Semarang, dan tak ketinggalan ada Air Mancur Menari. Air Mancur Menari ini dibangun oleh Pemerintah Kota Semarang yang dapat bergerak mengikuti alunan musik klasik dan lagu-lagu perjuangan Indonesia. Air Mancur Menari tersebut dijadwalkan akan menyala setiap hari pada pukul 19.00 - 20.00 dan sampai pukul 21.00 di akhir pekan.",Taman Hiburan,Semarang,0,46.0,lokasi taman indonesia kaya pusat kota semarang taman luas meter persegi fungsi wadah nian komunitas seniman jawa tengah panggung budaya bangun sisi taman pandawa komroden haro latar nikmat seni amphitheater area hijau gerbang mural karya seniman muda semarang tinggal air mancur tari air mancur tari bangun perintah kota semarang gerak ikut alun musik klasik lagu lagu juang indonesia air mancur tari jadwal nyala pekan,lokasi taman indonesia kaya pusat kota semarang taman luas meter persegi fungsi wadah nian komunitas seniman jawa tengah panggung budaya bangun sisi taman pandawa komroden haro latar nikmat seni amphitheater area hijau gerbang mural karya seniman muda semarang tinggal air mancur tari air mancur tari bangun perintah kota semarang gerak ikut alun musik klasik lagu lagu juang indonesia air mancur tari jadwal nyala pekan taman hiburan semarang,Taman Hiburan,60
347,Taman Pandanaran,"Dalam sejarah yang tercatat, dulunya tempat ini merupakan kawasan SPBU yang tak begitu laku. Bekas SPBU tersebut dirombak total menjadi sebuah taman. Konon, luas tanah 600 meter persegi tersebut direnovasi menjadi taman dengan dana sekitar Rp1,8 M. Taman Pandanaran ini beralamatkan di Jalan Pandanaran, Mugassari, Semarang Selatan. Tepatnya, berada di pertigaan antara Jalan Pandanaran dan Jalan MH.Thamrin. Sayangnya, untuk mendapatkan parkir di sini cukup susah. Beberapa pengunjung bahkan harus memarkirkan kendaraannya di depan warung makan di sekitaran taman.",Taman Hiburan,Semarang,0,44.0,sejarah catat dulunya kawasan spbu bekas spbu rombak total taman konon luas tanah meter persegi renovasi taman dana rp taman pandanaran alamat jalan pandanaran mugassari semarang selatan tepat tiga jalan pandanaran jalan mh thamrin sayang parkir susah unjung parkir kendara warung makan sekitar taman,sejarah catat dulunya kawasan spbu bekas spbu rombak total taman konon luas tanah meter persegi renovasi taman dana rp taman pandanaran alamat jalan pandanaran mugassari semarang selatan tepat tiga jalan pandanaran jalan mh thamrin sayang parkir susah unjung parkir kendara warung makan sekitar taman taman hiburan semarang,Kebun/Taman,60
348,Pura Giri Natha,"Awal berdirinya Pura Agung Giri Natha tidak terlepas dari hadirnya pemeluk umat Hindu dari berbagai daerah yang mulai berdatangan dan menetap di Semarang. Sebelum menetap, umat Hindu yang ada di Semarang awalnya datang untuk bekerja dan mencari ilmu. Sekitar tahun 1967/1968 para pemeluk agama Hindu yang ada di Semarang mengusulkan kepada pemerintah Semarang, untuk dibangunnya tempat peribadatan. Karena sebelumnya umat Hindu ketika melaksanakan sembahyang lokasinya dari rumah ke rumah. Setuju dengan usulan tersebut, akhirnya pemerintah Semarang memberikan pilihan beragam lokasi yang sekira tepat dan pas untuk dibangun sebuah tempat suci yakni pura.",Budaya,Semarang,20000,47.0,diri pura agung giri natha lepas hadir peluk umat hindu daerah tetap semarang tetap umat hindu semarang cari ilmu tahun peluk agama hindu semarang usul perintah semarang bangun ibadat umat hindu laksana sembahyang lokasi rumah rumah tuju usul perintah semarang pilih agam lokasi sekira pas bangun suci pura,diri pura agung giri natha lepas hadir peluk umat hindu daerah tetap semarang tetap umat hindu semarang cari ilmu tahun peluk agama hindu semarang usul perintah semarang bangun ibadat umat hindu laksana sembahyang lokasi rumah rumah tuju usul perintah semarang pilih agam lokasi sekira pas bangun suci pura budaya semarang,Candi/Keraton,60
349,Wisata Mangrove Tapak,"Wisata hutan mangrove Semarang hampir tak pernah sepi dikunjungi wisatawan. Tak jarang pengunjung yang datang ke wisata cantik ini baik berswafoto maupun sekedar jalan-jalan menapaik selasar kayu. Obyek ini pun juga instagramable dan pas dibagikan di sosmed, bahkan banyak diburu oleh mereka yang berkecimpung di bidang fotografi.",Cagar Alam,Semarang,5000,43.0,wisata hutan mangrove semarang sepi kunjung wisatawan jarang unjung wisata cantik berswafoto dar jalan jalan menapaik selasar kayu obyek instagramable pas bagi sosmed buru kecimpung bidang fotografi,wisata hutan mangrove semarang sepi kunjung wisatawan jarang unjung wisata cantik berswafoto dar jalan jalan menapaik selasar kayu obyek instagramable pas bagi sosmed buru kecimpung bidang fotografi cagar alam semarang,Cagar Alam,60
350,Pantai Cipta,"Pantai Cipta juga dikenal sebagai Pantai Petikemas, karena jarak dan letaknya dekat dengan Pantai Petikemas. Tempat wisata di semarang Pantai Cipta hanya memiliki sedikit hamparan pasir dan didominasi bebatuan. Pantai Cipta menjadi satu destinasi wisata favorit bagi warga Semarang karena mempunyai keunikan dari pemandangan hingga lingkungan sekitarnya. Berfoto selfie menjadi kegiatan utama di pantai tersebut karena banyak spot menarik yang bisa diabadikan. Pada akhir pekan atau hari libur panjang, para wisatawan sering memenuhi Pantai Cipta untuk sekedar melihat pemandangan pantai. Namun pantai Cipta ini memiliki ombak yang tenang, sehingga aman digunakan untuk berenang. Dipantai Cipta sendiri terdapat banyak ilalang yang menambah indah pemandangan dan menjadi surga para pemburu selfie. Keberadaan ilalang inilah yang menjadi daya tarik para pengunjung untuk datang ke pantai Cipta hanya sekedar untuk berselfie._x000D_",Bahari,Semarang,5000,4.0,pantai cipta kenal pantai petikemas jarak letak pantai petikemas wisata semarang pantai cipta milik hampar pasir dominasi bebatuan pantai cipta destinasi wisata favorit warga semarang uni pandang lingkung foto selfie giat utama pantai spot tarik abadi pekan libur wisatawan penuh pantai cipta dar pandang pantai pantai cipta milik ombak tenang aman renang pantai cipta ilalang tambah indah pandang surga buru selfie ada ilalang daya tarik unjung pantai cipta dar berselfie,pantai cipta kenal pantai petikemas jarak letak pantai petikemas wisata semarang pantai cipta milik hampar pasir dominasi bebatuan pantai cipta destinasi wisata favorit warga semarang uni pandang lingkung foto selfie giat utama pantai spot tarik abadi pekan libur wisatawan penuh pantai cipta dar pandang pantai pantai cipta milik ombak tenang aman renang pantai cipta ilalang tambah indah pandang surga buru selfie ada ilalang daya tarik unjung pantai cipta dar berselfie bahari semarang,Pantai/Bahari,60
351,Old City 3D Trick Art Museum,"Destinasi wisata kekinian satu ini memang tengah naik daun di banyak kota termasuk Semarang. Salah satunya Old City 3D Trick Art Museum, museum dengan tema Seni 3 Dimensi yang menyuguhkan sensasi berbeda dari museum biasa. Karena di dalamnya dipamerkan aneka karya seni 3 dimensi yang atraktif untuk berfoto. Destinasi wisata ini masih terus ramai kunjungan lantaran terus berinovasi. Setiap 3 bulan sekali, pihak pengelola akan mengganti tema atau instalasi karya seninya sehingga pengunjung bisa datang berkali-kali tanpa bosan.",Budaya,Semarang,50000,44.0,destinasi wisata kini tengah daun kota semarang salah satu old city trick art museum museum tema seni dimensi suguh sensasi beda museum dalam pamer aneka karya seni dimensi atraktif foto destinasi wisata ramai kunjung lantar inovasi kelola ganti tema instalasi karya seni unjung kali bosan,destinasi wisata kini tengah daun kota semarang salah satu old city trick art museum museum tema seni dimensi suguh sensasi beda museum dalam pamer aneka karya seni dimensi atraktif foto destinasi wisata ramai kunjung lantar inovasi kelola ganti tema instalasi karya seni unjung kali bosan budaya semarang,Museum,60
352,GPIB Immanuel Semarang (Gereja Blenduk),"GPIB Immanuel Semarang (populer dengan nama Gereja Blenduk, kadang-kadang dieja Gereja Blendug, dan sering kali dilafazkan sebagai mBlendhug) (bahasa Jawa: ꦒꦿꦺꦗ​ꦧ꧀ꦭꦼꦤ꧀ꦝꦸꦏ꧀, translit. Gréja Blendhuk) adalah Gereja Kristen tertua di Jawa Tengah yang dibangun oleh masyarakat Belanda yang tinggal di kota itu pada 1753, dengan bentuk oktagonal (persegi delapan). Gereja ini sesungguhnya bernama Gereja GPIB Immanuel, di Jl. Letjend. Suprapto 32. Kubahnya besar, dilapisi perunggu, dan di dalamnya terdapat sebuah orgel Barok. Arsitektur di dalamnya dibuat berdasarkan salib Yunani. Gereja ini direnovasi pada 1894 oleh W. Westmaas dan H.P.A. de Wilde, yang menambahkan kedua menara di depan gedung gereja ini. Nama Blenduk adalah julukan dari masyarakat setempat yang berarti kubah. Gereja ini hingga sekarang masih dipergunakan setiap hari Minggu. Di sekitar gereja ini juga terdapat sejumlah bangunan lain dari masa kolonial Belanda._x000D_",Tempat Ibadah,Semarang,0,46.0,gpib immanuel semarang populer nama gereja blenduk kadang kadang eja gereja blendug dilafazkan mblendhug bahasa jawa translit gr ja blendhuk gereja kristen tua jawa tengah bangun masyarakat belanda tinggal kota bentuk oktagonal persegi delapan gereja sungguh nama gereja gpib immanuel jl letjend suprapto kubah lapis perunggu dalam orgel barok arsitektur dalam dasar salib yunani gereja renovasi westmaas de wilde menara gedung gereja nama blenduk juluk masyarakat kubah gereja minggu gereja bangun kolonial belanda,gpib immanuel semarang populer nama gereja blenduk kadang kadang eja gereja blendug dilafazkan mblendhug bahasa jawa translit gr ja blendhuk gereja kristen tua jawa tengah bangun masyarakat belanda tinggal kota bentuk oktagonal persegi delapan gereja sungguh nama gereja gpib immanuel jl letjend suprapto kubah lapis perunggu dalam orgel barok arsitektur dalam dasar salib yunani gereja renovasi westmaas de wilde menara gedung gereja nama blenduk juluk masyarakat kubah gereja minggu gereja bangun kolonial belanda tempat ibadah semarang,Tempat Ibadah,60
353,Taman Srigunting,"Merupakan salah satu landmark di Kawasan Kota Lama Semarang, Taman Srigunting pada masa kolonial belanda berwujud parade plein untuk panggung parade, kini menjadi sebuah ruang terbuka berupa taman yang menjadi salah satu tempat untuk berkumpul atau berkegiatan komunitas. Taman Srigunting berada di Jalan Letjen Suprapto 32 Kawasan Kota Lama, di sisi selatan terdapat Gedung Marba, di barat daya terdapat Gedung Jiwasraya, di sisi barat terdapat Gereja Blenduk serta di sisi timur terdapat Gedung Kerta Niaga. Taman ini beberapa kali mengalami renovasi, seperti pada tahun 2001 dan tahun 2004. Pada tahun 2001, Taman Srigunting dikembalikan pada fungsi raung terbuka untuk rekreatif, setelah sebelumnya merupakan taman pasif. Pada tahun 2004 renovasi taman ini dengan membuat jalan masuk pada masing-masing sisi, hingga terdapat empat jalan masuk. Dan di tengah tengah dibuat tiang lampu penerangan yang bercabang empat untuk menerangi empat sisi jalan masuk tersebut._x000D_",Taman Hiburan,Semarang,0,47.0,salah landmark kawasan kota semarang taman srigunting kolonial belanda wujud parade plein panggung parade ruang buka taman salah kumpul giat komunitas taman srigunting jalan letjen suprapto kawasan kota sisi selatan gedung marba barat daya gedung jiwasraya sisi barat gereja blenduk sisi timur gedung kerta niaga taman alami renovasi tahun tahun tahun taman srigunting kembali fungsi raung buka rekreatif taman pasif tahun renovasi taman jalan sisi jalan tengah tengah tiang lampu terang cabang rang sisi jalan,salah landmark kawasan kota semarang taman srigunting kolonial belanda wujud parade plein panggung parade ruang buka taman salah kumpul giat komunitas taman srigunting jalan letjen suprapto kawasan kota sisi selatan gedung marba barat daya gedung jiwasraya sisi barat gereja blenduk sisi timur gedung kerta niaga taman alami renovasi tahun tahun tahun taman srigunting kembali fungsi raung buka rekreatif taman pasif tahun renovasi taman jalan sisi jalan tengah tengah tiang lampu terang cabang rang sisi jalan taman hiburan semarang,Kebun/Taman,60
354,Semarang Contemporary Art Gallery,Salah satu wisata yang berbau seni di Semarang bisa kamu temukan di kawasan Kota Lama yakni Semarang Contemporary Art Gallery atau lebih mudahnya disebut sebagai Galsem yang berarti Galeri Semarang. Semarang Gallery ini adalah salah satu museum seni yang cukup terkenal dan sampai saat ini masih sangat populer di kalangan wisatawan terutama para pecinta seni. Karya-karya seni yang dipamerkan disini merupakan hasil tangan dingin para seniman handal dari seluruh penjuru Nusantara.,Budaya,Semarang,10000,46.0,salah wisata bau seni semarang temu kawasan kota semarang contemporary art gallery mudah galsem galeri semarang semarang gallery salah museum seni kenal populer kalang wisatawan cinta seni karya karya seni pamer hasil tangan dingin seniman handal penjuru nusantara,salah wisata bau seni semarang temu kawasan kota semarang contemporary art gallery mudah galsem galeri semarang semarang gallery salah museum seni kenal populer kalang wisatawan cinta seni karya karya seni pamer hasil tangan dingin seniman handal penjuru nusantara budaya semarang,Budaya,60
355,Umbul Sidomukti,"Kawasan wisata umbul Sidomukti merupakan salah satu Wisata Alam Pegunungan di Semarang, berada di Desa Sidomukti Kecamatan Bandungan Kabupaten Semarang. Kawasan wisata ini dengan didukung fasiltas & Servis: Outbond Training, Adrenalin Games, Taman Renang Alam, Camping Ground, Pondok Wisata, Pondok Lesehan, serta Meeting Room.",Cagar Alam,Semarang,75000,46.0,kawasan wisata umbul sidomukti salah wisata alam gunung semarang desa sidomukti camat bandung kabupaten semarang kawasan wisata dukung fasiltas servis outbond training adrenalin games taman renang alam camping ground pondok wisata pondok leseh meeting room,kawasan wisata umbul sidomukti salah wisata alam gunung semarang desa sidomukti camat bandung kabupaten semarang kawasan wisata dukung fasiltas servis outbond training adrenalin games taman renang alam camping ground pondok wisata pondok leseh meeting room cagar alam semarang,Cagar Alam,60
356,Saloka Theme Park,"SALOKA hadir sebagai taman rekreasi terbesar di Tengah Jawa yang masuk dalam daftar destinasi wisata Pesona Indonesia, serta mengusung konsep kearifan lokal berdasarkan legenda rakyat Baru Klinthing.",Taman Hiburan,Semarang,150000,44.0,saloka hadir taman rekreasi besar tengah jawa daftar destinasi wisata pesona indonesia usung konsep arif lokal dasar legenda rakyat klinthing,saloka hadir taman rekreasi besar tengah jawa daftar destinasi wisata pesona indonesia usung konsep arif lokal dasar legenda rakyat klinthing taman hiburan semarang,Taman Hiburan,60
357,Wisata Alam Wana Wisata Penggaron,"Berada sekitar 2 KM dari Kota Ungaran atau sekitar 18 KM dari Kota Semarang, Kawasan Wana Wisata Penggaron secara administratif berada di Desa Susukan, Kecamatan Ungaran, Kabupaten semarang. Area ini merupakan salah satu hutan binaan Kesatuan Bisnis Mandiri Wisata, Benih dan Usaha Lain (KBM WBU I) Perum Perhutani Unit I Jateng. Wana Wisata Penggaron atau Wisata Alam Wana Wisata Penggaron merupakan sebuah tempat wisata hutan yang bisa anda gunakan untuk berlibur bersama keluarga anda, salah satunya untuk camping. Tempat ini banyak di jadikan sebagai tempat untuk camping atau berlibur oleh masyarakat Semarang. Wana Wisata Penggaron sebuah hutan yang eksotis, sayangnya surga di kota semarang ini jarang tersentuh mata. Bagi pengunjung yang bertanya kepada penjaga loket, dengan jawaban yang sederhana dan apa adanya “hutan biasa yang sering dipake kemah, tidak ada yang istimewa”, tentunya akan merasa kecewa.",Cagar Alam,Semarang,10000,41.0,km kota ungar km kota semarang kawasan wana wisata penggaron administratif desa susu camat ungar kabupaten semarang area salah hutan bina satu bisnis mandiri wisata benih usaha kbm wbu perum hutan unit jateng wana wisata penggaron wisata alam wana wisata penggaron wisata hutan libur keluarga salah satu camping jadi camping libur masyarakat semarang wana wisata penggaron hutan eksotis sayang surga kota semarang jarang sentuh unjung jaga loket sederhana hutan dipake kemah istimewa kecewa,km kota ungar km kota semarang kawasan wana wisata penggaron administratif desa susu camat ungar kabupaten semarang area salah hutan bina satu bisnis mandiri wisata benih usaha kbm wbu perum hutan unit jateng wana wisata penggaron wisata alam wana wisata penggaron wisata hutan libur keluarga salah satu camping jadi camping libur masyarakat semarang wana wisata penggaron hutan eksotis sayang surga kota semarang jarang sentuh unjung jaga loket sederhana hutan dipake kemah istimewa kecewa cagar alam semarang,Cagar Alam,60
358,Masjid Kapal Semarang,"Masjid Safinatun Najah atau pengunjung biasa menyebutnya dengan Masjid Kapal Semarang kini menjadi wisata religi yang ramai dikunjungi saat bulan Ramadan. Masjid yang berlokasi di berlokasi di Jalan Kyai Padak, Podorejo, Kec. Ngaliyan, Kota Semarang mulai ramai didatangi pengunjung saat menjelang buka puasa. Umumnya tujuan utama mereka yang datang kesini untuk beribadah, selain itu juga ada yang berburu foto serta berkuliner di sekitar kawasan masjid.",Tempat Ibadah,Semarang,0,41.0,masjid safinatun najah unjung sebut masjid kapal semarang wisata religi ramai kunjung ramadan masjid lokasi lokasi jalan kyai padak podorejo kec ngaliyan kota semarang ramai datang unjung jelang buka puasa tuju utama kesini ibadah buru foto kuliner kawasan masjid,masjid safinatun najah unjung sebut masjid kapal semarang wisata religi ramai kunjung ramadan masjid lokasi lokasi jalan kyai padak podorejo kec ngaliyan kota semarang ramai datang unjung jelang buka puasa tuju utama kesini ibadah buru foto kuliner kawasan masjid tempat ibadah semarang,Tempat Ibadah,60
359,Taman Bunga Celosia,"Wisata Semarang menawarkan berbagai tempat wisata menarik. Salah satunya yaitu berkunjung ke Taman Bunga Celosia Bandungan. Lokasinya berada di kaki Gunung Ungaran, Semarang. Menawarkan pemandangan sekitar yang alami dengan panorama pegunungan Ungaran merupakan daya tarik utama taman rekreasi ini. Begitu sampai di sini area parkir yang luas langsung menyambut dan tak ketinggalan gapura selamat datang. Sepanjang perjalanan menuju ke loket tiket, terdapat pagar berbentuk pensil raksasa warna warni. Sebagai tambahan di sekitar pagar terdapat bunga warna-warni yang menghiasi perjalanan menuju loket masuk.",Cagar Alam,Semarang,25000,43.0,wisata semarang tawar wisata tarik salah satu kunjung taman bunga celosia bandung lokasi kaki gunung ungar semarang tawar pandang alami panorama gunung ungar daya tarik utama taman rekreasi area parkir luas sambut tinggal gapura selamat jalan loket tiket pagar bentuk pensil raksasa warna warni tambah pagar bunga warna warni hias jalan loket,wisata semarang tawar wisata tarik salah satu kunjung taman bunga celosia bandung lokasi kaki gunung ungar semarang tawar pandang alami panorama gunung ungar daya tarik utama taman rekreasi area parkir luas sambut tinggal gapura selamat jalan loket tiket pagar bentuk pensil raksasa warna warni tambah pagar bunga warna warni hias jalan loket cagar alam semarang,Kebun/Taman,60
360,Air Terjun Kali Pancur,"Kali Pancur Getasan merupakan kawasan wisata alam Air Terjun Kali Pancur ini berada di Desa Nogosaren, Kecamatan Getasan, Kabupaten Semarang, sekitar 14 km sebelah barat Kota Salatiga. Untuk menuju ke lokasi objek wisata ini tidak ada sarana transportasi umum, jadi harus membawa kendaraan sendiri.",Cagar Alam,Semarang,5000,41.0,pancur getas kawasan wisata alam air terjun pancur desa nogosaren camat getas kabupaten semarang km belah barat kota salatiga lokasi objek wisata sarana transportasi umum bawa kendara,pancur getas kawasan wisata alam air terjun pancur desa nogosaren camat getas kabupaten semarang km belah barat kota salatiga lokasi objek wisata sarana transportasi umum bawa kendara cagar alam semarang,Air Terjun,60
361,Wisata Kampung Krisan Clapar,"Wisata Kampung Krisan Gemah Ripah di Dusun Clapar Desa Duren Kecamatan Bandungan Kabupaten Semarang bisa jadi altenatif liburan. Di tempat ini terhampar kebun bunga warna warni yang memesona. Itu adalah kompleks wisata perkebunan bunga krisan beragam varietas. Setidaknya ada 20 varietas yang dikembangkan oleh Kelompok Tani Gemah Ripah sejak dua tahun terakhir ini. Dan objek tersebut mulai dibuka untuk umum sebagai jujukan wisatawan pada 6 November 2016. Di atas lahan terasering seluas sekitar 12 hektar itu, Anda bakal diajak berkeliling di kebun bunga krisan yang khusus untuk kunjungan wisatawan di luasan lahan 6,5 hektar. Setidaknya ada 3 kebun yang disiapkan pihak pengelola untuk pengunjung.",Taman Hiburan,Semarang,10000,41.0,wisata kampung krisan gemah ripah dusun clapar desa duren camat bandung kabupaten semarang altenatif libur hampar kebun bunga warna warni pesona kompleks wisata kebun bunga krisan agam varietas varietas kembang kelompok tani gemah ripah tahun objek buka umum juju wisatawan november lahan terasering luas hektar ajak keliling kebun bunga krisan kunjung wisatawan luas lahan hektar kebun siap kelola unjung,wisata kampung krisan gemah ripah dusun clapar desa duren camat bandung kabupaten semarang altenatif libur hampar kebun bunga warna warni pesona kompleks wisata kebun bunga krisan agam varietas varietas kembang kelompok tani gemah ripah tahun objek buka umum juju wisatawan november lahan terasering luas hektar ajak keliling kebun bunga krisan kunjung wisatawan luas lahan hektar kebun siap kelola unjung taman hiburan semarang,Taman Hiburan,60
362,Danau Rawa Pening,"Rawa Pening (pening adalah salah satu varian bahasa Jawa dari kata ""wening"" yang artinya hening, tenang, damai) (bahasa Jawa: ꦫꦮ​ꦥꦼꦤꦶꦁ, translit. Rawa Pening) adalah danau alam di Kabupaten Semarang, Jawa Tengah. Dengan luas 2.670 hektare ia menempati wilayah Kecamatan Ambarawa, Bawen, Tuntang, dan Banyubiru.Rawa Pening terletak di cekungan terendah lereng Gunung Merbabu, Gunung Telomoyo, dan Gunung Ungaran. Danau ini dangkal dan menjadi hulu bagi Sungai Tuntang._x000D_",Cagar Alam,Semarang,15000,44.0,rawa pening pening salah varian bahasa jawa wening hening tenang damai bahasa jawa translit rawa pening danau alam kabupaten semarang jawa tengah luas hektare tempat wilayah camat ambarawa bawen tuntang banyubiru rawa pening letak cekung rendah lereng gunung merbabu gunung telomoyo gunung ungar danau dangkal hulu sungai tuntang,rawa pening pening salah varian bahasa jawa wening hening tenang damai bahasa jawa translit rawa pening danau alam kabupaten semarang jawa tengah luas hektare tempat wilayah camat ambarawa bawen tuntang banyubiru rawa pening letak cekung rendah lereng gunung merbabu gunung telomoyo gunung ungar danau dangkal hulu sungai tuntang cagar alam semarang,Danau/Sungai,60
363,Pantai Maron,"Pantai Maron (bahasa Jawa: ꦥꦱꦶꦱꦶꦂ​ꦩꦫꦺꦴꦤ꧀, translit. Pasisir Maron) yang terletak di sebelah barat Semarang, tepatnya di sekitar muara Sungai Silandak ini, bisa ditempuh dari dua tempat, yaitu dari Bandara Ahmad Yani atau dari Perumahan Graha Padma, Krapyak. Kira-kira berjarak 3 km dari jalan raya kita sudah bisa sampai di lokasi. Jika menggunakan kendaraan bisa ditempuh sekitar 10 menit. Namun jika ingin jalan kaki, dari ujung perumahan Graha Padma saja bisa memakan waktu 30 menit.\nNama Maron sendiri konon karena pantai ini masih merupakan milik Penerbangan TNI Angkatan Darat (Penerbad), karena merah maroon merupakan warna khas baret Penerbad, maka pantai ini disebut Pantai Maron. Memang kurang jelas siapa yang mengelola Pantai Maron. Yang jelas setiap masuk pantai Maron kita cukup membayar 2 ribu rupiah, untuk biaya parkir.\nJika berkunjung ke Pantai Maron pada Sabtu Sore, Minggu Pagi, Minggu Sore, atau hari-hari libur, bisa dipastikan banyak wisatawan dari area Semarang maupun luar kota. Bahkan bisa dikatakan tidak kalah dari jumlah pelancong di Parangtritis, Yogyakarta ataupun Kuta, Bali. Hampir setiap sudut pantai dan warung-warung di tepi pantai penuh oleh pengunjung.",Bahari,Semarang,5000,34.0,pantai maron bahasa jawa translit pasisir maron letak belah barat semarang tepat muara sungai silandak tempuh bandara ahmad yani rumah graha padma krapyak jarak km jalan raya lokasi kendara tempuh menit jalan kaki ujung rumah graha padma makan waktu menit nnama maron konon pantai milik terbang tni angkat darat bad merah maroon warna khas baret bad pantai pantai maron kelola pantai maron pantai maron bayar ribu rupiah biaya parkir njika kunjung pantai maron sabtu sore minggu pagi minggu sore libur wisatawan area semarang kota kalah lancong parangtritis yogyakarta kuta bal sudut pantai warung warung tepi pantai penuh unjung,pantai maron bahasa jawa translit pasisir maron letak belah barat semarang tepat muara sungai silandak tempuh bandara ahmad yani rumah graha padma krapyak jarak km jalan raya lokasi kendara tempuh menit jalan kaki ujung rumah graha padma makan waktu menit nnama maron konon pantai milik terbang tni angkat darat bad merah maroon warna khas baret bad pantai pantai maron kelola pantai maron pantai maron bayar ribu rupiah biaya parkir njika kunjung pantai maron sabtu sore minggu pagi minggu sore libur wisatawan area semarang kota kalah lancong parangtritis yogyakarta kuta bal sudut pantai warung warung tepi pantai penuh unjung bahari semarang,Pantai/Bahari,60
364,Water Blaster Bukit Candi Golf,"Buat kamu yang bingung mau rekreasi kemana di Semarang, langsung saja ke Water Blaster Semarang. Waterpark yang menyediakan banyak permainan dan atraksi seru yang semuanya layak untuk dicoba. Dengan total lebih dari 20 wahana air yang siap memberikan pengalaman seru buat pecinta tantangan wahana air. Bendulan, Blaster Warior, Jungle Tree, Great Wall sedikit dari puluhan wahana lain yang bisa dimainkan. Tentu semua ditunjang dengan fasilitas yang lengkap seperti Gazebo, Family Gazebo, Vip Court, dll semua ada untuk menambah kenyamanan setiap pengunjung yang akan bermain di Waterpark kota lumpia ini.",Taman Hiburan,Semarang,80000,42.0,bingung rekreasi mana semarang water blaster semarang waterpark sedia main atraksi seru layak coba total wahana air alam seru cinta tantang wahana air bendul blaster warior jungle tree great wall puluh wahana main tunjang fasilitas lengkap gazebo family gazebo vip court dll tambah nyaman unjung main waterpark kota lumpia,bingung rekreasi mana semarang water blaster semarang waterpark sedia main atraksi seru layak coba total wahana air alam seru cinta tantang wahana air bendul blaster warior jungle tree great wall puluh wahana main tunjang fasilitas lengkap gazebo family gazebo vip court dll tambah nyaman unjung main waterpark kota lumpia taman hiburan semarang,Gunung/Bukit,60
365,Waduk Jatibarang,"Waduk Jatibarang merupakan sebuah waduk yang berada di Kota Semarang. Pembangunan waduk ini selesai setelah sekitar empat tahun pembangunan dan memulai proses pengisian air pada tanggal 5 Mei 2014 bertepatan dengan Hari Air Dunia Ke-22 oleh Menteri Pekerjaan Umum Djoko Kirmanto bersama Gubernur Jawa Tengah Ganjar Pranowo dan Kepala Balai Besar Wilayah Sungai Pemali Juwana Imam Santoso.\nWaduk Jatibarang mulai resmi beroperasi pada 11 Mei 2015. Peresmian tersebut dilakukan oleh Direktur Jenderal Sumber Daya Air Kementerian Pekerjaan Umum dan Perumahan Rakyat, Mudjiadi bertepatan dengan peringatan Hari Air Dunia Ke-23 Tingkat Provinsi Jawa Tengah.\nWaduk Jatibarang mempunyai daya tampung 20,4 juta meter kubik . Selain untuk mengatasi masalah banjir, juga menjadi salah satu destinasi wisata Semarang karena di tengah waduk ini terdapat pulau kecil yang di dalamnya terdapat objek wisata lain yaitu Goa Kreo.",Cagar Alam,Semarang,2500,43.0,waduk jatibarang waduk kota semarang bangun waduk selesai tahun bangun proses isi air tanggal mei tepat air dunia menteri kerja umum djoko kirmanto gubernur jawa tengah ganjar pranowo kepala balai wilayah sungai pemali juwana imam santoso nwaduk jatibarang resmi operasi mei resmi direktur jenderal sumber daya air menteri kerja umum rumah rakyat mudjiadi tepat ingat air dunia tingkat provinsi jawa tengah nwaduk jatibarang daya tampung juta meter kubik atas banjir salah destinasi wisata semarang tengah waduk pulau dalam objek wisata goa kreo,waduk jatibarang waduk kota semarang bangun waduk selesai tahun bangun proses isi air tanggal mei tepat air dunia menteri kerja umum djoko kirmanto gubernur jawa tengah ganjar pranowo kepala balai wilayah sungai pemali juwana imam santoso nwaduk jatibarang resmi operasi mei resmi direktur jenderal sumber daya air menteri kerja umum rumah rakyat mudjiadi tepat ingat air dunia tingkat provinsi jawa tengah nwaduk jatibarang daya tampung juta meter kubik atas banjir salah destinasi wisata semarang tengah waduk pulau dalam objek wisata goa kreo cagar alam semarang,Cagar Alam,60
366,Tirto Argo Siwarak,"Kolam Renang Tirto Argo Siwarak, merupakan kolam renang yang berada di Ungaran. Keberadaannya yang dekat dengan Kota Semarang menjadikan tempat wisata ini cukup populer. Bahkan, tidak jarang wisatawan Semarang dan sekitarnya datang berkunjung. Hadir dengan kolam renang dan taman rekreasi sederhana, justru menjadi daya tarik tersendiri. Terbukti, pengunjung yang datang tidak pernah surut. Bahkan, selalu ada pengunjung dan ramai ketika liburan.",Taman Hiburan,Semarang,20000,44.0,kolam renang tirto argo siwarak kolam renang ungar ada kota semarang jadi wisata populer jarang wisatawan semarang kunjung hadir kolam renang taman rekreasi sederhana daya tarik sendiri bukti unjung surut unjung ramai libur,kolam renang tirto argo siwarak kolam renang ungar ada kota semarang jadi wisata populer jarang wisatawan semarang kunjung hadir kolam renang taman rekreasi sederhana daya tarik sendiri bukti unjung surut unjung ramai libur taman hiburan semarang,Taman Hiburan,60
367,Wisata Lereng Kelir,Wisata yang ada di kawasan gunung Kelir ini memang mulai populer sejak awal tahun 2021 dan para wisatawan kerap berbondong-bondong menuju kesana untuk meredam rasa penasaran tentang destinasi baru tersebut. Gunung Kelir memiliki ketinggian lebih dari 2000 mdpl dan wisata Lereng kelir berada diatas ketinggian mencapai 1384 mdpl dan 700mdpl Dari ketinggian tersebut membuat hampir seluruh kawasan kota Ambarawa bisa terlihat dan sebagian kecil wilayah Semarang selatan. Wisata gardu pandang Lereng Kelir memang bisa dikatakan lebih tinggi dari tempat wisata gardu pandang lainnya yang ada di Jawa Tengah.,Cagar Alam,Semarang,7000,43.0,wisata kawasan gunung kelir populer tahun wisatawan kerap bondong bondong kesana redam penasaran destinasi gunung kelir milik tinggi mdpl wisata lereng kelir atas tinggi capai mdpl mdpl tinggi kawasan kota ambarawa wilayah semarang selatan wisata gardu pandang lereng kelir tinggi wisata gardu pandang jawa tengah,wisata kawasan gunung kelir populer tahun wisatawan kerap bondong bondong kesana redam penasaran destinasi gunung kelir milik tinggi mdpl wisata lereng kelir atas tinggi capai mdpl mdpl tinggi kawasan kota ambarawa wilayah semarang selatan wisata gardu pandang lereng kelir tinggi wisata gardu pandang jawa tengah cagar alam semarang,Cagar Alam,60
368,Kampoeng Rawa,"Kampoeng Rawa (disebut juga Kampung Rawa) adalah objek wisata di Ambarawa, Jawa Tengah, yang terletak di sabuk hijau di sekitar Danau Rawa Pening. Dibuka pada Agustus 2012, tempat ini dimiliki dan dioperasikan oleh dua belas kelompok petani dan nelayan yang didanai oleh Artha Prima Credit Union. Kompleks tersebut dimaksudkan untuk mempengaruhi kesejahteraan petani dan melayani lokal disamping mempromosikan ekologi danau di wilayah tersebut. Fasilitasnya meliputi restoran mengapung, pendopo, pusat kerajinan, tempat memancing, dan dok. Pada hari libur, tempat ini dikunjungi oleh ratusan pengunjung. Kompleks ini disengketakan perizinannya karena dibangun di sabuk hijau dan kemungkinan dampak ekologinya.",Cagar Alam,Semarang,3000,45.0,kampoeng rawa kampung rawa objek wisata ambarawa jawa tengah letak sabuk hijau danau rawa pening buka agustus milik operasi belas kelompok tani nelayan dana artha prima credit union kompleks pengaruh sejahtera tani layan lokal samping promosi ekologi danau wilayah fasilitas liput restoran apung pendopo pusat rajin pancing dok libur kunjung ratus unjung kompleks sengketa izin bangun sabuk hijau dampak ekologi,kampoeng rawa kampung rawa objek wisata ambarawa jawa tengah letak sabuk hijau danau rawa pening buka agustus milik operasi belas kelompok tani nelayan dana artha prima credit union kompleks pengaruh sejahtera tani layan lokal samping promosi ekologi danau wilayah fasilitas liput restoran apung pendopo pusat rajin pancing dok libur kunjung ratus unjung kompleks sengketa izin bangun sabuk hijau dampak ekologi cagar alam semarang,Cagar Alam,60
369,Monumen Palagan Ambarawa,"Monumen Palagan Ambarawa adalah sebuah monumen yang terdapat di Ambarawa, Kabupaten Semarang.\nMonumen ini merupakan simbol untuk mengenang sejarah pertempuran Palagan Ambarawa pada tanggal 12 Desember - 15 Desember 1945 Ambarawa. Pasukan Sekutu yang terdesak dari Magelang mengadakan pengunduran ke Ambarawa, dan pasukan TKR yang dipimpin Kolonel Soedirman berhasil menghancurkan Sekutu pada tanggal 15 Desember 1945, di mana kini diperingati sebagai Hari Infanteri.Monumen Palagan Ambarawa dibangun pada tahun 1973 dan diresmikan pada 15 Desember 1974 oleh Presiden Soeharto. Gambaran singkat sejarah pertempuran bisa dilihat pada relief yang dibuat pada dinding Monumen Palagan Ambarawa.\nDi monumen ini Anda dapat menemukan peninggalan pemerintahan Jepang dan Belanda. Anda dapat melihat seragam para tentara Jepang dan Belanda, senjata perang, seragam tentara Indonesia, dan barang bersejarah lain. Untuk ukuran yang agak besar, Anda dapat menemukan beberapa tank kuno, kendaraa angkut personil dan meriam yang digunakan dalam pertempuran tersebut. Yang paling menarik adalah Anda dapat menemukan pesawat Mustang Belanda yang berhasil ditembak jatuh ke dalam Rawa Pening_x000D_",Budaya,Semarang,7500,44.0,monumen palagan ambarawa monumen ambarawa kabupaten semarang nmonumen simbol kenang sejarah tempur palagan ambarawa tanggal desember desember ambarawa pasu sekutu desak magelang ada undur ambarawa pasu tkr pimpin kolonel soedirman hasil hancur sekutu tanggal desember ingat infanteri monumen palagan ambarawa bangun tahun resmi desember presiden soeharto gambar singkat sejarah tempur relief dinding monumen palagan ambarawa ndi monumen temu tinggal perintah jepang belanda seragam tentara jepang belanda senjata perang seragam tentara indonesia barang sejarah ukur temu tank kuno kendaraa angkut personil meriam tempur tarik temu pesawat mustang belanda hasil tembak jatuh rawa pening,monumen palagan ambarawa monumen ambarawa kabupaten semarang nmonumen simbol kenang sejarah tempur palagan ambarawa tanggal desember desember ambarawa pasu sekutu desak magelang ada undur ambarawa pasu tkr pimpin kolonel soedirman hasil hancur sekutu tanggal desember ingat infanteri monumen palagan ambarawa bangun tahun resmi desember presiden soeharto gambar singkat sejarah tempur relief dinding monumen palagan ambarawa ndi monumen temu tinggal perintah jepang belanda seragam tentara jepang belanda senjata perang seragam tentara indonesia barang sejarah ukur temu tank kuno kendaraa angkut personil meriam tempur tarik temu pesawat mustang belanda hasil tembak jatuh rawa pening budaya semarang,Budaya,60
370,Benteng Pendem,"Benteng Pendem Cilacap (bahasa Belanda: Kustbatterij op de Landtong te Cilacap), adalah benteng peninggalan Belanda di pesisir pantai Teluk Penyu kabupaten Cilacap, Jawa Tengah yang dibangun pada tahun 1861. Bangunan ini merupakan bekas markas pertahanan tentara Hindia Belanda yang dibangun di area seluas 6,5 hektare secara bertahap selama 18 tahun, dari tahun 1861 hingga 1879. Benteng pendem sempat tertutup tanah pesisir pantai dan tidak terurus. Benteng ini kemudian ditemukan dan mulai digali pemerintah Cilacap tahun 1986. Saat ini, pemerintah Kabupaten Cilacap menjadikan benteng ini sebagai tempat wisata sejarah_x000D_",Budaya,Semarang,5000,42.0,benteng pendem cilacap bahasa belanda kustbatterij op de landtong te cilacap benteng tinggal belanda pesisir pantai teluk penyu kabupaten cilacap jawa tengah bangun tahun bangun bekas markas tahan tentara hindia belanda bangun area luas hektare tahap tahun tahun benteng pendem tutup tanah pesisir pantai urus benteng temu gali perintah cilacap tahun perintah kabupaten cilacap jadi benteng wisata sejarah,benteng pendem cilacap bahasa belanda kustbatterij op de landtong te cilacap benteng tinggal belanda pesisir pantai teluk penyu kabupaten cilacap jawa tengah bangun tahun bangun bekas markas tahan tentara hindia belanda bangun area luas hektare tahap tahun tahun benteng pendem tutup tanah pesisir pantai urus benteng temu gali perintah cilacap tahun perintah kabupaten cilacap jadi benteng wisata sejarah budaya semarang,Budaya,60
371,Wisata Eling Bening,"Sebuah fasilitas wisata yang dikelola dengan cara modern, untuk menimbulkan kenikmatan berwisata seperti halnya yang diinginkan oleh anak-anak muda. Namun tetap menyatu dengan lingkungan, dengan keindahan alam. Tanpa melakukan kerusakan terhadap alam. Fasilitas wisata ini adalah wisata Eling Bening di perbukitan Ngrawan. Eling Bening sejatinya sebuah Restoran yang mengusung konsep wisata keluarga. Eling Bening menawarkan pemandangan alam yang sangat indah dengan view utama Rawa Pening. Keindahan itu disempurnakan lagi dengan  adanya background Gunung Merbabu, Andong dan Telomoyo, yang terlihat berdiri dengan gagah._x000D_",Cagar Alam,Semarang,25000,43.0,fasilitas wisata kelola modern timbul nikmat wisata hal anak anak muda satu lingkung indah alam rusa alam fasilitas wisata wisata eling bening bukit ngrawan eling bening sejati restoran usung konsep wisata keluarga eling bening tawar pandang alam indah view utama rawa pening indah sempurna background gunung merbabu andong telomoyo diri gagah,fasilitas wisata kelola modern timbul nikmat wisata hal anak anak muda satu lingkung indah alam rusa alam fasilitas wisata wisata eling bening bukit ngrawan eling bening sejati restoran usung konsep wisata keluarga eling bening tawar pandang alam indah view utama rawa pening indah sempurna background gunung merbabu andong telomoyo diri gagah cagar alam semarang,Cagar Alam,60
372,Gua Maria Kerep Ambarawa,"Gua Maria Kerep (Gua Maria Kerep Ambarawa, disinglkat GMKA), adalah sebuah tempat ziarah yang terletak di Jalan Tentara Pelajar, Kelurahan Panjang, Ambarawa. Tempat ini adalah tempat yang cukup baik untuk berdoa, berziarah, dan menyegarkan diri. Jaraknya sekitar 500 m dari Terminal Ambarawa. Karena jauh dari jalan raya, maka daerah ini cukup tenang. Dari tempat ini dapat terlihat pemandangan Gunung Telomoyo, Gunung Merbabu, dan Danau Rawa Pening. Gua Maria Kerep memiliki fasilitas bagi para peziarah, antara lain Jalan Salib, Tempat Doa Lesehan, Gereja, dan sebuah taman.",Cagar Alam,Semarang,2000,48.0,gua maria kerep gua maria kerep ambarawa disinglkat gmka ziarah letak jalan tentara ajar lurah ambarawa doa ziarah segar jarak terminal ambarawa jalan raya daerah tenang pandang gunung telomoyo gunung merbabu danau rawa pening gua maria kerep milik fasilitas ziarah jalan salib doa leseh gereja taman,gua maria kerep gua maria kerep ambarawa disinglkat gmka ziarah letak jalan tentara ajar lurah ambarawa doa ziarah segar jarak terminal ambarawa jalan raya daerah tenang pandang gunung telomoyo gunung merbabu danau rawa pening gua maria kerep milik fasilitas ziarah jalan salib doa leseh gereja taman cagar alam semarang,Goa,60
373,Museum Kereta Ambarawa,"Museum Kereta Api Ambarawa (bahasa Inggris: Indonesian Railway Museum, Ambarawa) adalah sebuah stasiun kereta api yang sudah dialihfungsikan menjadi sebuah museum serta merupakan museum perkeretaapian pertama di Indonesia. Museum ini memiliki koleksi kereta api yang pernah berjaya pada zamannya. Museum ini secara administratif berada di Desa Panjang, Ambarawa, Semarang. Museum yang terletak pada ketinggian +474,40 meter ini termasuk dalam Daerah Operasi IV Semarang dan dikelola oleh Unit Pusat Pelestarian dan Desain Arsitektur PT Kereta Api Indonesia bekerja sama dengan Pemerintah Provinsi Jawa Tengah.",Budaya,Semarang,10000,45.0,museum kereta api ambarawa bahasa inggris indonesian railway museum ambarawa stasiun kereta api dialihfungsikan museum museum perkeretaapian indonesia museum milik koleksi kereta api jaya zaman museum administratif desa ambarawa semarang museum letak tinggi meter daerah operasi iv semarang kelola unit pusat lestari desain arsitektur pt kereta api indonesia perintah provinsi jawa tengah,museum kereta api ambarawa bahasa inggris indonesian railway museum ambarawa stasiun kereta api dialihfungsikan museum museum perkeretaapian indonesia museum milik koleksi kereta api jaya zaman museum administratif desa ambarawa semarang museum letak tinggi meter daerah operasi iv semarang kelola unit pusat lestari desain arsitektur pt kereta api indonesia perintah provinsi jawa tengah budaya semarang,Museum,60
374,Hutan Pinus Kayon,"Tak dipungkiri Hutan Pinus Kayon Getasan dekat Salatiga ini memang merupakan salah satu tempat wisata yang indah dan memanjakan mata. Pengunjung akan disuguhkan dengan jajaran hutan pinus yang rapi dan asri. Deretan pohon ini pun memang memikat dan tentunya Hutan pinus Kayon atau disebut Hutan pinus Kalipasang bisa menjadi salah satu alternatif wisata keluarga. Selain disana sudah terbilang komplit, jalan-jalan di dalam hutan pun sudah berupa cor. Dengan demikian, tentunya makin memanjakan pengunjung saat explorasi kawasan wisata ini.",Cagar Alam,Semarang,6000,44.0,dipungkiri hutan pinus kayon getas salatiga salah wisata indah manja unjung suguh jajar hutan pinus rapi asri deret pohon mikat hutan pinus kayon hutan pinus kalipasang salah alternatif wisata keluarga sana bilang komplit jalan jalan hutan cor manja unjung explorasi kawasan wisata,dipungkiri hutan pinus kayon getas salatiga salah wisata indah manja unjung suguh jajar hutan pinus rapi asri deret pohon mikat hutan pinus kayon hutan pinus kalipasang salah alternatif wisata keluarga sana bilang komplit jalan jalan hutan cor manja unjung explorasi kawasan wisata cagar alam semarang,Kebun/Taman,60
375,Kota Lama Semarang,"Kota Lama Semarang (bahasa Jawa: ꦏꦸꦛ​ꦭꦩ​ꦱꦼꦩꦫꦁ, translit. Kutha Lama Semarang) adalah suatu kawasan di Semarang yang menjadi pusat perdagangan pada abad 19-20 . Pada masa itu, untuk mengamankan warga dan wilayahnya, kawasan itu dibangun benteng, yang dinamai benteng Vijhoek. Untuk mempercepat jalur perhubungan antar ketiga pintu gerbang dibenteng itu maka dibuat jalan-jalan perhubungan, dengan jalan utamanya dinamai: Heeren Straat. Saat ini bernama Jl. Let Jen Soeprapto. Salah satu lokasi pintu benteng yang ada sampai saat ini adalah Jembatan Berok, yang disebut De Zuider Por.\nKawasan Kota Lama Semarang disebut juga Outstadt. Luas kawasan ini sekitar 31 hektare. Dilihat dari kondisi geografi, tampak bahwa kawasan ini terpisah dengan daerah sekitarnya, sehingga tampak seperti kota tersendiri dengan julukan ""Little Netherland"". Kawasan Kota Lama Semarang ini merupakan saksi bisu sejarah Indonesia masa kolonial Belanda lebih dari 2 abad, dan lokasinya berdampingan dengan kawasan ekonomi. Di tempat ini ada sekitar 50 bangunan kuno yang masih berdiri dengan kukuh dan mempunyai sejarah Kolonialisme di Semarang. Secara umum karakter bangunan di wilayah ini mengikuti bangunan-bangunan di benua Eropa sekitar tahun 1700-an. Hal ini bisa dilihat dari detail bangunan yang khas dan ornamen-ornamen yang identik dengan gaya Eropa. Seperti ukuran pintu dan jendela yang luar biasa besar, penggunaan kaca-kaca berwarna, bentuk atap yang unik, sampai adanya ruang bawah tanah.Seperti kota-kota lainnya yang berada di bawah pemerintahan kolonial Belanda, dibangun pula benteng sebagai pusat militer. Benteng ini berbentuk segi lima dan pertama kali dibangun di sisi barat kota lama Semarang saat ini. Benteng ini hanya memiliki satu gerbang di sisi selatannya dan lima menara pengawas. Masing-masing menara diberinama: Zeeland, Amsterdam, Utrecht, Raamsdonk dan Bunschoten. Pemerintah Belanda memindahkan permukiman Tionghoa pada tahun 1731 di dekat permukiman Belanda, untuk memudahkan penga- wasan terhadap segala aktivitas orang Tionghoa. Oleh sebab itu, Benteng tidak hanya sebagai pusat militer, tetapi juga sebagai menara pengawas bagi segala aktivitas kegiatan orang Tionghoa.\nKota Lama menjadi salah satu ikon primadona bagi warga Kota Semarang sampai Mancanegara turut datang ke Kota Lama ini. Rencananya Kota Lama Semarang akan diajukan oleh Situs Warisan Dunia UNESCO.",Budaya,Semarang,0,47.0,kota semarang bahasa jawa translit kutha semarang kawasan semarang pusat dagang abad aman warga wilayah kawasan bangun benteng nama benteng vijhoek cepat jalur hubung tiga pintu gerbang benteng jalan jalan hubung jalan utama nama heeren straat nama jl let jen soeprapto salah lokasi pintu benteng jembatan berok de zuider por nkawasan kota semarang outstadt luas kawasan hektare kondisi geografi kawasan pisah daerah kota sendiri juluk little netherland kawasan kota semarang saksi bisu sejarah indonesia kolonial belanda abad lokasi damping kawasan ekonomi bangun kuno diri kukuh sejarah kolonialisme semarang umum karakter bangun wilayah ikut bangun bangun benua eropa tahun an detail bangun khas ornamen ornamen identik gaya eropa ukur pintu jendela guna kaca kaca warna bentuk atap unik ruang tanah kota kota perintah kolonial belanda bangun benteng pusat militer benteng bentuk segi bangun sisi barat kota semarang benteng milik gerbang sisi selatan menara awas menara rama zeeland amsterdam utrecht raamsdonk bunschoten perintah belanda pindah mukim tionghoa tahun mukim belanda mudah penga wasan aktivitas tionghoa benteng pusat militer menara awas aktivitas giat tionghoa nkota salah ikon primadona warga kota semarang mancanegara kota rencana kota semarang aju situs waris dunia unesco,kota semarang bahasa jawa translit kutha semarang kawasan semarang pusat dagang abad aman warga wilayah kawasan bangun benteng nama benteng vijhoek cepat jalur hubung tiga pintu gerbang benteng jalan jalan hubung jalan utama nama heeren straat nama jl let jen soeprapto salah lokasi pintu benteng jembatan berok de zuider por nkawasan kota semarang outstadt luas kawasan hektare kondisi geografi kawasan pisah daerah kota sendiri juluk little netherland kawasan kota semarang saksi bisu sejarah indonesia kolonial belanda abad lokasi damping kawasan ekonomi bangun kuno diri kukuh sejarah kolonialisme semarang umum karakter bangun wilayah ikut bangun bangun benua eropa tahun an detail bangun khas ornamen ornamen identik gaya eropa ukur pintu jendela guna kaca kaca warna bentuk atap unik ruang tanah kota kota perintah kolonial belanda bangun benteng pusat militer benteng bentuk segi bangun sisi barat kota semarang benteng milik gerbang sisi selatan menara awas menara rama zeeland amsterdam utrecht raamsdonk bunschoten perintah belanda pindah mukim tionghoa tahun mukim belanda mudah penga wasan aktivitas tionghoa benteng pusat militer menara awas aktivitas giat tionghoa nkota salah ikon primadona warga kota semarang mancanegara kota rencana kota semarang aju situs waris dunia unesco budaya semarang,Budaya,60
376,Semarang Chinatown,"Terbentuknya Pecinan Semarang tak terlepas dari Geger Pecinan di Batavia (Jakarta tempo dulu) pada 1740. Kala itu warga Tionghoa memberontak pada penguasa Belanda. Buntut dari tragedi tersebut, banyak penduduk keturunan Tiongkok melarikan diri ke sepanjang pantai utara Jawa hingga akhirnya sampai di Semarang. Hingga 1743, pemberontakan masih terus berlangsung hingga akhirnya mampu dihentikan total oleh tentara Belanda. Pemerintah kolonial lantas memutuskan untuk mengumpulkan warga Tionghoa dalam satu lokasi. Setelah sempat menempati daerah Simongan dekat Klenteng Sam Poo Kong, mereka kemudian dipindah ke Kali Semarang hingga akhirnya dikenal sebagai kawasan Pecinan sampai sekarang.",Budaya,Semarang,30000,45.0,bentuk pecinan semarang lepas geger pecinan batavia jakarta tempo warga tionghoa berontak kuasa belanda buntut tragedi duduk turun tiongkok lari pantai utara jawa semarang ronta henti total tentara belanda perintah kolonial lantas putus kumpul warga tionghoa lokasi tempat daerah simongan klenteng sam poo kong pindah semarang kenal kawasan pecinan,bentuk pecinan semarang lepas geger pecinan batavia jakarta tempo warga tionghoa berontak kuasa belanda buntut tragedi duduk turun tiongkok lari pantai utara jawa semarang ronta henti total tentara belanda perintah kolonial lantas putus kumpul warga tionghoa lokasi tempat daerah simongan klenteng sam poo kong pindah semarang kenal kawasan pecinan budaya semarang,Budaya,60
377,La Kana Chapel,"La Kana Chapel menawarkan konsep baru standing party, manjakan selera Anda dengan menu memasak langsung spesial masakan segar ala menit di piring Anda. Ini adalah Tempat Pernikahan Kerajaan di Tempat Terindah di Gunung. Bagi Anda yang menginginkan Sentuhan Kemewahan dan Glamour untuk Pesta Outdoor dan Indoor. Kapel La Kana dapat menampung hingga 48 orang di kapel dan 500 lebih di halaman. Dan ballroom dapat menampung 1000 orang",Taman Hiburan,Semarang,35000,45.0,la kana chapel tawar konsep standing party manja selera menu masak spesial masakan segar ala menit piring nikah raja indah gunung sentuh mewah glamour pesta outdoor indoor kapel la kana tampung kapel halaman ballroom tampung,la kana chapel tawar konsep standing party manja selera menu masak spesial masakan segar ala menit piring nikah raja indah gunung sentuh mewah glamour pesta outdoor indoor kapel la kana tampung kapel halaman ballroom tampung taman hiburan semarang,Taman Hiburan,60
378,Jembatan Biru Ambarawa,"Jembatan ini terletak di Tuntang, Kab. Semarang, Jawa tengah. dekat dengan rawa pening dan Sungai Tuntang. Kalau yang biasa mondar mandir salatiga-semarang, pasti tidak asing dengan yang namanya Jembatan Tuntang. Nah.. Sungai Tuntang ini berada tepat di bawah Jembatan tuntang yang bermuara di Rawa Pening. Bagi pengunjung yang senang berfoto, Wisata Jembatan Biru memiliki beberapa spot foto terbaik, salah satunya adalah di tengah jembatan. Jika beruntung, pengunjung juga akan melihat kereta uap yang melintas di depan tempat Wisata Jembatan Biru. Dari atas jembatan pengunjung juga bisa melihat Gunung Ungaran, Gunung Temoloyo dan juga Gunung Merbabu.",Taman Hiburan,Semarang,0,42.0,jembatan letak tuntang kab semarang jawa tengah rawa pening sungai tuntang mondar mandir salatiga semarang asing nama jembatan tuntang sungai tuntang jembatan tuntang muara rawa pening unjung senang foto wisata jembatan biru milik spot foto baik salah satu tengah jembatan untung unjung kereta uap lintas wisata jembatan biru jembatan unjung gunung ungar gunung temoloyo gunung merbabu,jembatan letak tuntang kab semarang jawa tengah rawa pening sungai tuntang mondar mandir salatiga semarang asing nama jembatan tuntang sungai tuntang jembatan tuntang muara rawa pening unjung senang foto wisata jembatan biru milik spot foto baik salah satu tengah jembatan untung unjung kereta uap lintas wisata jembatan biru jembatan unjung gunung ungar gunung temoloyo gunung merbabu taman hiburan semarang,Taman Hiburan,60
379,Goa Rong,"Semarang memiliki wisata di ketinggian bernama Goa Rong. Keberadaan kawasan wisata ini menunjukkan bahwa Semarang tak hanya identik dengan Lawang Sewu atau Kota Lama saja. Meskipun bernama Goa Rong, tempat yang menonjol di sini bukanlah gua nya. Melainkan daerah ketinggian dengan pemandangan yang menakjubkan. Sementara di objek wisata ini, bagian gua-nya hanya lorong yang sempit dan tidak memungkinkan dimasuki oleh manusia. Namun sebaliknya, pemandangan yang tersaji dari atas bukitnya begitu menakjubkan. Wisatawan dapat menghabiskan waktu dengan berfoto, menikmati pemandangan, atau kuliner di cafe. Bahkan, tersedia juga fasilitas outbond.",Cagar Alam,Semarang,5000,43.0,semarang milik wisata tinggi nama goa rong ada kawasan wisata semarang identik lawang sewu kota nama goa rong tonjol gua daerah tinggi pandang takjub objek wisata gua lorong sempit masuk manusia pandang saji bukit takjub wisatawan habis waktu foto nikmat pandang kuliner cafe sedia fasilitas outbond,semarang milik wisata tinggi nama goa rong ada kawasan wisata semarang identik lawang sewu kota nama goa rong tonjol gua daerah tinggi pandang takjub objek wisata gua lorong sempit masuk manusia pandang saji bukit takjub wisatawan habis waktu foto nikmat pandang kuliner cafe sedia fasilitas outbond cagar alam semarang,Goa,60
380,Masjid Agung Ungaran,"Masjid Agung Al-Mabrur berlokasi di Jln. Ahmad Yani, Desa Sidomulyo, Kecamatan Ungaran Tibur, Kabupaten Semarang, Provinsi Jawa Tengah. Masjid ini juga menjadi Masjid Agung Bagi Kabupaten Semarang, Ibukota Provinsi Jawa Tengah. Masjid Agung Al-Mabrur juga dikenal sebelumnya dengan Masjid Ikatan Persaudaraan Haji Indonesia (IPHI). Pembangunan masjid ini dimulai pada tahun 2010 silam dengan pendirian yang mengambil lahan seluas 3.200 meter persegi, dengan luas bangunannya sekitar 1.550 persegi. Karena memang ditujukan untuk menjadi Masjid Agung Kota Semarang, maka bangunan masjid ini pun didirikan tepat menghadap Alun-Alun Kota Semarang, atau lebih dikenal sebagai “Alun-Alun Asmara” dan berseberangan dengan Rumah Dinas Bupati Semarang.",Tempat Ibadah,Semarang,0,47.0,masjid agung al mabrur lokasi jln ahmad yani desa sidomulyo camat ungar tibur kabupaten semarang provinsi jawa tengah masjid masjid agung kabupaten semarang ibukota provinsi jawa tengah masjid agung al mabrur kenal masjid ikat saudara haji indonesia iphi bangun masjid tahun silam diri ambil lahan luas meter persegi luas bangun persegi masjid agung kota semarang bangun masjid diri hadap alun alun kota semarang kenal alun alun asmara berangan rumah dinas bupati semarang,masjid agung al mabrur lokasi jln ahmad yani desa sidomulyo camat ungar tibur kabupaten semarang provinsi jawa tengah masjid masjid agung kabupaten semarang ibukota provinsi jawa tengah masjid agung al mabrur kenal masjid ikat saudara haji indonesia iphi bangun masjid tahun silam diri ambil lahan luas meter persegi luas bangun persegi masjid agung kota semarang bangun masjid diri hadap alun alun kota semarang kenal alun alun asmara berangan rumah dinas bupati semarang tempat ibadah semarang,Tempat Ibadah,60
381,Tugu Muda Semarang,"Tugu Muda (""Monumen Pemuda"" Indonesia) adalah sebuah monumen batu di Semarang, Jawa memperingati perjuangan kemerdekaan oleh pemuda Indonesia. Itu didedikasikan oleh Presiden Sukarno pada 20 Mei 1953 untuk memperingati pertempuran lima hari terus menerus antara pemuda Semarang dan batalyon Jepang yang dipimpin oleh Mayor Kido dari 14-19 Oktober 1945. Pasukan Jepang mengusir Belanda dari Indonesia sebagai ""kakak laki-laki Asia""; namun, Jepang lebih kejam terhadap pembangkang daripada rekan-rekan Belanda mereka. Tugu batu tersebut terdiri dari sebuah pondasi, badan dan kepala. Satu sisi tugu dibuat dalam relief, dengan kolam hias dan taman yang mengelilinginya.",Budaya,Semarang,0,47.0,tugu muda monumen pemuda indonesia monumen batu semarang jawa ingat juang merdeka pemuda indonesia dedikasi presiden sukarno mei ingat tempur terus pemuda semarang batalyon jepang pimpin mayor kido oktober pasu jepang usir belanda indonesia kakak laki laki asia jepang kejam bangkang rekan rekan belanda tugu batu pondasi badan kepala sisi tugu relief kolam hias taman keliling,tugu muda monumen pemuda indonesia monumen batu semarang jawa ingat juang merdeka pemuda indonesia dedikasi presiden sukarno mei ingat tempur terus pemuda semarang batalyon jepang pimpin mayor kido oktober pasu jepang usir belanda indonesia kakak laki laki asia jepang kejam bangkang rekan rekan belanda tugu batu pondasi badan kepala sisi tugu relief kolam hias taman keliling budaya semarang,Budaya,60
382,Kampoeng Kopi Banaran,"Kampoeng Kopi Banaran, sebuah agro wisata perkebunan kopi di Kabupaten Semarang. Tempat wisata ini memiliki luas 462 hektar yang sebagian dijadikan resort dan tempat wisata. Lokasinya berada di Areal Perkebunan Kopi Kebun Getas Afdeling Assinan tepatnya Jl. Raya Semarang – Solo Km. 35. Lokasi Kampoeng Kopi Banaran yang berada di ketinggian 480 – 600m dpl membuat suhu udara disana sejuk antara 23ºC – 27ºC. Jadi cocok banget buat pelesir mencari udara dingin dan segar dengan pemandangan indah. Menghilangkan penat kesibukan Kota besar, di tengah perkebunan yang asri.",Taman Hiburan,Semarang,200000,43.0,kampoeng kopi banar agro wisata kebun kopi kabupaten semarang wisata milik luas hektar jadi resort wisata lokasi areal kebun kopi kebun getas afdeling assinan tepat jl raya semarang solo km lokasi kampoeng kopi banar tinggi dpl suhu udara sana sejuk cocok banget pelesir cari udara dingin segar pandang indah hilang penat sibuk kota tengah kebun asri,kampoeng kopi banar agro wisata kebun kopi kabupaten semarang wisata milik luas hektar jadi resort wisata lokasi areal kebun kopi kebun getas afdeling assinan tepat jl raya semarang solo km lokasi kampoeng kopi banar tinggi dpl suhu udara sana sejuk cocok banget pelesir cari udara dingin segar pandang indah hilang penat sibuk kota tengah kebun asri taman hiburan semarang,Taman Hiburan,60
383,Taman Tabanas,"Taman Tabanas merupakan sebuah taman yang letaknya berada di Tanjakan Gombel Semarang. Dari Taman Tabanas Semarang ini pengunjung bisa melihat landscape pemandangan kota Semarang menjadikan Taman Tabanas ini menjadi salah satu daya tarik untuk dikunjungi. Di sekitar Taman Tabanas Semarang ini terdapat Cafe, Resto dan Hotel, yang menambah indah dan menjadi satu daya tarik tersendiri Taman Tabanas Semarang. Taman Tabanas juga memiliki nama Gardu Pandang Gombel Semarang meski warga Semarang sendiri lebih mengnal taman ini dengan nama Taman Tabanas.",Taman Hiburan,Semarang,0,44.0,taman tabanas taman letak tanjak gombel semarang taman tabanas semarang unjung landscape pandang kota semarang jadi taman tabanas salah daya tarik kunjung taman tabanas semarang cafe resto hotel tambah indah daya tarik sendiri taman tabanas semarang taman tabanas milik nama gardu pandang gombel semarang warga semarang mengnal taman nama taman tabanas,taman tabanas taman letak tanjak gombel semarang taman tabanas semarang unjung landscape pandang kota semarang jadi taman tabanas salah daya tarik kunjung taman tabanas semarang cafe resto hotel tambah indah daya tarik sendiri taman tabanas semarang taman tabanas milik nama gardu pandang gombel semarang warga semarang mengnal taman nama taman tabanas taman hiburan semarang,Kebun/Taman,60
384,Kampung Tematik Jawi,"Tak dipungkiri lagi kalau Kampung Jawi Gunungpati Semarang memang sudah viral bahkan banyak dikunjungi masyarakat. Padahal wisata kuliner ini berawal dari kampung kecil, namun kini sudah banyak didatangi baik dari penduduk lokal hingga luar kota. Ketenaran pun kini juga kerap menghiasi lama sosmed. Saat mengunjungi Kampung Jawi Gunungpati ini kamu bisa merasakan atmosfer pedesaan tempo dulu. Selain itu, nuansa malam juga damai dan malam plus pencahayaan yang remang-remang, karena memang pakai lampu Sentir (lampu minyak). Jadi asik banget kalau untuk nongkrong lama-lama.",Budaya,Semarang,0,45.0,dipungkiri kampung jawi gunungpati semarang viral kunjung masyarakat wisata kuliner kampung datang duduk lokal kota tenar kerap hias sosmed unjung kampung jawi gunungpati rasa atmosfer desa tempo nuansa malam damai malam plus cahaya remang remang pakai lampu sentir lampu minyak asik banget nongkrong,dipungkiri kampung jawi gunungpati semarang viral kunjung masyarakat wisata kuliner kampung datang duduk lokal kota tenar kerap hias sosmed unjung kampung jawi gunungpati rasa atmosfer desa tempo nuansa malam damai malam plus cahaya remang remang pakai lampu sentir lampu minyak asik banget nongkrong budaya semarang,Budaya,60
385,Kampung Batik Gedong Semarang,"Kampung Batik Semarang merupakan salah satu kampung di Kota Semarang yang unik dan menarik yang selalu dikaitkan dengan batik Semarang sejak zaman dulu hingga sekarang. Kampung Batik Semarang ini letaknya ada di seputar daerah Bubagan Semarang. Kampung Batik Semarang dalam sejarah dari tahun 1970 sampai 1980 an, pada saat itu mati total tidak ada aktivitas membatik. Baru kemudian pada tahun 2005 mulai ada kegiatan, hal ini berlangsung karena ada anggapan “kok namanya Kampung Batik Semarang”. Akan tetapi, kok tidak ada orang yang membatik, maka mulailah kegiatan seperti pelatihan membatik sering digalakan, hal ini bertujuan untuk memfasilitasi dan merevitalisasi Kampung Batik Semarang. Pada waktu itu terkenal dengan Batik Krajan, Batik Gedong, Batik Tengah, Batik Malang, Batik Kubur Sari dan Batik Kandang Wedus yang terkenal dengan motifnya sendiri-sendiri. Akan tetapi sayang motif itu tidak terekam secara visual, dan ini sebenarnya menjadi harta karun yang belum ditemukan sampai sekarang visual pada motif batik-batik ini.",Budaya,Semarang,0,44.0,kampung batik semarang salah kampung kota semarang unik tarik kait batik semarang zaman kampung batik semarang letak putar daerah bubagan semarang kampung batik semarang sejarah tahun an mati total aktivitas batik tahun giat anggap nama kampung batik semarang batik giat latih batik gala tuju fasilitas revitalisasi kampung batik semarang waktu kenal batik krajan batik gedong batik tengah batik malang batik kubur sari batik kandang wedus kenal motif sayang motif rekam visual harta karun temu visual motif batik batik,kampung batik semarang salah kampung kota semarang unik tarik kait batik semarang zaman kampung batik semarang letak putar daerah bubagan semarang kampung batik semarang sejarah tahun an mati total aktivitas batik tahun giat anggap nama kampung batik semarang batik giat latih batik gala tuju fasilitas revitalisasi kampung batik semarang waktu kenal batik krajan batik gedong batik tengah batik malang batik kubur sari batik kandang wedus kenal motif sayang motif rekam visual harta karun temu visual motif batik batik budaya semarang,Budaya,60
386,Air Terjun Semirang,"Terletak di lereng Gunung Ungaran bagian utara, terdapat sebuah air terjun yang eksotis dengan kolam renang yang berwarna hijau yang dikelilingi popohonan dan kesejukan udara pegunungan. Nama lokasi tersebut adalah Air Terjun Semirang atau disebut juga Curug Semirang. Dan masyarakat Semarang menyebutnya dengan Curug Semarang. Karena keindahannya lokasi wisata ini sering dikunjungi oleh para wisatawan pada saat hari-hari biasa, apalagi saat liburan tiba. Air terjun Semirang atau Curug Semirang berada di kawasan hutan lindung dengan luas 10 hektar di bawah pengelolaan perum perhutani. Adapun air terjun ini memiliki ketinggian sekitar 45 meter. Jarak lokasi parkiran dengan lokasi air terjun sekitar 500 meter. Dan selama perjalanan, para pengunjung akan disuguhkan pemandangan alam yang masih asri dengan kesegaran udara yang sangat sejuk.",Cagar Alam,Semarang,9000,44.0,letak lereng gunung ungar utara air terjun eksotis kolam renang warna hijau keliling popohonan sejuk udara gunung nama lokasi air terjun semirang curug semirang masyarakat semarang sebut curug semarang indah lokasi wisata kunjung wisatawan libur air terjun semirang curug semirang kawasan hutan lindung luas hektar kelola perum hutan air terjun milik tinggi meter jarak lokasi parkir lokasi air terjun meter jalan unjung suguh pandang alam asri segar udara sejuk,letak lereng gunung ungar utara air terjun eksotis kolam renang warna hijau keliling popohonan sejuk udara gunung nama lokasi air terjun semirang curug semirang masyarakat semarang sebut curug semarang indah lokasi wisata kunjung wisatawan libur air terjun semirang curug semirang kawasan hutan lindung luas hektar kelola perum hutan air terjun milik tinggi meter jarak lokasi parkir lokasi air terjun meter jalan unjung suguh pandang alam asri segar udara sejuk cagar alam semarang,Air Terjun,60
387,Obyek Wisata Goa Kreo,"Goa Kreo Semarang yang berada di ibukota Jawa Tengah ini begitu hit di kalangan netizen. Tak heran jika cuaca cerah, antrian menuju ke sana begitu mengular. Meski tak ada angkutan umum menuju ke sana, tak menghalangi rasa penasaran wisatawan. Gua ini terbentuk secara alami yang membedakan gua ini dengan gua lainnya adalah letaknya. lokasinya terletak di tengah waduk jatibarang, sebuah bendungan yang membendung Sungai Kreo.",Cagar Alam,Semarang,5500,43.0,goa kreo semarang ibukota jawa tengah hit kalang netizen heran cuaca cerah antri ular angkut umum halang penasaran wisatawan gua bentuk alami beda gua gua letak lokasi letak tengah waduk jatibarang bendung bendung sungai kreo,goa kreo semarang ibukota jawa tengah hit kalang netizen heran cuaca cerah antri ular angkut umum halang penasaran wisatawan gua bentuk alami beda gua gua letak lokasi letak tengah waduk jatibarang bendung bendung sungai kreo cagar alam semarang,Goa,60
388,Watu Gunung Ungaran,"Objek wisata alam memang sangat cocok dikunjungi, terlebih saat akhir pekan. Ditambah lagi, lokasi objek wisata yang tidak terlalu jauh dari pusat kota. Seperti objek wisata Watu Gunung yang ada di Ungaran, Kota Semarang. Berkunjung ke wisata alam dapat membuat pikiran menjadi segar. Terlebih, objek wisata ini menawarkan wisata alam dan air yang menawan. Selain itu, dipadukan juga dengan nuansa adat Jawa yang khas. Dulunya, kawasan Watu Gunung ini bukanlah suatu objek wisata. Hanya tanah yang ditumbuhi pohon pala dan cengkeh yang lebat. Sayangnya, kawasan tersebut gersang dan susah mendapatkan air. Kemudian, di tahun 2004 sang pemilik berinisiatif untuk mendirikan villa pribadi. Dan lama kelamaan, dibuatlah objek wisata yang dibuka untuk umum. Dengan tetap mempertahankan bangunan joglo sebagai ciri khasnya.",Cagar Alam,Semarang,25000,44.0,objek wisata alam cocok kunjung pekan tambah lokasi objek wisata pusat kota objek wisata watu gunung ungar kota semarang kunjung wisata alam pikir segar objek wisata tawar wisata alam air tawan padu nuansa adat jawa khas dulunya kawasan watu gunung objek wisata tanah tumbuh pohon pala cengkeh lebat sayang kawasan gersang susah air tahun sang milik inisiatif diri villa pribadi buat objek wisata buka umum tahan bangun joglo ciri khas,objek wisata alam cocok kunjung pekan tambah lokasi objek wisata pusat kota objek wisata watu gunung ungar kota semarang kunjung wisata alam pikir segar objek wisata tawar wisata alam air tawan padu nuansa adat jawa khas dulunya kawasan watu gunung objek wisata tanah tumbuh pohon pala cengkeh lebat sayang kawasan gersang susah air tahun sang milik inisiatif diri villa pribadi buat objek wisata buka umum tahan bangun joglo ciri khas cagar alam semarang,Gunung/Bukit,60
389,Brown Canyon,"Di Indonesia, Brown Canyon adalah sebuah bekas penambangan tanah di Meteseh, Tembalang, Semarang. Lokasi ini menjadi salah satu lokasi (bukan tempat wisata) yang populer di Semarang dan dianggap mirip dengan Grand Canyon di Amerika Serikat. Kemiripan ini terletak pada bukit-bukit yang berubah menjadi tebing-tebing curam.",Cagar Alam,Semarang,0,42.0,indonesia brown canyon bekas tambang tanah meteseh tembalang semarang lokasi salah lokasi wisata populer semarang anggap grand canyon amerika serikat mirip letak bukit bukit ubah tebing tebing curam,indonesia brown canyon bekas tambang tanah meteseh tembalang semarang lokasi salah lokasi wisata populer semarang anggap grand canyon amerika serikat mirip letak bukit bukit ubah tebing tebing curam cagar alam semarang,Cagar Alam,60
390,Durian Gardens and Tourism Education Watu Simbar,"Perlu diketahui, watu simbar ini merupakan lokasi wisata yang menawarkan edukasi dari berbagai macam pohon durian. Walaupun terkesan biasa saja, hal tersebut lah yang sebenarnya menjadi keunikan tempat ini. Apabila seseorang datang kemari, orang tersebut akan bisa mempelajari banyak hal tentang pohon durian. Selain bisa mempelejari berbagai macam hal tentang pohon durian tersebut, tentu lah para pengunjung pun bisa membeli durian yang berada disana.",Cagar Alam,Semarang,5000,41.0,watu simbar lokasi wisata tawar edukasi pohon durian kes uni kemari ajar pohon durian lejar pohon durian unjung beli durian sana,watu simbar lokasi wisata tawar edukasi pohon durian kes uni kemari ajar pohon durian lejar pohon durian unjung beli durian sana cagar alam semarang,Kebun/Taman,60
391,Flower Farm Setiya Aji,"Di taman bunga Setiya Aji Flower Farm kita bisa melihat warna-warni bunga krisan yang terlihat sangat cantik. Selain itu lokasinya yang berada di dataran tinggi membuat udara di kebun bunga Bandungan ini terasa cukup segar. Taman bunga Setiya Aji Flower Farm Bandungan ini dalam sekejab menarik perhatian wisatawan, terutama kalangan anak muda yang penasaran ingin melihat keindahan bunga-bunga di tempat wisata Semarang tersebut. Kini Setiya Aji Flower Farm menjadi salah satu tempat wisata favorit di Bandungan yang wajib dikunjungi, terutama bagi wisatawan yang sedang mencari objek wisata romantis di Kabupaten Semarang selain di Gedong Songo.",Cagar Alam,Semarang,7500,41.0,taman bunga setiya aji flower farm warna warni bunga krisan cantik lokasi datar tinggi udara kebun bunga bandung segar taman bunga setiya aji flower farm bandung jab tarik perhati wisatawan kalang anak muda penasaran indah bunga bunga wisata semarang setiya aji flower farm salah wisata favorit bandung wajib kunjung wisatawan cari objek wisata romantis kabupaten semarang gedong songo,taman bunga setiya aji flower farm warna warni bunga krisan cantik lokasi datar tinggi udara kebun bunga bandung segar taman bunga setiya aji flower farm bandung jab tarik perhati wisatawan kalang anak muda penasaran indah bunga bunga wisata semarang setiya aji flower farm salah wisata favorit bandung wajib kunjung wisatawan cari objek wisata romantis kabupaten semarang gedong songo cagar alam semarang,Cagar Alam,60
392,Ekowisata Mangrove Wonorejo,Hutan Wisata Mangrove Surabaya merupakan wisata yang menggabungkan wisata rekreasi dan edukasi. Di area dengan luas kurang lebih 200 hektar ini ditanami berbagai tanaman bakau. Lokasi wisata ini dikelola dengan baik oleh pemerintah Kota Surabaya. Sehingga wisata ini diminati pengunjung karena tertata rapi dan bersih. Aktivitas wisata yang bisa dilakukan antara lain berkeliling hutan mangrove baik menggunakan perahu atau berjalan kaki . Serta wisata edukasi mengenai ekosistem sekitar._x000D_,Cagar Alam,Surabaya,0,43.0,hutan wisata mangrove surabaya wisata gabung wisata rekreasi edukasi area luas hektar tanam tanam bakau lokasi wisata kelola perintah kota surabaya wisata mati unjung tata rapi bersih aktivitas wisata keliling hutan mangrove perahu jalan kaki wisata edukasi ekosistem,hutan wisata mangrove surabaya wisata gabung wisata rekreasi edukasi area luas hektar tanam tanam bakau lokasi wisata kelola perintah kota surabaya wisata mati unjung tata rapi bersih aktivitas wisata keliling hutan mangrove perahu jalan kaki wisata edukasi ekosistem cagar alam surabaya,Cagar Alam,60
393,Taman Harmoni Keputih,"Tempat tersebut ialah Taman Hatmoni Keputih Surabaya yang memiliki segudang koleksi bunga warna-warni. Dulunya tempat ini merupakan lokasi pembuangan sampah atau TPA, namun kini bertransformasi menjadi sebuah wisata taman yang sangat cantik. Bukan hanya cantik, namun bunga-bunga yang bermekaran di Taman Harmoni terlihat sangat instagramable, sehingga tak heran jika mayoritas pengunjung tempat ini merupakan para kaum kawula muda penggiat sosial media. Lantas berapa sih budget untuk memasuki kawasan Taman Harmoni Surabaya ini? Kamu nggak perlu khawatir, karena harga tiket masuk Taman Harmoni Keputih Surabaya ini gratis. Kamu hanya perlu menyiapkan kocek untuk membayar karcis parkir saja.",Cagar Alam,Surabaya,0,44.0,taman hatmoni putih surabaya milik gudang koleksi bunga warna warni dulunya lokasi buang sampah tpa transformasi wisata taman cantik cantik bunga bunga mekar taman harmoni instagramable heran mayoritas unjung kaum kawula muda giat sosial media lantas sih budget pasuk kawasan taman harmoni surabaya nggak khawatir harga tiket taman harmoni putih surabaya gratis kocek bayar karcis parkir,taman hatmoni putih surabaya milik gudang koleksi bunga warna warni dulunya lokasi buang sampah tpa transformasi wisata taman cantik cantik bunga bunga mekar taman harmoni instagramable heran mayoritas unjung kaum kawula muda giat sosial media lantas sih budget pasuk kawasan taman harmoni surabaya nggak khawatir harga tiket taman harmoni putih surabaya gratis kocek bayar karcis parkir cagar alam surabaya,Kebun/Taman,60
394,Air Mancur Menari,"Jembatan Kenjeran dengan air mancur menarinya sejatinya bukan hanya sebuah jembatan penghubung jalan saja, namun juga dimanfaatkan sebagai destinasi wisata oleh pemerintah kota Surabaya. Posisi air mancur menari sendiri berada di ujung jembatan Kenjeran dekat dengan anjungan penyeberangan atau di Taman Hiburan Pantai (THP). Lokasi ini sangat ramah kaum difabel karena tersedia lift yang dapat mereka gunakan untuk mempermudah perjalanan mereka. Sembari menunggu pertunjukan air mancur menari yang spektakuler di jembatan Kenjeran ini, Anda dapat menikmati pemandangan indah matahari terbenam (sunset) di jembatan ini. Jangan lewatkan untuk berfoto dengan laut lepas yang memesona sebagai latar belakangnya. Anda juga dapat menikmati berbagai kuliner lezat khas Jawa Timur di lokasi ini karena banyak pedagang kaki lima yang berjualan di sini. Berbagai mainan anak-anak pun dijual di lokasi ini. Jadi tidak perlu kuatir bahwa anak-anak akan merasa bosan menunggu pertunjukan air mancur menari yang mereka tunggu-tunggu. Silakan atur jadwal kunjungan Anda untuk menyaksikan taman air mancur menari Kenjeran ini dan buktikan sendiri keindahannya. Pastikan bahwa mobilitas Anda terjamin dengan sewa mobil Surabaya karena di lokasi ini masih minim transportasi online pada malam hari.",Taman Hiburan,Surabaya,35000,44.0,jembatan kenjeran air mancur tar sejati jembatan hubung jalan manfaat destinasi wisata perintah kota surabaya posisi air mancur tari ujung jembatan kenjeran anjung seberang taman hibur pantai thp lokasi ramah kaum difabel sedia lift mudah jalan sembari tunggu tunjuk air mancur tari spektakuler jembatan kenjeran nikmat pandang indah matahari benam sunset jembatan lewat foto laut lepas pesona latar belakang nikmat kuliner lezat khas jawa timur lokasi dagang kaki jual main anak anak jual lokasi kuatir anak anak bosan tunggu tunjuk air mancur tari tunggu tunggu sila atur jadwal kunjung saksi taman air mancur tari kenjeran bukti indah pasti mobilitas jamin sewa mobil surabaya lokasi minim transportasi online malam,jembatan kenjeran air mancur tar sejati jembatan hubung jalan manfaat destinasi wisata perintah kota surabaya posisi air mancur tari ujung jembatan kenjeran anjung seberang taman hibur pantai thp lokasi ramah kaum difabel sedia lift mudah jalan sembari tunggu tunjuk air mancur tari spektakuler jembatan kenjeran nikmat pandang indah matahari benam sunset jembatan lewat foto laut lepas pesona latar belakang nikmat kuliner lezat khas jawa timur lokasi dagang kaki jual main anak anak jual lokasi kuatir anak anak bosan tunggu tunjuk air mancur tari tunggu tunggu sila atur jadwal kunjung saksi taman air mancur tari kenjeran bukti indah pasti mobilitas jamin sewa mobil surabaya lokasi minim transportasi online malam taman hiburan surabaya,Taman Hiburan,60
395,Taman Prestasi,"Taman Prestasi Surabaya merupakan salah satu taman yang begitu terkenal di Kota Pahlawan dan banyak dikunjungi, sehingga tak heran jika menjadi tempat favorit bagi keluarga terutama pada saat weekend. di tempat lain juga ada loh nama stadion dan taman yang sama persis dengan yang di Surabaya ini, di Bontang, Kaltim yang punya Stadion dengan nama stadion “Taman Prestasi”. Jalan Ahmad Yani, Sukarasa, Kota Tangerang, Banten 15111, juga ada sebuah taman bernama “Taman Prestasi” persis bukan? Di Jogja juga ada sebuah taman yang serupa bernama “Taman Pintar”.",Taman Hiburan,Surabaya,0,46.0,taman prestasi surabaya salah taman kenal kota pahlawan kunjung heran favorit keluarga weekend loh nama stadion taman persis surabaya bontang kaltim stadion nama stadion taman prestasi jalan ahmad yani sukarasa kota tangerang banten taman nama taman prestasi persis jogja taman nama taman pintar,taman prestasi surabaya salah taman kenal kota pahlawan kunjung heran favorit keluarga weekend loh nama stadion taman persis surabaya bontang kaltim stadion nama stadion taman prestasi jalan ahmad yani sukarasa kota tangerang banten taman nama taman prestasi persis jogja taman nama taman pintar taman hiburan surabaya,Kebun/Taman,60
396,Monumen Kapal Selam,"Monumen Kapal Selam, atau disingkat Monkasel, adalah sebuah museum kapal selam yang terdapat di Embong Kaliasin, Genteng, Surabaya. Terletak di pusat kota, monumen ini sebenarnya merupakan kapal selam KRI Pasopati 410, salah satu armada Angkatan Laut Republik Indonesia buatan Uni Soviet tahun 1952. Kapal selam ini pernah dilibatkan dalam Pertempuran Laut Aru untuk membebaskan Irian Barat dari pendudukan Belanda.\nKapal selam ini kemudian dibawa ke darat dan dijadikan monumen untuk memperingati keberanian pahlawan Indonesia. Monkasel berada di Jalan Pemuda, tepat di sebelah Plaza Surabaya. Selain interior kapal selam, di sini juga diadakan pemutaran film tentang proses peperangan yang terjadi di Laut Aru. Jika ingin mengunjungi tempat wisata ini, maka akan ditemani oleh seorang pemandu lokal yang terdapat di sana.\nAda cerita unik di balik hadirnya monumen Kapal Selam ini. Pada suatu malam Pak Drajat Budiyanto yang merupakan mantan KKM KRI Pasopati 410 (buatan Rusia) ini dan juga mantan KKM KRI Cakra 401 (buatan Jerman Barat), bermimpi diperintahkan oleh KSAL pada waktu itu untuk membawa kapal selam ini melayari Kali Mas. Ternyata mimpi itu menjadi kenyataan. Dia ditugaskan untuk memajang kapal selam di samping Surabaya Plaza. Caranya dengan memotong kapal selam ini menjadi beberapa bagian, kemudian diangkut ke darat, dan dirangkai dan disambung kembali menjadi kapal selam yang utuh.",Budaya,Surabaya,15000,44.0,monumen kapal selam singkat monkasel museum kapal selam embong kaliasin genteng surabaya letak pusat kota monumen kapal selam kri pasopati salah armada angkat laut republik indonesia buat uni soviet tahun kapal selam libat tempur laut aru bebas iri barat duduk belanda nkapal selam bawa darat jadi monumen ingat berani pahlawan indonesia monkasel jalan pemuda belah plaza surabaya interior kapal selam ada putar film proses peperangan laut aru unjung wisata tani pandu lokal nada cerita unik hadir monumen kapal selam malam drajat budiyanto mantan kkm kri pasopati buat rusia mantan kkm kri cakra buat jerman barat mimpi perintah ksal waktu bawa kapal selam layar mas mimpi nyata tugas pajang kapal selam samping surabaya plaza potong kapal selam angkut darat rangkai sambung kapal selam utuh,monumen kapal selam singkat monkasel museum kapal selam embong kaliasin genteng surabaya letak pusat kota monumen kapal selam kri pasopati salah armada angkat laut republik indonesia buat uni soviet tahun kapal selam libat tempur laut aru bebas iri barat duduk belanda nkapal selam bawa darat jadi monumen ingat berani pahlawan indonesia monkasel jalan pemuda belah plaza surabaya interior kapal selam ada putar film proses peperangan laut aru unjung wisata tani pandu lokal nada cerita unik hadir monumen kapal selam malam drajat budiyanto mantan kkm kri pasopati buat rusia mantan kkm kri cakra buat jerman barat mimpi perintah ksal waktu bawa kapal selam layar mas mimpi nyata tugas pajang kapal selam samping surabaya plaza potong kapal selam angkut darat rangkai sambung kapal selam utuh budaya surabaya,Budaya,60
397,Taman Kunang-Kunang,"Taman Kunang – Kunang di Surabaya ini mempunyai luas 400 meter persegi dan Taman Kunang – Kunang di Surabaya ini diresmikan oleh walikota Surabaya, Ibu Tri Rismaharini pada hari sabtu 28 Oktober 2010. Lokasi Taman Kunang – Kunang di Surabaya ini terletak di Jalan Panjaringan Timur, Panjaringan Sari, Kecamatan Rungkut, Kota Surabaya. Taman Kunang – Kunang di Surabaya ini letaknya persis berada di antara dua bangunan rumah susun dan terdapat tulisan “Taman Kunang – Kunang,” dengan latar belakang putih. Taman Kunang – Kunang di Surabaya mempunyai banyak fasilitas publik yang cukup lengkap diantaranya adalah lapangan futsal, lapangan basket, dan area bermain untuk anak – anak. Taman Kunang – Kunang di Surabaya ini telah menjadi kawasan bermain di Surabaya untuk semua kalangan, mulai dari anak – anak, remaja, maupun dewasa. Bahkan Taman Kunang – Kunang di Surabaya ini juga tidak jarang dikunjungi oleh para lansia.",Taman Hiburan,Surabaya,0,44.0,taman nang nang surabaya luas meter persegi taman nang nang surabaya resmi walikota surabaya tri rismaharini sabtu oktober lokasi taman nang nang surabaya letak jalan panjaringan timur panjaringan sari camat rungkut kota surabaya taman nang nang surabaya letak persis bangun rumah susun tulis taman nang nang latar putih taman nang nang surabaya fasilitas publik lengkap lapang futsal lapang basket area main anak anak taman nang nang surabaya kawasan main surabaya kalang anak anak remaja dewasa taman nang nang surabaya jarang kunjung lansia,taman nang nang surabaya luas meter persegi taman nang nang surabaya resmi walikota surabaya tri rismaharini sabtu oktober lokasi taman nang nang surabaya letak jalan panjaringan timur panjaringan sari camat rungkut kota surabaya taman nang nang surabaya letak persis bangun rumah susun tulis taman nang nang latar putih taman nang nang surabaya fasilitas publik lengkap lapang futsal lapang basket area main anak anak taman nang nang surabaya kawasan main surabaya kalang anak anak remaja dewasa taman nang nang surabaya jarang kunjung lansia taman hiburan surabaya,Kebun/Taman,60
398,Taman Buah Surabaya,"Wisata Taman Buah Undaan di Surabaya adalah salah satu tempat wisata yang berada di blok m suturejo utara, kabupaten surabaya, provinsi jawa timur, negara indonesia. Wisata Taman Buah Undaan di Surabaya adalah tempat wisata yang ramai dengan wisatawan pada hari biasa maupun hari liburan. Tempat ini sangat indah dan bisa memberikan sensasi yang berbeda dengan aktivitas kita sehari hari. Wisata Taman Buah Undaan di Surabaya memiliki pesona keindahan yang sangat menarik untuk dikunjungi. Sangat di sayangkan jika anda berada di kota surabaya tidak mengunjungi wisata taman yang mempunyai keindahan yang tiada duanya tersebut. Wisata Taman Buah Undaan di Surabaya sangat cocok untuk mengisi kegiatan liburan anda, apalagi saat liburan panjang seperti libur nasional, ataupun hari ibur lainnya. Keindahan Wisata Taman Buah Undaan di Surabaya ini sangatlah baik bagi anda semua yang berada di dekat atau di kejauhan untuk merapat mengunjungi tempat Wisata Taman Buah Undaan di Surabaya di kota surabaya.",Taman Hiburan,Surabaya,0,41.0,wisata taman buah unda surabaya salah wisata blok suturejo utara kabupaten surabaya provinsi jawa timur negara indonesia wisata taman buah unda surabaya wisata ramai wisatawan libur indah sensasi beda aktivitas hari wisata taman buah unda surabaya milik pesona indah tarik kunjung sayang kota surabaya unjung wisata taman indah tiada dua wisata taman buah unda surabaya cocok isi giat libur libur libur nasional ibur indah wisata taman buah unda surabaya jauh rapat unjung wisata taman buah unda surabaya kota surabaya,wisata taman buah unda surabaya salah wisata blok suturejo utara kabupaten surabaya provinsi jawa timur negara indonesia wisata taman buah unda surabaya wisata ramai wisatawan libur indah sensasi beda aktivitas hari wisata taman buah unda surabaya milik pesona indah tarik kunjung sayang kota surabaya unjung wisata taman indah tiada dua wisata taman buah unda surabaya cocok isi giat libur libur libur nasional ibur indah wisata taman buah unda surabaya jauh rapat unjung wisata taman buah unda surabaya kota surabaya taman hiburan surabaya,Kebun/Taman,60
399,Taman Pelangi,"Kalau pelangi biasanya ada di siang hari pasca hujan, maka di Taman Pelangi Yogyakarta pengunjung justru bisa menikmatinya setiap malam hari. Ya, ini lantaran taman ini merupakan Taman Lampion beraneka warna dan rupa. Buka sejak petang, Taman ini memang sangat cocok dijadikan pilihan destinasi rekreasi keluarga saat malam hari. Namun karena merupakan taman outdoor alias terbuka, maka pilihan paling tepat untuk datang ialah saat cuaca tidak hujan.",Taman Hiburan,Surabaya,0,45.0,pelangi siang pasca hujan taman pelangi yogyakarta unjung nikmat malam lantar taman taman lampion aneka warna buka petang taman cocok jadi pilih destinasi rekreasi keluarga malam taman outdoor alias buka pilih cuaca hujan,pelangi siang pasca hujan taman pelangi yogyakarta unjung nikmat malam lantar taman taman lampion aneka warna buka petang taman cocok jadi pilih destinasi rekreasi keluarga malam taman outdoor alias buka pilih cuaca hujan taman hiburan surabaya,Kebun/Taman,60
400,Hutan Bambu Keputih,"Surabaya menjadi kota metropolitan kedua setelah Jakarta. Kepadatan penduduk Surabaya pun cukup tinggi, dan karena terletak di pesisir, suhu kota terasa panas. Meski begitu, masih ada tempat sejuk, teduh, dan asri di tengah Kota Surabaya. Ialah Hutan Bambu Surabaya, tepatnya berada di Keputih. Mendengar nama “Hutan Bambu”, mungkin yang terlintas adalah hutan di pedesaan. Tapi jangan salah, di tengah kota pun dapat terwujud tempat asri seperti ini. Suasananya yang asri membuat pengunjung berbondong-bondong datang ke lokasi ini. Dan sekarang, taman rekreasi ini tengah menjadi favorit pengunjung menghabiskan waktu luang.",Cagar Alam,Surabaya,0,43.0,surabaya kota metropolitan jakarta padat duduk surabaya tinggi letak pesisir suhu kota panas sejuk teduh asri tengah kota surabaya hutan bambu surabaya tepat putih dengar nama hutan bambu lintas hutan desa salah tengah kota wujud asri suasana asri unjung bondong bondong lokasi taman rekreasi tengah favorit unjung habis waktu luang,surabaya kota metropolitan jakarta padat duduk surabaya tinggi letak pesisir suhu kota panas sejuk teduh asri tengah kota surabaya hutan bambu surabaya tepat putih dengar nama hutan bambu lintas hutan desa salah tengah kota wujud asri suasana asri unjung bondong bondong lokasi taman rekreasi tengah favorit unjung habis waktu luang cagar alam surabaya,Kebun/Taman,60
401,Taman Keputran,"Ntah, mengapa nama taman ini disebut dengan taman keputran, namun jika dikaitkan dengan lokasi taman, berada di persimpangan jalan Keputran Surabaya. Selain itu, di seberang sungai terdapat juga sebuah taman yang bernama Taman Lalu Lintas Surabaya. Keunikan Taman Keputran dibandingkan dengan taman lainnya adalah adanya lampu yang kerangka tiangnya mirip dengan manusia, dengan gaya pose yang berbeda-beda itu, membuat taman ini terlihat ada sentuhan kreatif dan inovatif. Lampu-lampu itu terang dan indah pada malam hari. Untuknya, taman ini cukup representatif sebagai pilihan mendapatkan tempat tongkrongan yang tenang pada malam hari. Tak hanya itu, jalur pijat refleksi kaki juga tersedia disana. Cocok untuk pengunjung yang ingin mencoba pengobatan refleksi kaki sederhana. Melalui pemahaman tentang jalur refleksi secara mendalam, sebagian orang memilih sarana ini dalam usaha menyembuhkan penyakit._x000D_",Taman Hiburan,Surabaya,0,43.0,ntah nama taman taman keputran kait lokasi taman simpang jalan keputran surabaya seberang sungai taman nama taman lintas surabaya uni taman keputran banding taman lampu kerangka tiang manusia gaya pose beda beda taman sentuh kreatif inovatif lampu lampu terang indah malam untuk taman representatif pilih tongkrong tenang malam jalur pijat refleksi kaki sedia sana cocok unjung coba obat refleksi kaki sederhana paham jalur refleksi dalam pilih sarana usaha sembuh sakit,ntah nama taman taman keputran kait lokasi taman simpang jalan keputran surabaya seberang sungai taman nama taman lintas surabaya uni taman keputran banding taman lampu kerangka tiang manusia gaya pose beda beda taman sentuh kreatif inovatif lampu lampu terang indah malam untuk taman representatif pilih tongkrong tenang malam jalur pijat refleksi kaki sedia sana cocok unjung coba obat refleksi kaki sederhana paham jalur refleksi dalam pilih sarana usaha sembuh sakit taman hiburan surabaya,Kebun/Taman,60
402,Food Junction Grand Pakuwon,"Food Junction Grand Pakuwon sebetulnya merupakan suatu pujasera dengan konsep yang sedikit berbeda dengan tempat lainnya. Tempatnya yang terletak di area Tandes, Surabaya Barat (strategis dengan suasana romantis dan unik) dimana jika dari arah pusat kota hanya membutuhkan waktu 20 menit untuk sampai ke lokasi. Sehingga tidak heran apabila banyak warga Surabaya yang menghabiskan waktu sore hari ditempat ini.",Pusat Perbelanjaan,Surabaya,0,45.0,food junction grand pakuwon pujasera konsep beda tempat letak area tandes surabaya barat strategis suasana romantis unik mana arah pusat kota butuh waktu menit lokasi heran warga surabaya habis waktu sore tempat,food junction grand pakuwon pujasera konsep beda tempat letak area tandes surabaya barat strategis suasana romantis unik mana arah pusat kota butuh waktu menit lokasi heran warga surabaya habis waktu sore tempat pusat perbelanjaan surabaya,Pusat Perbelanjaan,60
403,Taman Barunawati,"Taman Barunawati yang lokasinya berada di kota Surabaya bagian utara. Taman yang satu ini bisa menjadi referensi untuk dikunjungi karena cukup recommended terutama bagi warga Surabaya atau bahkan warga luar Surabaya. Layaknya taman pada umumnya, memanglah menjadi tempat berlibur yang paling murah namun ada manfaat tersendiri yang bisa dirasakan oleh pengunjung seperti pikiran jadi tenang. Selain itu kita juga bisa mengajak anak atau anggota keluarga yang masih kecil untuk sekedar bermain di playground yang ada di dalam Taman Barunawati. Taman yang diresmikan pada 9 Oktober 2019 itu sekarang kondisinya nampak indah dan asri sehingga dapat mengalihkan perhatian bagi siapa saja yang melewati jalan Perak Barat Surabaya. Berkunjung ke taman ini pun kita tidak perlu merogoh kocek sepeser pun, namun pengunjung masih dapat menikmati pemandangan dan semua fasilitas yang ada di dalamnya.",Taman Hiburan,Surabaya,0,42.0,taman barunawati lokasi kota surabaya utara taman referensi kunjung recommended warga surabaya warga surabaya layak taman memang libur murah manfaat sendiri rasa unjung pikir tenang ajak anak anggota keluarga dar main playground taman barunawati taman resmi oktober kondisi nampak indah asri alih perhati lewat jalan perak barat surabaya kunjung taman rogoh kocek peser unjung nikmat pandang fasilitas dalam,taman barunawati lokasi kota surabaya utara taman referensi kunjung recommended warga surabaya warga surabaya layak taman memang libur murah manfaat sendiri rasa unjung pikir tenang ajak anak anggota keluarga dar main playground taman barunawati taman resmi oktober kondisi nampak indah asri alih perhati lewat jalan perak barat surabaya kunjung taman rogoh kocek peser unjung nikmat pandang fasilitas dalam taman hiburan surabaya,Kebun/Taman,60
404,Kenjeran Park,"Kenjeran Park merupakan salah satu tempat wisata kekinian di Surabaya. Tempat wisata ini berlokasi tepat di Jalan Sukolilo, Desa Sukolilo Baru, Kecamatan Bulak, Surabaya, Jawa Timur. Dulunya, Kenjeran Park merupakan tempat yang kumuh dan kurang terawat. Tetapi, tempat ini kembali terawat hingga bertransformasi menjadi destinasi wisata modern dan kekinian di tengah Kota Surabaya. Kenjeran Park terdiri dari beberapa kawasan wisata yang bisa pengunjung pilih. Bagi yang membawa anak-anak dan suka berenang, pengunjung bisa mengunjungi Atlantis Land Kenjeran. Lalu, pengunjung juga bisa menyambangi beberapa tempat yang ikonik dari Kenjeran Park. Salah satunya adalah Pagoda Tian Ti. Pagoda Tian Ti ini punya desain yang terinspirasi dari Pagoda Tian Tan di Beijing, China. Namun, Pagoda Tian Ti terdiri dari tiga lantai dengan diameter 60 meter dan tinggi 58 meter. Tempat ikonik lainnya adalah Patung Buddha 4 Wajah. Patung Buddha memiliki ketinggian 36 meter. Tempat menarik lainnya yang bisa pengunjung sambangi adalah Klenteng Sanggar Agung. Di klenteng ini, pengunjung bisa melihat patung Dewi Kwan Im dan sepasang naga merah keemasan yang langsung menghadap ke pantai.",Taman Hiburan,Surabaya,35000,42.0,kenjeran park salah wisata kini surabaya wisata lokasi jalan sukolilo desa sukolilo camat bulak surabaya jawa timur dulunya kenjeran park kumuh awat awat transformasi destinasi wisata modern kini tengah kota surabaya kenjeran park kawasan wisata unjung pilih bawa anak anak suka renang unjung unjung atlantis land kenjeran unjung sambang ikonik kenjeran park salah satu pagoda tian ti pagoda tian ti desain inspirasi pagoda tian tan beijing china pagoda tian ti lantai diameter meter tinggi meter ikonik patung buddha wajah patung buddha milik tinggi meter tarik unjung sambang klenteng sanggar agung klenteng unjung patung dewi kwan im pasang naga merah emas hadap pantai,kenjeran park salah wisata kini surabaya wisata lokasi jalan sukolilo desa sukolilo camat bulak surabaya jawa timur dulunya kenjeran park kumuh awat awat transformasi destinasi wisata modern kini tengah kota surabaya kenjeran park kawasan wisata unjung pilih bawa anak anak suka renang unjung unjung atlantis land kenjeran unjung sambang ikonik kenjeran park salah satu pagoda tian ti pagoda tian ti desain inspirasi pagoda tian tan beijing china pagoda tian ti lantai diameter meter tinggi meter ikonik patung buddha wajah patung buddha milik tinggi meter tarik unjung sambang klenteng sanggar agung klenteng unjung patung dewi kwan im pasang naga merah emas hadap pantai taman hiburan surabaya,Taman Hiburan,60
405,Surabaya North Quay,"Surabaya menjadi kota besar yang sering menjadi tempat tujuan wisata. Berbagai tempat belanja dari tradisional hingga modern ada di Ibukota Jawa Timur ini. Namun, apakah tidak bosan wisata belanja saja di Surabaya? Jika bosan, datanglah ke Surabaya North Quay, objek wisata baru di Surabaya. Surabaya North Quay sebenarnya adalah terminal bagi kapal pesiar mewah yang bersandar. Namun, tempat ini sengaja dibenahi supaya dapat menjadi tempat wisata bagi warga Surabaya dan sekitarnya. Bahkan, tak sedikit yang berasal dari luar daerah yang penasaran ingin menikmati pemandangan menakjubkan. Lautan lepas dengan kapal pesiar mewah yang bersandar di terminal ini, menjadi daya tarik utamanya.",Taman Hiburan,Surabaya,50000,44.0,surabaya kota tuju wisata belanja tradisional modern ibukota jawa timur bosan wisata belanja surabaya bosan datang surabaya north quay objek wisata surabaya surabaya north quay terminal kapal pesiar mewah sandar sengaja benah wisata warga surabaya asal daerah penasaran nikmat pandang takjub laut lepas kapal pesiar mewah sandar terminal daya tarik utama,surabaya kota tuju wisata belanja tradisional modern ibukota jawa timur bosan wisata belanja surabaya bosan datang surabaya north quay objek wisata surabaya surabaya north quay terminal kapal pesiar mewah sandar sengaja benah wisata warga surabaya asal daerah penasaran nikmat pandang takjub laut lepas kapal pesiar mewah sandar terminal daya tarik utama taman hiburan surabaya,Taman Hiburan,60
406,Kebun Bibit Wonorejo,"Meskipun namanya kebun bibit, namun kawasan ini rasanya lebih cocok disebut sebagai taman. Kawasan Kebun Bibit Wonorejo ini terbagi menjadi 2 bagian, yaitu Taman Aktif dan Taman Pasif yang total keduanya mempunyai luas sebesar 5.9 hektare. Cuaca panas yang bikin gerah memang paling enak didinginkan dengan berkunjung ke tempat adem. Selain mall, taman kota di Surabaya seperti Kebun Bibit Wonorejo ini juga pilihan yang tepat. Pengunjung akan dimanjakan dengan udara sejuk. Hal ini karena banyaknya pepohonan yang menjulang tinggi.",Cagar Alam,Surabaya,0,44.0,nama kebun bibit kawasan cocok taman kawasan kebun bibit wonorejo bagi taman aktif taman pasif total luas hektare cuaca panas bikin gerah dingin kunjung adem mall taman kota surabaya kebun bibit wonorejo pilih unjung manja udara sejuk banyak pohon julang tinggi,nama kebun bibit kawasan cocok taman kawasan kebun bibit wonorejo bagi taman aktif taman pasif total luas hektare cuaca panas bikin gerah dingin kunjung adem mall taman kota surabaya kebun bibit wonorejo pilih unjung manja udara sejuk banyak pohon julang tinggi cagar alam surabaya,Kebun/Taman,60
407,Taman Ekspresi Dan Perpustakaan,"Taman Ekspresi Surabaya tidak hanya menyuguhkan taman yang rindang dan asri. Taman di Jalan Gentengkali ini juga punya fasilitas penunjang berupa perpustakaan di sisi barat. Perpustakaan yang dikelola Dinas Perpustakaan dan Kearsipan Kota Surabaya tersebut memiliki 3.412 koleksi buku. Buku-buku yang ada di perpustakaan sangat lengkap dan baru, dari cetakan 2009 sampai terbaru 2019. Mulai buku bahasa, filsafat, psikologi, agama, matematika, ilmu alam, ilmu sosial, keluarga, teknologi, seni, sastra, geografis, sejarah, hingga bacaan untuk anak-anak.",Taman Hiburan,Surabaya,0,45.0,taman ekspresi surabaya suguh taman rindang asri taman jalan gentengkali fasilitas tunjang pustaka sisi barat pustaka kelola dinas pustaka arsip kota surabaya milik koleksi buku buku buku pustaka lengkap cetak baru buku bahasa filsafat psikologi agama matematika ilmu alam ilmu sosial keluarga teknologi seni sastra geografis sejarah baca anak anak,taman ekspresi surabaya suguh taman rindang asri taman jalan gentengkali fasilitas tunjang pustaka sisi barat pustaka kelola dinas pustaka arsip kota surabaya milik koleksi buku buku buku pustaka lengkap cetak baru buku bahasa filsafat psikologi agama matematika ilmu alam ilmu sosial keluarga teknologi seni sastra geografis sejarah baca anak anak taman hiburan surabaya,Kebun/Taman,60
408,Kebun Binatang Surabaya,"Kebun Binatang Surabaya (KBS) (Dialek Arekan: Kebon Binatang Suroboyo) adalah salah satu kebun binatang yang populer di Indonesia dan terletak di Surabaya. KBS merupakan kebun binatang yang pernah terlengkap se-Asia Tenggara, di dalamnya terdapat lebih dari 981 spesies satwa yang berbeda yang terdiri lebih dari 2.806 binatang. Termasuk di dalamnya satwa langka Indonesia maupun dunia terdiri dari Mamalia, Aves, Reptilia, dan Pisces._x000D_",Cagar Alam,Surabaya,15000,43.0,kebun binatang surabaya kbs dialek are kebon binatang suroboyo salah kebun binatang populer indonesia letak surabaya kbs kebun binatang lengkap asia tenggara dalam spesies satwa beda binatang dalam satwa langka indonesia dunia mamalia aves reptilia pisces,kebun binatang surabaya kbs dialek are kebon binatang suroboyo salah kebun binatang populer indonesia letak surabaya kbs kebun binatang lengkap asia tenggara dalam spesies satwa beda binatang dalam satwa langka indonesia dunia mamalia aves reptilia pisces cagar alam surabaya,Kebun/Taman,60
409,Rumah Batik,"Di rumah batik ini terdapat sekitar 2000 lembar batik yang memiliki ragam corak yang beraneka macam. Aneka batik tersebut terbuat dari berbagai macam jenis bahan yaitu seperti prima, primis, santio, sutra, prishmina dan sarimpit. Tidak hanya kain batik saja yang dapat anda temukan di rumah batik ini melainkan juga ada sarung batik, baju batik, celana batik, rok batik, selendang batik, dan lain sebagainya. Untuk anda yang ingin segera mengunjungi rumah batik di Surabaya ini maka berikut informasi alamat dari rumah batik itu sendiri. Jadi rumah batik tersebut pada mulanya terletak di jalan tambak, dukuh 1, no.4, rt.01, rw.09, kelurahan kapasari, kecamatan genteng, Surabaya. Di tempat ini anda akan melihat berbagai macam batik yang di pajang yaitu mulai dari batik Surabaya, bangkalan, sidoarjo, sumenep, mojokerto, ponorogo, tuban, jombang, dan bojonegoro. Karena koleksi yang di miliki di rumah batik Surabaya ini sangat beragam tentu saja membuat banyak pengunjung yang ingin datang ke lokasi ini. Setelah itu rumah batik ini di pindah di lokasi jalan margorejo, no. 143, Surabaya._x000D_",Budaya,Surabaya,0,45.0,rumah batik lembar batik milik ragam corak aneka aneka batik buat jenis bahan prima primis santio sutra prishmina sarimpit kain batik temu rumah batik sarung batik baju batik celana batik rok batik selendang batik unjung rumah batik surabaya informasi alamat rumah batik rumah batik letak jalan tambak dukuh no rt rw lurah kapasari camat genteng surabaya batik pajang batik surabaya bangkal sidoarjo sumenep mojokerto ponorogo tuban jombang bojonegoro koleksi milik rumah batik surabaya agam unjung lokasi rumah batik pindah lokasi jalan margorejo no surabaya,rumah batik lembar batik milik ragam corak aneka aneka batik buat jenis bahan prima primis santio sutra prishmina sarimpit kain batik temu rumah batik sarung batik baju batik celana batik rok batik selendang batik unjung rumah batik surabaya informasi alamat rumah batik rumah batik letak jalan tambak dukuh no rt rw lurah kapasari camat genteng surabaya batik pajang batik surabaya bangkal sidoarjo sumenep mojokerto ponorogo tuban jombang bojonegoro koleksi milik rumah batik surabaya agam unjung lokasi rumah batik pindah lokasi jalan margorejo no surabaya budaya surabaya,Budaya,60
410,Ciputra Waterpark,"Ciputra Waterpark Surabaya – Bermain air di waterpark memang bisa menjadi alternatif rekreasi kaum urban di berbagai kota besar. Tidak hanya Jakarta, Surabaya sebagai salah satu kota metropolis di Indonesia juga sudah mulai bergeliat membangun tempat rekreasi keluarga. Salah satunya waterpark yang bisa menjadi tujuan wisata keluarga adalah Ciputra Waterpark Surabaya. Berlokasi di Waterpark Boulevard, Citraland “The Singapore of Surabaya”, Surabaya, waterpark yang berdiri di areal seluas 5 hektar menawarkan beragam aktivitas dan atraksi menarik. Tidak salah jika waterpark yang satu ini mengklaim sebagai water attraction terbesar Indonesia.",Taman Hiburan,Surabaya,95000,43.0,ciputra waterpark surabaya main air waterpark alternatif rekreasi kaum urban kota jakarta surabaya salah kota metropolis indonesia geliat bangun rekreasi keluarga salah satu waterpark tuju wisata keluarga ciputra waterpark surabaya lokasi waterpark boulevard citraland the singapore of surabaya surabaya waterpark diri areal luas hektar tawar agam aktivitas atraksi tarik salah waterpark klaim water attraction besar indonesia,ciputra waterpark surabaya main air waterpark alternatif rekreasi kaum urban kota jakarta surabaya salah kota metropolis indonesia geliat bangun rekreasi keluarga salah satu waterpark tuju wisata keluarga ciputra waterpark surabaya lokasi waterpark boulevard citraland the singapore of surabaya surabaya waterpark diri areal luas hektar tawar agam aktivitas atraksi tarik salah waterpark klaim water attraction besar indonesia taman hiburan surabaya,Taman Hiburan,60
411,Masjid Muhammad Cheng Hoo,"Masjid Cheng Hoo Surabaya adalah Masjid bernuansa Muslim Tionghoa yang berlokasi di Jalan Gading, Ketabang, Genteng, Surabaya atau 1.000 m utara Gedung Balaikota Surabaya. Masjid ini didirikan atas prakarsa para sespuh, penasehat, pengurus PITI, dan pengurus Yayasan Haji Muhammad Cheng Ho Indonesia Jawa Timur serta tokoh masyarakat Tionghoa di Surabaya. Pembangunan masjid ini diawali dengan peletakkan batu pertama 15 Oktober 2001 bertepatan dengan Isra' Mi'raj Nabi Muhammad SAW. Sedangkan pembangunannya baru dilaksanakan 10 Maret 2002 dan baru diresmikan pada 13 Oktober 2002. Masjid Cheng Ho, atau juga dikenal dengan nama Masjid Muhammad Cheng Ho Surabaya, ialah bangunan masjid yang menyerupai kelenteng (rumah ibadah umat Tri Dharma). Gedung ini terletak di areal komplek gedung serba guna PITI (Pembina Imam Tauhid Islam) Jawa Timur Jalan Gading No.2 (Belakang Taman Makam Pahlawan Kusuma Bangsa), Surabaya. Masjid ini didominasi warna merah, hijau, dan kuning. Ornamennya kental nuansa Tiongkok lama. Pintu masuknya menyerupai bentuk pagoda, terdapat juga relief naga dan patung singa dari lilin dengan lafaz Allah dalam huruf Arab di puncak pagoda. Di sisi kiri bangunan terdapat sebuah beduk sebagai pelengkap bangunan masjid.Selain Surabaya di Palembang juga telah ada masjid serupa dengan nama Masjid Cheng Ho Palembang atau Masjid Al Islam Muhammad Cheng Hoo Sriwijaya Palembang. Nama masjid ini merupakan bentuk penghormatan pada Cheng Ho, Laksamana asal Cina yang beragama Islam. Dalam perjalanannya di kawasan Asia Tenggara, Cheng Ho bukan hanya berdagang dan menjalin persahabatan, juga menyebarkan agama Islam.",Tempat Ibadah,Surabaya,0,47.0,masjid cheng hoo surabaya masjid nuansa muslim tionghoa lokasi jalan gading ketabang genteng surabaya utara gedung balaikota surabaya masjid diri prakarsa sespuh nasehat urus pit urus yayasan haji muhammad cheng ho indonesia jawa timur tokoh masyarakat tionghoa surabaya bangun masjid awal letak batu oktober tepat isra mi raj nabi muhammad saw bangun laksana maret resmi oktober masjid cheng ho kenal nama masjid muhammad cheng ho surabaya bangun masjid rupa kelenteng rumah ibadah umat tri dharma gedung letak areal komplek gedung serba pit bina imam tauhid islam jawa timur jalan gading no taman makam pahlawan kusuma bangsa surabaya masjid dominasi warna merah hijau kuning ornamen kental nuansa tiongkok pintu masuk rupa bentuk pagoda relief naga patung singa lilin lafaz allah huruf arab puncak pagoda sisi kiri bangun beduk lengkap bangun masjid surabaya palembang masjid nama masjid cheng ho palembang masjid al islam muhammad cheng hoo sriwijaya palembang nama masjid bentuk hormat cheng ho laksamana cina agama islam jalan kawasan asia tenggara cheng ho dagang jalin sahabat sebar agama islam,masjid cheng hoo surabaya masjid nuansa muslim tionghoa lokasi jalan gading ketabang genteng surabaya utara gedung balaikota surabaya masjid diri prakarsa sespuh nasehat urus pit urus yayasan haji muhammad cheng ho indonesia jawa timur tokoh masyarakat tionghoa surabaya bangun masjid awal letak batu oktober tepat isra mi raj nabi muhammad saw bangun laksana maret resmi oktober masjid cheng ho kenal nama masjid muhammad cheng ho surabaya bangun masjid rupa kelenteng rumah ibadah umat tri dharma gedung letak areal komplek gedung serba pit bina imam tauhid islam jawa timur jalan gading no taman makam pahlawan kusuma bangsa surabaya masjid dominasi warna merah hijau kuning ornamen kental nuansa tiongkok pintu masuk rupa bentuk pagoda relief naga patung singa lilin lafaz allah huruf arab puncak pagoda sisi kiri bangun beduk lengkap bangun masjid surabaya palembang masjid nama masjid cheng ho palembang masjid al islam muhammad cheng hoo sriwijaya palembang nama masjid bentuk hormat cheng ho laksamana cina agama islam jalan kawasan asia tenggara cheng ho dagang jalin sahabat sebar agama islam tempat ibadah surabaya,Tempat Ibadah,60
412,Masjid Nasional Al-Akbar,"Masjid Nasional Al Akbar (atau biasa disebut Masjid Agung Surabaya) ialah masjid terbesar kedua di Indonesia yang berlokasi di Kota Surabaya, Jawa Timur setelah Masjid Istiqlal di Jakarta. Posisi masjid ini berada di wilayah Kelurahan Pagesangan, Kecamatan Jambangan, Surabaya dan tepat di samping Jalan Tol Surabaya-Gempol. Ciri yang mudah dilihat adalah kubahnya yang besar didampingi 4 kubah kecil yang berwarna biru. Serta memiliki satu menara yang tingginya 99 meter. Masjid Nasional Al-Akbar Surabaya dibangun sejak tanggal 4 Agustus 1995, atas gagasan Wali Kota Surabaya saat itu, H. Soenarto Soemoprawiro. Pembangunan Masjid ini ditandai dengan peletakan batu pertama oleh Wakil Presiden RI Try Sutrisno. Namun karena krisis moneter pembangunannya dihentikan sementara waktu. Tahun 1999, masjid ini dibangun lagi dan selesai tahun 2001. Pada 10 November 2000, Masjid ini diresmikan oleh Presiden RI KH. Abdurrahman Wahid._x000D_",Tempat Ibadah,Surabaya,0,49.0,masjid nasional al akbar masjid agung surabaya masjid besar indonesia lokasi kota surabaya jawa timur masjid istiqlal jakarta posisi masjid wilayah lurah pagesangan camat jambang surabaya samping jalan tol surabaya gempol ciri mudah kubah damping kubah warna biru milik menara tinggi meter masjid nasional al akbar surabaya bangun tanggal agustus gagas wali kota surabaya soenarto soemoprawiro bangun masjid tanda leta batu wakil presiden ri try sutrisno krisis moneter bangun henti waktu tahun masjid bangun selesai tahun november masjid resmi presiden ri kh abdurrahman wahid,masjid nasional al akbar masjid agung surabaya masjid besar indonesia lokasi kota surabaya jawa timur masjid istiqlal jakarta posisi masjid wilayah lurah pagesangan camat jambang surabaya samping jalan tol surabaya gempol ciri mudah kubah damping kubah warna biru milik menara tinggi meter masjid nasional al akbar surabaya bangun tanggal agustus gagas wali kota surabaya soenarto soemoprawiro bangun masjid tanda leta batu wakil presiden ri try sutrisno krisis moneter bangun henti waktu tahun masjid bangun selesai tahun november masjid resmi presiden ri kh abdurrahman wahid tempat ibadah surabaya,Tempat Ibadah,60
413,Museum TNI AL Loka Jala Crana,"Museum Loka Jala Crana berdiri pada tanggal 19 September 1969 oleh Ibu R. Mulyadi, isteri panglima Angkatan Laut Laksamana R. Moeljadi, dengan nama Museum Akabri Laut. Pada tahun 1973, tepatnya pada tanggal 10 Juli 1973, statusnya ditingkatkan menjadi Museum TNI Angkatan Laut. Selanjutnya tanggal 6 Oktober 1979 namanya berubah kembali menjadi Museum TNI Angkatan Laut Loka Jala Crana. Loka jala Crana berarti tempat untuk menyimpan, mengabadikan dan menyajikan peralatan atau sarana yang dipergunakan oleh TNI Angkatan Laut. Di dalam museum ini terdapat beberapa koleksi peralatan pertempuran Angkatan Laut, disamping itu juga satu koleksi berupa planetarium dan astronavigasi. Museum ini menyuguhkan dan menyelamatkan objek benda-benda bersejarah yang pernah dimiliki serta dipakai oleh prajurit-prajurit TNI Angkatan Laut sejak dari zaman revolusi fisik hingga saat ini, di antaranya berupa berbagai jenis meriam kapal perang, pesawat, helikopter, artileri medan, replica KRI Dewaruci. Ada juga benda bersejarah lain seperti meriam kapal ""HRMS De Zeven Provencien“._x000D_",Budaya,Surabaya,2000,45.0,museum loka jala crana diri tanggal september mulyadi isteri panglima angkat laut laksamana moeljadi nama museum akabri laut tahun tepat tanggal juli status tingkat museum tni angkat laut tanggal oktober nama ubah museum tni angkat laut loka jala crana loka jala crana simpan abadi saji alat sarana tni angkat laut museum koleksi alat tempur angkat laut samping koleksi planetarium astronavigasi museum suguh selamat objek benda benda sejarah milik pakai prajurit prajurit tni angkat laut zaman revolusi fisik jenis meriam kapal perang pesawat helikopter artileri medan replica kri dewaruci benda sejarah meriam kapal hrms de zeven provencien,museum loka jala crana diri tanggal september mulyadi isteri panglima angkat laut laksamana moeljadi nama museum akabri laut tahun tepat tanggal juli status tingkat museum tni angkat laut tanggal oktober nama ubah museum tni angkat laut loka jala crana loka jala crana simpan abadi saji alat sarana tni angkat laut museum koleksi alat tempur angkat laut samping koleksi planetarium astronavigasi museum suguh selamat objek benda benda sejarah milik pakai prajurit prajurit tni angkat laut zaman revolusi fisik jenis meriam kapal perang pesawat helikopter artileri medan replica kri dewaruci benda sejarah meriam kapal hrms de zeven provencien budaya surabaya,Museum,60
414,Jembatan Merah,"Jembatan Merah merupakan salah satu monumen sejarah di Surabaya, Jawa Timur yang dibiarkan seperti adanya: sebagai jembatan. Jembatan yang menjadi salah satu judul lagu ciptaan Gesang ini, semasa zaman VOC dahulu dinilai penting karena menjadi sarana perhubungan paling vital melewati Kalimas menuju Gedung Karesidenan Surabaya, yang sudah tidak berbekas lagi.\nKawasan Jembatan Merah merupakan daerah perniagaan yang mulai berkembang sebagai akibat dari Perjanjian Paku Buwono II dari Mataram dengan VOC pada 11 November 1743. Dalam perjanjian itu sebagian daerah pantai utara, termasuk Surabaya, diserahkan penguasaannya kepada VOC. Sejak saat itulah Surabaya berada sepenuhnya dalam kekuasaan Belanda. Kini, posisinya sebagai pusat perniagaan terus berlangsung. Di sekitar jembatan terdapat indikator-indikator ekonomi, termasuk salah satunya Plaza Jembatan Merah.\nPerubahan fisiknya terjadi sekitar tahun 1890-an, ketika pagar pembatasnya dengan sungai diubah dari kayu menjadi besi. Kini kondisi jembatan yang menghubungkan Jalan Rajawali dan Jalan Kembang Jepun di sisi utara Surabaya itu, hampir sama persis dengan jembatan lainnya. Pembedanya hanyalah warna merah.",Budaya,Surabaya,0,45.0,jembatan merah salah monumen sejarah surabaya jawa timur biar jembatan jembatan salah judul lagu cipta gesang zaman voc nilai sarana hubung vital lewat kalimas gedung karesidenan surabaya bekas nkawasan jembatan merah daerah niaga kembang akibat janji paku buwono ii mataram voc november janji daerah pantai utara surabaya serah kuasa voc surabaya sepenuh kuasa belanda posisi pusat niaga jembatan indikator indikator ekonomi salah satu plaza jembatan merah nperubahan fisik tahun an pagar batas sungai ubah kayu besi kondisi jembatan hubung jalan rajawali jalan kembang jepun sisi utara surabaya persis jembatan beda warna merah,jembatan merah salah monumen sejarah surabaya jawa timur biar jembatan jembatan salah judul lagu cipta gesang zaman voc nilai sarana hubung vital lewat kalimas gedung karesidenan surabaya bekas nkawasan jembatan merah daerah niaga kembang akibat janji paku buwono ii mataram voc november janji daerah pantai utara surabaya serah kuasa voc surabaya sepenuh kuasa belanda posisi pusat niaga jembatan indikator indikator ekonomi salah satu plaza jembatan merah nperubahan fisik tahun an pagar batas sungai ubah kayu besi kondisi jembatan hubung jalan rajawali jalan kembang jepun sisi utara surabaya persis jembatan beda warna merah budaya surabaya,Budaya,60
415,Museum De Javasche Bank,"Museum Bank Indonesia (Bahasa Indonesia: Museum Bank Indonesia) adalah museum bank yang terletak di Surabaya, Indonesia. Secara resmi didirikan oleh Bank Indonesia dan dibuka pada 27 Januari 2012 setelah direstorasi. Museum ini menempati gedung yang dulunya bernama De Javasche Bank, bank sentral Hindia Belanda. Setelah Kemerdekaan Indonesia gedung ini terus berfungsi sebagai kantor cabang Bank Indonesia di Surabaya hingga tahun 1973. Museum tutup pada hari Senin dan hari libur nasional. Tidak ada biaya masuk.",Budaya,Surabaya,5000,46.0,museum bank indonesia bahasa indonesia museum bank indonesia museum bank letak surabaya indonesia resmi diri bank indonesia buka januari restorasi museum tempat gedung dulunya nama de javasche bank bank sentral hindia belanda merdeka indonesia gedung fungsi kantor cabang bank indonesia surabaya tahun museum tutup senin libur nasional biaya,museum bank indonesia bahasa indonesia museum bank indonesia museum bank letak surabaya indonesia resmi diri bank indonesia buka januari restorasi museum tempat gedung dulunya nama de javasche bank bank sentral hindia belanda merdeka indonesia gedung fungsi kantor cabang bank indonesia surabaya tahun museum tutup senin libur nasional biaya budaya surabaya,Museum,60
416,Keraton Surabaya,"Kawasan yang berjuluk Kampung Keraton ini terdiri dari empat gang. Gang ini rata-rata berukuran sempit, lebarnya 2 hingga 3 meter. Saking sempitnya, pengendara sepeda motor terkadang turun dari kendaraan dan harus berjalan kaki. Sementara, panjang jalan sekitar 200 meter. Memang, tak banyak sisa peninggalan Keraton Surabaya ini. Yang tampak kini adalah sisa bangunan peninggalan kolonial Belanda. Kampung Keraton saat ini merupakan salah satu kawasan perdagangan yang sangat ramai di Surabaya, utamanya di Jalan Kramat Gantung. Segala macam kebutuhan rumah tangga dijual di jalan ini.",Budaya,Surabaya,0,44.0,kawasan juluk kampung keraton gang gang rata rata ukur sempit lebar meter saking sempit kendara sepeda motor terkadang turun kendara jalan kaki jalan meter sisa tinggal keraton surabaya sisa bangun tinggal kolonial belanda kampung keraton salah kawasan dagang ramai surabaya utama jalan kramat gantung butuh rumah tangga jual jalan,kawasan juluk kampung keraton gang gang rata rata ukur sempit lebar meter saking sempit kendara sepeda motor terkadang turun kendara jalan kaki jalan meter sisa tinggal keraton surabaya sisa bangun tinggal kolonial belanda kampung keraton salah kawasan dagang ramai surabaya utama jalan kramat gantung butuh rumah tangga jual jalan budaya surabaya,Candi/Keraton,60
417,Klenteng Sanggar Agung,"Kelenteng Sanggar Agung atau Klenteng Hong San Tang adalah sebuah klenteng di Kota Surabaya. Alamatnya berada di Jalan Sukolilo Nomor 100, Pantai Ria Kenjeran, Surabaya. Kuil ini, selain menjadi tempat ibadah bagi pemeluk Tridharma, juga menjadi tempat tujuan wisata bagi para wisatawan. Klenteng ini dibuka pada tahun 1999.\nCiri khas dari klenteng ini adalah sebuah patung Kwan Im setinggi 20 meter yang terletak di tepi laut. Klenteng ini dipersembahkan kepada Nan Hai Guan Shi Yin Pu Sa atau Bodhisatwa Kwan Im Laut Selatan. Patung ini dibangun setelah seorang karyawan Sanggar Agung melihat sesosok wanita berjubah putih berjalan di atas air pada saat ia sedang menutup Klenteng di malam hari. Penampakan tersebut dipercaya sebagai penampakan Kwan Im sendiri. Ikon lain dari Sanggar Agung adalah patung Phra Phrom raksasa berlapis emas.",Budaya,Surabaya,10000,45.0,kelenteng sanggar agung klenteng hong san tang klenteng kota surabaya alamat jalan sukolilo nomor pantai ria kenjeran surabaya kuil ibadah peluk tridharma tuju wisata wisatawan klenteng buka tahun nciri khas klenteng patung kwan im meter letak tepi laut klenteng sembah nan guan shi yin pu sa bodhisatwa kwan im laut selatan patung bangun karyawan sanggar agung sosok wanita jubah putih jalan air tutup klenteng malam tampak percaya tampak kwan im ikon sanggar agung patung phra phrom raksasa lap emas,kelenteng sanggar agung klenteng hong san tang klenteng kota surabaya alamat jalan sukolilo nomor pantai ria kenjeran surabaya kuil ibadah peluk tridharma tuju wisata wisatawan klenteng buka tahun nciri khas klenteng patung kwan im meter letak tepi laut klenteng sembah nan guan shi yin pu sa bodhisatwa kwan im laut selatan patung bangun karyawan sanggar agung sosok wanita jubah putih jalan air tutup klenteng malam tampak percaya tampak kwan im ikon sanggar agung patung phra phrom raksasa lap emas budaya surabaya,Budaya,60
418,Museum Sepuluh Nopember Kota Surabaya,"Museum Sepuluh November Surabaya adalah salah satu museum yang terletak di Kota Surabaya, dibangun pada tahun 1945. Museum ini dibangun dengan tujuan untuk mempelajari dan memperdalam peristiwa Pertempuran Sepuluh November 1945, Museum Sepuluh November beralamat di Jalan Pahlawan, Surabaya._x000D_",Budaya,Surabaya,5000,47.0,museum puluh november surabaya salah museum letak kota surabaya bangun tahun museum bangun tuju ajar dalam peristiwa tempur puluh november museum puluh november alamat jalan pahlawan surabaya,museum puluh november surabaya salah museum letak kota surabaya bangun tahun museum bangun tuju ajar dalam peristiwa tempur puluh november museum puluh november alamat jalan pahlawan surabaya budaya surabaya,Museum,60
419,Monumen Tugu Pahlawan,"Tugu Pahlawan (bahasa Indonesia: Tugu Pahlawan) adalah sebuah monumen di Surabaya, Indonesia. Itu adalah lambang utama kota yang didedikasikan untuk orang-orang yang tewas dalam Pertempuran Surabaya pada 10 November 1945. Museum 10 November terletak di bawah monumen. Monumen ini memiliki tinggi 41,15 meter dan berbentuk lingga. Dibangun untuk memperingati peristiwa 10 November 1945 di Pertempuran Surabaya. Itu adalah tempat setiap 10 November untuk memperingati peristiwa 1945, ketika banyak pahlawan tewas dalam perang kemerdekaan. Peletakan batu pertama dipimpin oleh Soekarno, Presiden Indonesia pertama, didampingi Walikota Surabaya, Doel Arnowo pada 10 November 1951. Diresmikan setahun kemudian, juga oleh Soekarno, pada 10 November 1952 disaksikan oleh Walikota Surabaya, R. Moestadjab Soemowidigdo. Museum 10 November dibangun untuk menjelaskan makna di balik Tugu Pahlawan. Bangunannya terdiri dari 2 lantai, dengan pameran yang melambangkan semangat perjuangan masyarakat Surabaya. Ada auditorium di lantai satu. Museum ini berisi reproduksi foto-foto dokumenter, dan terdapat diorama yang menyajikan delapan peristiwa yang terjadi sekitar bentrokan 10 November 1945.",Budaya,Surabaya,0,47.0,tugu pahlawan bahasa indonesia tugu pahlawan monumen surabaya indonesia lambang utama kota dedikasi tewas tempur surabaya november museum november letak monumen monumen milik tinggi meter bentuk lingga bangun ingat peristiwa november tempur surabaya november ingat peristiwa pahlawan tewas perang merdeka leta batu pimpin soekarno presiden indonesia damping walikota surabaya doel arnowo november resmi tahun soekarno november saksi walikota surabaya moestadjab soemowidigdo museum november bangun makna tugu pahlawan bangun lantai pamer melambang semangat juang masyarakat surabaya auditorium lantai museum isi reproduksi foto foto dokumenter diorama saji delapan peristiwa bentrok november,tugu pahlawan bahasa indonesia tugu pahlawan monumen surabaya indonesia lambang utama kota dedikasi tewas tempur surabaya november museum november letak monumen monumen milik tinggi meter bentuk lingga bangun ingat peristiwa november tempur surabaya november ingat peristiwa pahlawan tewas perang merdeka leta batu pimpin soekarno presiden indonesia damping walikota surabaya doel arnowo november resmi tahun soekarno november saksi walikota surabaya moestadjab soemowidigdo museum november bangun makna tugu pahlawan bangun lantai pamer melambang semangat juang masyarakat surabaya auditorium lantai museum isi reproduksi foto foto dokumenter diorama saji delapan peristiwa bentrok november budaya surabaya,Budaya,60
420,Surabaya Museum (Gedung Siola),"Saat ini Museum Surabaya Siola menjelma menjadi sebuah destinasi wisata sejarah yang unik dan menarik untuk dikunjungi. Bukan hanya menyuguhkan cerita masa lampau yang ditampilkan dengan berbagai macam bentuk, Museum Surabaya Siola juga menjadi tempat incaran untuk berburu foto. Bagi pengunjung yang ingin mendatangi Museum Surabaya Siola ini maka tidak harus membayar tiket masuk alias gratis. Siapa saja boleh masuk kedalam Museum Surabaya Siola, karena tempat ini terbuka untuk semua kalangan mulai dari anak-anak sampai dewasa. Manjajal Museum Surabaya untuk dijadikan sebagai destinasi wisata akhir pekanmu sepertinya tidak ada salahnya. Selain bisa mempelajari sejarah Kota Pahlawan, kamu pun akan mendapatkan ilmu pengetahuan yang bermanfaat.",Budaya,Surabaya,0,45.0,museum surabaya siola jelma destinasi wisata sejarah unik tarik kunjung suguh cerita lampau tampil bentuk museum surabaya siola incar buru foto unjung museum surabaya siola bayar tiket alias gratis dalam museum surabaya siola buka kalang anak anak dewasa manjajal museum surabaya jadi destinasi wisata pekan salah ajar sejarah kota pahlawan ilmu tahu manfaat,museum surabaya siola jelma destinasi wisata sejarah unik tarik kunjung suguh cerita lampau tampil bentuk museum surabaya siola incar buru foto unjung museum surabaya siola bayar tiket alias gratis dalam museum surabaya siola buka kalang anak anak dewasa manjajal museum surabaya jadi destinasi wisata pekan salah ajar sejarah kota pahlawan ilmu tahu manfaat budaya surabaya,Museum,60
421,Museum Kesehatan Dr. Adhyatma,"Museum Kesehatan Dr. Adhyatma, MPH adalah museum kesehatan yang dirintis Pemerintah indonesia melalui Departemen Kesehatan pada tanggal 16 Desember 2003. Museum Kesehatan Puslitbang Pelayanan dan Tehnologi kesehatan (PUSLITBANG YANTEKKES) diresmikan oleh Menteri Kesehatan pada tanggal 14 September 2004, sehingga diberi nama Museum Kesehatan Dr. Adhyatma, MPH.Museum Kesehatan Dr. Adhyatma, MPH, berlokasi di Jl. Indrapura 17 Surabaya Jawa Timur.",Budaya,Surabaya,10000,44.0,museum sehat dr adhyatma mph museum sehat rintis perintah indonesia departemen sehat tanggal desember museum sehat puslitbang layan tehnologi sehat puslitbang yantekkes resmi menteri sehat tanggal september nama museum sehat dr adhyatma mph museum sehat dr adhyatma mph lokasi jl indrapura surabaya jawa timur,museum sehat dr adhyatma mph museum sehat rintis perintah indonesia departemen sehat tanggal desember museum sehat puslitbang layan tehnologi sehat puslitbang yantekkes resmi menteri sehat tanggal september nama museum sehat dr adhyatma mph museum sehat dr adhyatma mph lokasi jl indrapura surabaya jawa timur budaya surabaya,Museum,60
422,Monumen Jalesveva Jayamahe,"Monumen Jalesveva Jayamahe atau Monjaya adalah sebuah monumen yang terletak di Kota Surabaya, Jawa Timur. Monumen ini menggambarkan sosok Perwira TNI Angkatan Laut berbusana Pakaian Dinas Upacara (PDU) lengkap dengan pedang kehormatan yang sedang menerawang ke arah laut, serasa siap menantang gelombang dan badai di lautan, begitu pula yang ingin di perlihatkan bahwa angkatan laut Indonesia siap berjaya. Patung tersebut berdiri di atas bangunan dan tingginya mencapai 30,6 meter. Monumen Jalesveva Jayamahe menggambarkan generasi penerus bangsa yang yakin dan optimis untuk mencapai cita-cita bangsa Indonesia.Monumen Jalesveva Jayamahe ini juga sesuai dengan motto angkatan laut Jalesveva Jayamahe yang berarti, Di Laut Kita Berjaya. Monumen ini dibangun pada tahun 1993 oleh Pemimpin Kepala Staf TNI Angkatan Laut Maritim Indonesia yang kemudian dilanjutkan dengan Laksamana TNI Muhamad Arifin dan dirancang oleh I Nyoman Nuarta. Selain sebagai monumen, bangunan ini juga difungsikan sebagai mercusuar bagi kapal-kapal yang ada di laut sekitar.",Budaya,Surabaya,0,46.0,monumen jalesveva jayamahe monjaya monumen letak kota surabaya jawa timur monumen gambar sosok perwira tni angkat laut busana pakai dinas upacara pdu lengkap pedang hormat terawang arah laut serasa tantang gelombang badai laut lihat angkat laut indonesia jaya patung diri bangun tinggi capai meter monumen jalesveva jayamahe gambar generasi terus bangsa optimis capai cita cita bangsa indonesia monumen jalesveva jayamahe sesuai motto angkat laut jalesveva jayamahe laut jaya monumen bangun tahun pimpin kepala staf tni angkat laut maritim indonesia lanjut laksamana tni muhamad arifin rancang nyoman nuarta monumen bangun fungsi mercusuar kapal kapal laut,monumen jalesveva jayamahe monjaya monumen letak kota surabaya jawa timur monumen gambar sosok perwira tni angkat laut busana pakai dinas upacara pdu lengkap pedang hormat terawang arah laut serasa tantang gelombang badai laut lihat angkat laut indonesia jaya patung diri bangun tinggi capai meter monumen jalesveva jayamahe gambar generasi terus bangsa optimis capai cita cita bangsa indonesia monumen jalesveva jayamahe sesuai motto angkat laut jalesveva jayamahe laut jaya monumen bangun tahun pimpin kepala staf tni angkat laut maritim indonesia lanjut laksamana tni muhamad arifin rancang nyoman nuarta monumen bangun fungsi mercusuar kapal kapal laut budaya surabaya,Budaya,60
423,Patung Sura dan Buaya,Patung Sura dan Baya (Jawa: Patung Suro lan Boyo) adalah sebuah patung yang merupakan lambang kota Surabaya. Patung ini berada di depan Kebun Binatang Surabaya. Patung ini terdiri atas dua hewan ini yang menjadi inspirasi nama kota Surabaya: ikan sura (hiu) dan baya (buaya).,Budaya,Surabaya,0,46.0,patung sura baya jawa patung suro lan boyo patung lambang kota surabaya patung kebun binatang surabaya patung hewan inspirasi nama kota surabaya ikan sura hiu baya buaya,patung sura baya jawa patung suro lan boyo patung lambang kota surabaya patung kebun binatang surabaya patung hewan inspirasi nama kota surabaya ikan sura hiu baya buaya budaya surabaya,Budaya,60
424,Pantai Ria Kenjeran,"Obyek wisata Pantai Ria Kenjeran Surabaya merupakan salah satu destinasi wisata ketika mengujungi kota Surabaya. Pantai ini termasuk salah satu wisata andalan kota Surabaya yang selalu ramai pengunjung. Lokasi Pantai Ria Kenjeran terletak di Kecamatan Kenjeran Timur Surabaya, Propinsi Jawa Timur. Kawasan Pantai Ria Kenjeran ini sudah terkenal dengan berbagai wahana dan tempat rekreasi keluarga khususnya bagi warga Kenjeran. Pantai yang juga mendapatkan julukan sebagai Kenpark ini berdekatan dengan Jembatan Suramadu. Pantai Kenjeran biasanya dimanfaatkan masyarakat sekitar untuk melepas penat dari rutinitas setiap hari. Banyak juga wisatawan yang juga berwisata ke pantai ini. Pantai yang terletak tak begitu jauh dari pusat Kota Surabaya ini juga buka setiap hari selama 24 jam, jadi tidak perlu khawatir jika Anda ingin berkunjung kapan saja. Pantai ini memiliki fasilitas yang cukup lengkap, seperti arena bermain untuk anak yang disebut Kya kya Seaside, ada juga Pagoda Tuan Ti, jembatan kayu dengan gazebo untuk bersantai dan foto. Ada juga waterpark dan area bermain anak di sekitar pantai ini. Juga terdapat persewaan perahu yang dapat dinaiki oleh para pengunjung untuk menikmati keindahan Pantai Ria Kenjeran dari area pesisir laut dengan tarif sekitar Rp 5.000,-.",Bahari,Surabaya,15000,42.0,obyek wisata pantai ria kenjeran surabaya salah destinasi wisata ujung kota surabaya pantai salah wisata andal kota surabaya ramai unjung lokasi pantai ria kenjeran letak camat kenjeran timur surabaya propinsi jawa timur kawasan pantai ria kenjeran kenal wahana rekreasi keluarga warga kenjeran pantai juluk kenpark dekat jembatan suramadu pantai kenjeran manfaat masyarakat lepas penat rutinitas wisatawan wisata pantai pantai letak pusat kota surabaya buka jam khawatir kunjung pantai milik fasilitas lengkap arena main anak kya kya seaside pagoda tuan ti jembatan kayu gazebo santa foto waterpark area main anak pantai sewa perahu naik unjung nikmat indah pantai ria kenjeran area pesisir laut tarif rp,obyek wisata pantai ria kenjeran surabaya salah destinasi wisata ujung kota surabaya pantai salah wisata andal kota surabaya ramai unjung lokasi pantai ria kenjeran letak camat kenjeran timur surabaya propinsi jawa timur kawasan pantai ria kenjeran kenal wahana rekreasi keluarga warga kenjeran pantai juluk kenpark dekat jembatan suramadu pantai kenjeran manfaat masyarakat lepas penat rutinitas wisatawan wisata pantai pantai letak pusat kota surabaya buka jam khawatir kunjung pantai milik fasilitas lengkap arena main anak kya kya seaside pagoda tuan ti jembatan kayu gazebo santa foto waterpark area main anak pantai sewa perahu naik unjung nikmat indah pantai ria kenjeran area pesisir laut tarif rp bahari surabaya,Pantai/Bahari,60
425,Waterpark Kenjeran Surabaya,Waterpark Kenjeran Surabaya merupakan wisata keluarga dengan permainan air dan olahraga renang. Terdapat berbagai wahana menarik bagi keluarga dan anak-anak. Berlokasi tidak jauh dari kawasan wisata pantai kenjeran dan Atlantis Land Kenjeran. Suasana pepohonan di sekitar area kolam renang memberikan kesan yang teduh di kolam. Terdapat bangunan dengan bentuk istana negeri dongeng yang menghiasi. Dengan warna-warni khas buku cerita anak._x000D_,Taman Hiburan,Surabaya,35000,41.0,waterpark kenjeran surabaya wisata keluarga main air olahraga renang wahana tarik keluarga anak anak lokasi kawasan wisata pantai kenjeran atlantis land kenjeran suasana pohon area kolam renang kesan teduh kolam bangun bentuk istana negeri dongeng hias warna warni khas buku cerita anak,waterpark kenjeran surabaya wisata keluarga main air olahraga renang wahana tarik keluarga anak anak lokasi kawasan wisata pantai kenjeran atlantis land kenjeran suasana pohon area kolam renang kesan teduh kolam bangun bentuk istana negeri dongeng hias warna warni khas buku cerita anak taman hiburan surabaya,Taman Hiburan,60
426,Balai Kota Surabaya,"Surabaya sebagai Resort Gemeente (Haminte) secara resmi mulai berdiri pada tanggal 1 April 1906. Sebelumnya Surabaya merupakan bagian dari karesidenan Pemerintah Haminte dijalankan oleh Dewan Haminte yang diketuai oleh asisten residen sebagai Kepala Daerah.\nTahun 1916 diangkat Wali kota Surabaya pertama, A. Meyroos yang bertugas sampai tahun 1921. Baru setelah wali kota yang kedua, G.J. DIJKERMAN, terpilih, rencana membangun gedung Balai Kota diwujudkan.\nGedung utama Balai Kota di Taman Surya di daerah Ketabang itu mulai dibangun pada tahun 1923 dan mulai ditempati pada tahun 1927. Arsiteknya ialah C. Citroen dan pelaksanaannya H.V. Hollandsche Beton Mij. Biaya seluruhnya, termasuk perlengkapan dan lain-lainnya, menghabiskan dana sekitar 1000 gulden.\n\nUkuran gedung utama: panjang 102 m dan lebar 19 m. Konstruksinya terdiri dari tiang-tiang pancang beton bertulang yang ditanam, sedangkan dinding-dindingnya diisi dengan bata dan semen. Atapnya terbuat dari rangka besi dan ditutup dengan sirap, Belakangan atap ini kemudian diganti dengan genteng.\nSetelah Republik Indonesia diproklamirkan, dilantiklah Radjamin Nasution sebagai Wali kota Kota Besar Surabaya. Berdasarkan Penpres 1959 No. 16 maka ditetapkan Wali kota menjadi Kepala Daerah Kota Surabaya. Tahun 1965 Kotapraja Surabaya resmi menjadi Kotamadya.",Budaya,Surabaya,0,47.0,surabaya resort gemeente haminte resmi diri tanggal april surabaya karesidenan perintah haminte jalan dewan haminte tuai asisten residen kepala daerah ntahun angkat wali kota surabaya meyroos tugas tahun wali kota dijkerman pilih rencana bangun gedung balai kota wujud ngedung utama balai kota taman surya daerah ketabang bangun tahun tempat tahun arsitek citroen laksana hollandsche beton mij biaya lengkap habis dana gulden nukuran gedung utama lebar konstruksi tiang tiang pancang beton tulang tanam dinding dinding isi bata semen atap buat rangka besi tutup sirap atap ganti genteng nsetelah republik indonesia diproklamirkan lantik radjamin nasution wali kota kota surabaya dasar penpres no tetap wali kota kepala daerah kota surabaya tahun kotapraja surabaya resmi kotamadya,surabaya resort gemeente haminte resmi diri tanggal april surabaya karesidenan perintah haminte jalan dewan haminte tuai asisten residen kepala daerah ntahun angkat wali kota surabaya meyroos tugas tahun wali kota dijkerman pilih rencana bangun gedung balai kota wujud ngedung utama balai kota taman surya daerah ketabang bangun tahun tempat tahun arsitek citroen laksana hollandsche beton mij biaya lengkap habis dana gulden nukuran gedung utama lebar konstruksi tiang tiang pancang beton tulang tanam dinding dinding isi bata semen atap buat rangka besi tutup sirap atap ganti genteng nsetelah republik indonesia diproklamirkan lantik radjamin nasution wali kota kota surabaya dasar penpres no tetap wali kota kepala daerah kota surabaya tahun kotapraja surabaya resmi kotamadya budaya surabaya,Budaya,60
427,Patung Buddha Empat Rupa,"Terletak di sudut Pantai Ria Kenjeran, Patung Buddha Empat Rupa ini sering digunakan oleh pemuda-pemudi setempat untuk tempat nongkrong dan berkumpul. Dibangun mulai tahun 2003 dan mempunyai lahan sekitar 1,5 hektare dan berukuran 9×9 meter membuatnya menghabiskan sekitar Rp 4 Milyar dalam pembuatannya. Dan patung ini semakin megah karena dilapisi oleh emas murni yang diimpor langsung dari Thailand. Bangunan ini dikelilingi oleh 4 pilar, yaitu pilar hijau dan pilar emas. Empat wajah yang terdapat di patung ini menggambarkan empat sifat yang baik dari Buddha, yaitu pengasih, murah hati, adil, dan meditasi. Selain melihat patung Buddha ini, jika Kamu berkunjung ke sini maka Kamu akan melihat beberapa patung gajah yang ada di sekeliling patung Buddha ini. Dan menariknya, patung ini dianggap MURI sebagai patung tertinggi di Indonesia.",Budaya,Surabaya,0,43.0,letak sudut pantai ria kenjeran patung buddha pemuda pemudi nongkrong kumpul bangun tahun lahan hektare ukur meter buat habis rp milyar buat patung megah lapis emas murni impor thailand bangun keliling pilar pilar hijau pilar emas wajah patung gambar sifat buddha asih murah hati adil meditasi patung buddha kunjung patung gajah keliling patung buddha tarik patung anggap muri patung tinggi indonesia,letak sudut pantai ria kenjeran patung buddha pemuda pemudi nongkrong kumpul bangun tahun lahan hektare ukur meter buat habis rp milyar buat patung megah lapis emas murni impor thailand bangun keliling pilar pilar hijau pilar emas wajah patung gambar sifat buddha asih murah hati adil meditasi patung buddha kunjung patung gajah keliling patung buddha tarik patung anggap muri patung tinggi indonesia budaya surabaya,Budaya,60
428,Monumen Bambu Runcing Surabaya,"Monumen Bambu Runcing adalah ikon pariwisata Surabaya yang berhubungan dengan situs sejarah perjuangan bangsa. Monumen ini terdiri dari 5 pilar dan memiliki tinggi yang tidak sama dan dibentuk seperti bambu runcing. Sayangnya, tidak ada estimasi yang tepat tentang tinggi pada masing-masing pilar. Pada waktu tertentu, akan ada air yang mengalir keluar dari bambu runcing, layaknya air mancur. Selain itu, monumen ini dikelilingi oleh taman kecil yang penuh dengan beragam tanaman hias. Monumen Bambu Runcing ini terletak di jantung kota Surabaya, di tengah ramainya lalu lintas jalan Panglima Sudirman. Para pengunjung yang datang ke Surabaya akan langsung mengenali keberadaan monumen ini saat melintasinya. Monumen ini juga dekat dengan Kebun Binatang Surabaya, Tunjungan Plaza, Surabaya Plaza dan Tugu Pahlawan Surabaya.",Budaya,Surabaya,0,46.0,monumen bambu runcing ikon pariwisata surabaya hubung situs sejarah juang bangsa monumen pilar milik tinggi bentuk bambu runcing sayang estimasi tinggi pilar waktu air alir bambu runcing layak air mancur monumen keliling taman penuh agam tanam hias monumen bambu runcing letak jantung kota surabaya tengah ramai lintas jalan panglima sudirman unjung surabaya nali ada monumen lintas monumen kebun binatang surabaya tunjung plaza surabaya plaza tugu pahlawan surabaya,monumen bambu runcing ikon pariwisata surabaya hubung situs sejarah juang bangsa monumen pilar milik tinggi bentuk bambu runcing sayang estimasi tinggi pilar waktu air alir bambu runcing layak air mancur monumen keliling taman penuh agam tanam hias monumen bambu runcing letak jantung kota surabaya tengah ramai lintas jalan panglima sudirman unjung surabaya nali ada monumen lintas monumen kebun binatang surabaya tunjung plaza surabaya plaza tugu pahlawan surabaya budaya surabaya,Budaya,60
429,House of Sampoerna,"House of Sampoerna adalah sebuah museum tembakau dan markas besar Sampoerna yang terletak di Surabaya. Gaya arsitektur dari bangunan utamanya yang dipengaruhi oleh gaya kolonial Belanda dibangun pada 1862 dan sekarang menjadi situs sejarah. Sebelumnya dipakai sebagai panti asuhan yang diurus oleh Belanda, tempat tersebut dibeli pada 1932 oleh Liem Seeng Tee‚ pendiri Sampoerna‚ dengan tujuan dipakai sebagai fasilitas produksi rokok besar pertama Sampoerna.",Budaya,Surabaya,0,46.0,house of sampoerna museum tembakau markas sampoerna letak surabaya gaya arsitektur bangun utama pengaruh gaya kolonial belanda bangun situs sejarah pakai panti asuh urus belanda beli liem seeng tee diri sampoerna tuju pakai fasilitas produksi rokok sampoerna,house of sampoerna museum tembakau markas sampoerna letak surabaya gaya arsitektur bangun utama pengaruh gaya kolonial belanda bangun situs sejarah pakai panti asuh urus belanda beli liem seeng tee diri sampoerna tuju pakai fasilitas produksi rokok sampoerna budaya surabaya,Budaya,60
430,Atlantis Land Surabaya,"Sejak diresmikan pada bulan Desember 2017, Atlantis Land Kenjeran Surabaya sudah sukses mendatangkan banyak pengunjung. Taman wisata air ini menjadi taman air terbesar di Kota Surabaya. Lokasinya terletak satu wilayah dengan Kenjeran Park, atau familiar disebut Ken Park. Tepatnya di Jalan Pantai Ria Kenjeran, Sukolilo Baru, Bulak, Surabaya, Jawa Timur. Taman wisata air ini memiliki luas sekitar 15 hektar dengan desain asli milik arsitek Australia. Tema yang diambil untuk taman wisata air ini adalah istana bawah laut. Dengan tema tersebut, gerbang masuk Atlantis Land Kenjeran Surabaya memiliki dinding bangunan utama berwarna biru. Dinding utama tersebut dihiasi dengan garis-garis menyerupai ombak berwarna putih. Atapnya berwarna kuning kecokelatan dan menjulang tinggi bagai istana. Di kedua sisi bangunan utama, terdapat bangunan berdinding cokelat dengan ornamen belahan kayu. Bangunan ini memberi kesan bagaikan kapal pesiar yang belum rampung dibuat. Sebuah patung neptunus berwarna kuning juga terlihat menghiasi salah satu sudut tembok taman ini. Dekorasi yang ada di Atlantis Land Kenjeran akan memberi suasana bagaikan berada di sebuah kastil.",Taman Hiburan,Surabaya,125000,44.0,resmi desember atlantis land kenjeran surabaya sukses unjung taman wisata air taman air besar kota surabaya lokasi letak wilayah kenjeran park familiar ken park tepat jalan pantai ria kenjeran sukolilo bulak surabaya jawa timur taman wisata air milik luas hektar desain asli milik arsitek australia tema ambil taman wisata air istana laut tema gerbang atlantis land kenjeran surabaya milik dinding bangun utama warna biru dinding utama hias garis garis rupa ombak warna putih atap warna kuning cokelat julang tinggi istana sisi bangun utama bangun dinding cokelat ornamen bahan kayu bangun kesan kapal pesiar rampung patung neptunus warna kuning hias salah sudut tembok taman dekorasi atlantis land kenjeran suasana kastil,resmi desember atlantis land kenjeran surabaya sukses unjung taman wisata air taman air besar kota surabaya lokasi letak wilayah kenjeran park familiar ken park tepat jalan pantai ria kenjeran sukolilo bulak surabaya jawa timur taman wisata air milik luas hektar desain asli milik arsitek australia tema ambil taman wisata air istana laut tema gerbang atlantis land kenjeran surabaya milik dinding bangun utama warna biru dinding utama hias garis garis rupa ombak warna putih atap warna kuning cokelat julang tinggi istana sisi bangun utama bangun dinding cokelat ornamen bahan kayu bangun kesan kapal pesiar rampung patung neptunus warna kuning hias salah sudut tembok taman dekorasi atlantis land kenjeran suasana kastil taman hiburan surabaya,Taman Hiburan,60
431,Taman Hiburan Rakyat,Taman Hiburan Rakyat atau THR tentunya sudah tak asing lagi bagi masyarakat Surabaya. Taman ini berletak di belakang Taman Remaja Surabaya (TRS) dan juga ada di belakang Hi-Tech Mall. THR biasanya digunakan untuk pertunjukan kesenian daerah. Taman ini menjadi ikon Surabaya karena sejarahnya yang cukup menarik.,Taman Hiburan,Surabaya,5000,42.0,taman hibur rakyat thr asing masyarakat surabaya taman letak taman remaja surabaya trs hi tech mall thr tunjuk seni daerah taman ikon surabaya sejarah tarik,taman hibur rakyat thr asing masyarakat surabaya taman letak taman remaja surabaya trs hi tech mall thr tunjuk seni daerah taman ikon surabaya sejarah tarik taman hiburan surabaya,Kebun/Taman,60
432,Taman Mundu,"Taman Mundu merupakan salah satu taman atau ruang terbuka hijau terutama bagi warga kota Surabaya, taman ini lebih tepatnya berada di Jl. Tambaksari atau berada di seberang Stadion Gelora Sepuluh November Tambaksari Surabaya. Taman Mundu dibangun menempati area seluas 4.800 meter persegi dan pembangunannya diresmikan pada 10 Juli 2010. Taman yang cantik ini mempunyai berbagai fasilitas yang bisa dinikmati dan digunakan oleh warga Surabaya atau siapapun yang mengunjungi taman ini, diantarnya fasilitas arena bermain bagi anak-anak,",Taman Hiburan,Surabaya,0,44.0,taman mundu salah taman ruang buka hijau warga kota surabaya taman tepat jl tambaksari seberang stadion gelora puluh november tambaksari surabaya taman mundu bangun tempat area luas meter persegi bangun resmi juli taman cantik fasilitas nikmat warga surabaya unjung taman antar fasilitas arena main anak anak,taman mundu salah taman ruang buka hijau warga kota surabaya taman tepat jl tambaksari seberang stadion gelora puluh november tambaksari surabaya taman mundu bangun tempat area luas meter persegi bangun resmi juli taman cantik fasilitas nikmat warga surabaya unjung taman antar fasilitas arena main anak anak taman hiburan surabaya,Kebun/Taman,60
433,Museum Mpu Tantular,"Museum Negeri Mpu Tantular adalah sebuah museum negeri yang berlokasi di kecamatan Buduran, Sidoarjo, Jawa Timur. Awalnya, museum ini bernama Stedelijk Historisch Museum Soerabaia, didirikan oleh Godfried von Faber pada tahun 1933 dan diresmikan pada tanggal 25 Juli 1937. Saat ini, museum ini dikelola oleh Unit Pelaksana Teknis pada Departemen Kebudayaan dan Pariwisata.",Budaya,Surabaya,2000,44.0,museum negeri mpu tantular museum negeri lokasi camat budur sidoarjo jawa timur museum nama stedelijk historisch museum soerabaia diri godfried von faber tahun resmi tanggal juli museum kelola unit laksana teknis departemen budaya pariwisata,museum negeri mpu tantular museum negeri lokasi camat budur sidoarjo jawa timur museum nama stedelijk historisch museum soerabaia diri godfried von faber tahun resmi tanggal juli museum kelola unit laksana teknis departemen budaya pariwisata budaya surabaya,Museum,60
434,Taman Bungkul,"Taman Bungkul adalah taman wisata kota yang terletak di pusat kota Surabaya, tepatnya di Jalan Raya Darmo. Taman ini berdiri di area seluas 900 meter persegi. Dilengkapi berbagai fasilitas penunjang, seperti amfiteater berdiameter 33 meter, lajur joging, lahan papan luncur, taman bermain anak-anak, air mancur, dan pujasera. Selain itu, taman ini juga dilengkapi akses internet nirkabel yang terbuka untuk umum sehingga siapapun bisa mengakses internet selama di taman ini. Letaknya yang berada di jantung Kota Surabaya membuat taman ini tidak hanya berfungsi sebagai lahan hijau saja, tetapi juga sebagai destinasi wisata yang populer di Surabaya.",Taman Hiburan,Surabaya,0,46.0,taman bungkul taman wisata kota letak pusat kota surabaya tepat jalan raya darmo taman diri area luas meter persegi lengkap fasilitas tunjang amfiteater diameter meter lajur joging lahan papan luncur taman main anak anak air mancur pujasera taman lengkap akses internet nirkabel buka umum akses internet taman letak jantung kota surabaya taman fungsi lahan hijau destinasi wisata populer surabaya,taman bungkul taman wisata kota letak pusat kota surabaya tepat jalan raya darmo taman diri area luas meter persegi lengkap fasilitas tunjang amfiteater diameter meter lajur joging lahan papan luncur taman main anak anak air mancur pujasera taman lengkap akses internet nirkabel buka umum akses internet taman letak jantung kota surabaya taman fungsi lahan hijau destinasi wisata populer surabaya taman hiburan surabaya,Kebun/Taman,60
435,Taman Air Mancur Menari Kenjeran,"Air mancur menari atau dancing fountain juga ada di kawasan jembatan kenjeran Surabaya. Air mancur ini di buat bersamaan dengan pembuatan jembatan kenjeran, di resmikan pada tanggal 9 juli 2016 lalu. Sejak diresmikannya air mancur dan jembatan yang membentang di atas laut dengan panjang 800 meter ini menjadi tujuan wisata bagi warga Surabaya dan sekitarnya. Dancing fountain yang indah tidak lepas dari komponen-komponen yang bekerja di dalamnya seperti nozzle sebagai tempat keluarnya air, dari nozzle inilah semburan air bisa berubah ubah. Air yang keluar di dorong oleh pompa air mancur yang mendorong dari tempat rendah ke tempat lebih tinggi. Pemilihan lampu yang tepat akan menambah kualitas pencahayaan lebih terang, sebaiknya menggunakan underwater led atau waterproof led karena lampu ini bersifat tahan air. Tentu akan menambah tampilan air mancur menari lebih memikat.",Taman Hiburan,Surabaya,0,44.0,air mancur tari dancing fountain kawasan jembatan kenjeran surabaya air mancur sama buat jembatan kenjeran resmi tanggal juli resmi air mancur jembatan bentang laut meter tuju wisata warga surabaya dancing fountain indah lepas komponen komponen dalam nozzle keluar air nozzle sembur air ubah ubah air dorong pompa air mancur dorong rendah tinggi pilih lampu tambah kualitas cahaya terang underwater led waterproof led lampu sifat tahan air tambah tampil air mancur tari mikat,air mancur tari dancing fountain kawasan jembatan kenjeran surabaya air mancur sama buat jembatan kenjeran resmi tanggal juli resmi air mancur jembatan bentang laut meter tuju wisata warga surabaya dancing fountain indah lepas komponen komponen dalam nozzle keluar air nozzle sembur air ubah ubah air dorong pompa air mancur dorong rendah tinggi pilih lampu tambah kualitas cahaya terang underwater led waterproof led lampu sifat tahan air tambah tampil air mancur tari mikat taman hiburan surabaya,Kebun/Taman,60
436,Taman Flora Bratang Surabaya,Taman Flora adalah salah satu taman kota di Surabaya yang merupakan fasilitas publik dari Pemkot setempat. Sehingga tempat ini memang sengaja dibuat untuk dinikmati oleh khalayak umum. Karena taman ini merupakan fasilitas publik yang didirikan oleh Pemkot Surabaya maka bagi siapa saja jika ingin memanfaatkan taman kota ini tidak perlu membayar tiket masuk alias gratis.,Taman Hiburan,Surabaya,0,46.0,taman flora salah taman kota surabaya fasilitas publik pemkot sengaja nikmat khalayak umum taman fasilitas publik diri pemkot surabaya manfaat taman kota bayar tiket alias gratis,taman flora salah taman kota surabaya fasilitas publik pemkot sengaja nikmat khalayak umum taman fasilitas publik diri pemkot surabaya manfaat taman kota bayar tiket alias gratis taman hiburan surabaya,Kebun/Taman,60
437,Gereja Perawan Maria Tak Berdosa Surabaya,"Gereja Katolik Kelahiran Santa Perawan Maria merupakan salah satu gereja tua di kota Surabaya, Jawa Timur, Indonesia. Berlokasi di Jalan Kepanjen, Surabaya, bangunan religius ini berdampingan dengan gedung SMA Katolik Frateran Surabaya._x000D_",Tempat Ibadah,Surabaya,10000,48.0,gereja katolik lahir santa perawan maria salah gereja tua kota surabaya jawa timur indonesia lokasi jalan kepanjen surabaya bangun religius damping gedung sma katolik frater surabaya,gereja katolik lahir santa perawan maria salah gereja tua kota surabaya jawa timur indonesia lokasi jalan kepanjen surabaya bangun religius damping gedung sma katolik frater surabaya tempat ibadah surabaya,Tempat Ibadah,60
438,Tanah Lot,"is a rock formation off the Indonesian island of Bali. It is home to the ancient Hindu pilgrimage temple Pura Tanah Lot (literally ""Tanah Lot temple""), a popular tourist and cultural icon for photography",Budaya,Bali,15000,4.6,is rock formation off the indonesian island of bal it is home to the ancient hindu pilgrimage temple pura tanah lot literally tanah lot temple popular tourist and cultural icon for photography,is rock formation off the indonesian island of bal it is home to the ancient hindu pilgrimage temple pura tanah lot literally tanah lot temple popular tourist and cultural icon for photography budaya bali,Budaya,60
439,Mount Batur,"Mount Batur (Gunung Batur) is an active volcano located at the center of two concentric calderas north west of Mount Agung on the island of Bali, Indonesia",Cagar Alam,Bali,100000,4.5,mount batur gunung batur is an active volcano located at the center of two concentric calderas north west of mount agung on the island of bal indonesia,mount batur gunung batur is an active volcano located at the center of two concentric calderas north west of mount agung on the island of bal indonesia cagar alam bali,Gunung/Bukit,60
440,Uluwatu Temple,The temple is regarded as one of the sad kahyangan and is dedicated to Sang Hyang Widhi Wasa in his manifestation as Rudra.[1],Budaya,Bali,30000,4.6,the temple is regarded as one of the sad kahyangan and is dedicated to sang hyang widhi wasa in his manifestation as rudra,the temple is regarded as one of the sad kahyangan and is dedicated to sang hyang widhi wasa in his manifestation as rudra budaya bali,Candi/Keraton,60
441,Ubud Monkey Forest,"Mandala Suci Wenara Wana, or well known as Ubud Monkey Forest, is the sanctuary and natural habitat of the Balinese long-tailed macaque.",Cagar Alam,Bali,45000,4.5,mandala suci wenara wana or well known as ubud monkey forest is the sanctuary and natural habitat of the balinese long tailed macaque,mandala suci wenara wana or well known as ubud monkey forest is the sanctuary and natural habitat of the balinese long tailed macaque cagar alam bali,Kebun/Taman,60
442,Goa Gajah,"Goa Gajah, or Elephant Cave, is located on the island of Bali near Ubud, in Indonesia. Built in the 9th century, it served as a sanctuary.",Taman Hiburan,Bali,51000,4.2,goa gajah or elephant cave is located on the island of bal near ubud in indonesia built in the th century it served as sanctuary,goa gajah or elephant cave is located on the island of bal near ubud in indonesia built in the th century it served as sanctuary taman hiburan bali,Goa,60
443,Jatiluwih Rice Terraces in Bali,"Jatiluwih rice terraces cover more than 600 hectares of rice fields along the hillsides of the Batukaru mountain range and tend to be less crowded than Tegallalang. You'll also find fewer tourist touts here, so it's easier to walk around and explore without being hassled.",Cagar Alam,Bali,45000,4.7,jatiluwih rice terraces cover more than hectares of rice fields along the hillsides of the batukaru mountain range and tend to be less crowded than tegallalang you ll also find fewer tourist touts here so it easier to walk around and explore without being hassled,jatiluwih rice terraces cover more than hectares of rice fields along the hillsides of the batukaru mountain range and tend to be less crowded than tegallalang you ll also find fewer tourist touts here so it easier to walk around and explore without being hassled cagar alam bali,Cagar Alam,60
444,Tenggalang Rice Terrace,"Tegallalang is a district in the Gianyar Regency, Bali, Indonesia.",Cagar Alam,Bali,4950,4.4,tegallalang is district in the gianyar regency bal indonesia,tegallalang is district in the gianyar regency bal indonesia cagar alam bali,Cagar Alam,60
445,Pura Ulun Danu Bratan,"Pura Ulun Danu Beratan, or Pura Bratan, is a major Hindu Shaivite temple in Bali, Indonesia.",Budaya,Bali,51000,4.7,pura ulun danu rat or pura bratan is major hindu shaivite temple in bal indonesia,pura ulun danu rat or pura bratan is major hindu shaivite temple in bal indonesia budaya bali,Candi/Keraton,60
446,Seminyak Beach,"Seminyak is a mixed tourist residential area on the west coast of Bali in Indonesia, just north of Kuta and Legian.",Bahari,Bali,0,4.5,minyak is mixed tourist residential area on the west coast of bal in indonesia just north of kuta and legi,minyak is mixed tourist residential area on the west coast of bal in indonesia just north of kuta and legi bahari bali,Pantai/Bahari,60
447,Nusa Dua Beach,"Nusa Dua is a resort area built in the 1970s in the southern part of Bali, Indonesia",Bahari,Bali,0,4.6,nusa is resort area built in the in the southern part of bal indonesia,nusa is resort area built in the in the southern part of bal indonesia bahari bali,Pantai/Bahari,60
448,Besakih Temple (Pura Besakih),"is a pura complex in the village of Besakih on the slopes of Mount Agung in eastern Bali, Indonesia. It is the most important, the largest and holiest temple of Balinese Hinduism,[1] and one of a series of Balinese temples.",Budaya,Bali,60000,4.5,is pura complex in the village of besakih on the slopes of mount agung in eastern bal indonesia it is the most important the largest and holiest temple of balinese hinduism and one of series of balinese temples,is pura complex in the village of besakih on the slopes of mount agung in eastern bal indonesia it is the most important the largest and holiest temple of balinese hinduism and one of series of balinese temples budaya bali,Candi/Keraton,60
449,Kuta Beach,"Kuta is a tourist area, administratively an urban village (kelurahan), and the capital of Kuta District, Badung Regency, southern Bali, Indonesia. A former fishing village, it was one of the first towns on Bali to see substantial tourist development, and as a beach resort remains one of Indonesia's major tourist destinations.",Bahari,Bali,50,4.5,kuta is tourist area administratively an urban village lurah and the capital of kuta district badung regency southern bal indonesia former fishing village it was one of the first towns on bal to see substantial tourist development and as beach resort remains one of indonesia major tourist destinations,kuta is tourist area administratively an urban village lurah and the capital of kuta district badung regency southern bal indonesia former fishing village it was one of the first towns on bal to see substantial tourist development and as beach resort remains one of indonesia major tourist destinations bahari bali,Pantai/Bahari,60
450,Pura Penataran Agung Lempuyang,"Pura Penataran Agung Lempuyang is a Balinese Hindu temple or pura located in the slope of Mount Lempuyang in Karangasem, Bali. Pura Penataran Agung Lempuyang is considered as part of a complex of pura surrounding Mount Lempuyang, one of the highly regarded temples of Bali.",Cagar Alam,Bali,55000,4.3,pura natar agung lempuyang is balinese hindu temple or pura located in the slope of mount lempuyang in karangasem bal pura natar agung lempuyang is considered as part of complex of pura surrounding mount lempuyang one of the highly regarded temples of bal,pura natar agung lempuyang is balinese hindu temple or pura located in the slope of mount lempuyang in karangasem bal pura natar agung lempuyang is considered as part of complex of pura surrounding mount lempuyang one of the highly regarded temples of bal cagar alam bali,Candi/Keraton,60
451,Sidemen Valley,"Sidemen Valley evokes the feel of Old Bali, before the tourist throngs descended on the island. Sleepy villages snuggle in the valley amid cascading rice terraces, and cloud-capped Mount Agung looms in the background like a benevolent sentry.",Taman Hiburan,Bali,0,4.3,sidemen valley evokes the feel of old bal before the tourist throngs descended on the island sleepy villages snuggle in the valley amid cascading rice terraces and cloud capped mount agung looms in the background like benevolent sentry,sidemen valley evokes the feel of old bal before the tourist throngs descended on the island sleepy villages snuggle in the valley amid cascading rice terraces and cloud capped mount agung looms in the background like benevolent sentry taman hiburan bali,Taman Hiburan,60
452,Tirta Empul Temple,"Tirta Empul temple (Indonesian: Pura Tirta Empul) is a Hindu Balinese water temple located near the town of Tampaksiring, Bali, Indonesia. The temple compound consists of a petirtaan or bathing structure, famous for its holy spring water, where Balinese Hindus go to for ritual purification. The temple pond. has a spring which gives out fresh water regularly, which Balinese Hindus consider to be holy or amritha.[1] Tirta Empul means Holy Spring in Balinese.",Budaya,Bali,51000,4.6,tirta empul temple indonesian pura tirta empul is hindu balinese water temple located near the town of tampaksiring bal indonesia the temple compound consists of tirta or bathing structure famous for its holy spring water where balinese hindus go to for ritual purification the temple pond has spring which gives out fresh water regularly which balinese hindus consider to be holy or amritha tirta empul means holy spring in balinese,tirta empul temple indonesian pura tirta empul is hindu balinese water temple located near the town of tampaksiring bal indonesia the temple compound consists of tirta or bathing structure famous for its holy spring water where balinese hindus go to for ritual purification the temple pond has spring which gives out fresh water regularly which balinese hindus consider to be holy or amritha tirta empul means holy spring in balinese budaya bali,Candi/Keraton,60
453,West Bali National Park,"West Bali National Park (Indonesian: Taman Nasional Bali Barat) is a national park located in Buleleng Regency, Bali, Indonesia.",Taman Hiburan,Bali,200,4.5,west bal national park indonesian taman nasional bal barat is national park located in buleleng regency bal indonesia,west bal national park indonesian taman nasional bal barat is national park located in buleleng regency bal indonesia taman hiburan bali,Taman Hiburan,60
454,Garuda Wisnu Kencana Cultural Park,"Garuda Wisnu Kencana Cultural Park (Indonesian: Taman Budaya Garuda Wisnu Kencana), or GWK, is a tourist destination and attraction located at Ungasan, Badung on the island of Bali, Indonesia, about 10–15 minutes drive from Ngurah Rai International Airport. It is devoted to the Hindu god Vishnu, and his mount, Garuda, the mythical bird who became his companion.",Taman Hiburan,Bali,100000,4.5,garuda wisnu kencana cultural park indonesian taman budaya garuda wisnu kencana or gwk is tourist destination and attraction located at ungasan badung on the island of bal indonesia about minutes drive from ngurah rai international airport it is devoted to the hindu god vishnu and his mount garuda the mythical bird who became his companion,garuda wisnu kencana cultural park indonesian taman budaya garuda wisnu kencana or gwk is tourist destination and attraction located at ungasan badung on the island of bal indonesia about minutes drive from ngurah rai international airport it is devoted to the hindu god vishnu and his mount garuda the mythical bird who became his companion taman hiburan bali,Taman Hiburan,60
455,Bali Zoo,"Large zoo featuring orangutans, elephants & African lions, plus interactive encounters & shows.",Taman Hiburan,Bali,90000,4.4,large zoo featuring orangutans elephants african lions plus interactive encounters shows,large zoo featuring orangutans elephants african lions plus interactive encounters shows taman hiburan bali,Kebun/Taman,60
456,Bali Bird Park,"Animal park with exotic-bird shows, feedings & displays, plus reptiles, native plants & a cafe.",Taman Hiburan,Bali,385000,4.6,animal park with exotic bird shows feedings displays plus reptiles native plants cafe,animal park with exotic bird shows feedings displays plus reptiles native plants cafe taman hiburan bali,Taman Hiburan,60
457,Tirta Gangga,"Elegant spiritual retreat & gardens surrounded by natural springs, with swimming & picnicking.",Budaya,Bali,50000,4.6,elegant spiritual retreat gardens surrounded by natural springs with swimming picnicking,elegant spiritual retreat gardens surrounded by natural springs with swimming picnicking budaya bali,Budaya,60
458,Tegenungan Waterfall,"Scenic waterfall in a lush jungle setting above a shallow bathing area, with cafes nearby.",Taman Hiburan,Bali,14400,4.3,scenic waterfall in lush jungle setting above shallow bathing area with cafes nearby,scenic waterfall in lush jungle setting above shallow bathing area with cafes nearby taman hiburan bali,Air Terjun,60
459,Bali Swing,"Adventure outfit offering a range of tours, rafting trips & rope swings with jungle views.",Taman Hiburan,Bali,150000,4.5,adventure outfit offering range of tours rafting trips rope swings with jungle views,adventure outfit offering range of tours rafting trips rope swings with jungle views taman hiburan bali,Taman Hiburan,60
460,Waterboom Bali,"Lively water park with a rides for all ages, plus restaurants, a food court & a swim-up bar.",Taman Hiburan,Bali,355000,4.7,lively water park with rides for all ages plus restaurants food court swim up bar,lively water park with rides for all ages plus restaurants food court swim up bar taman hiburan bali,Taman Hiburan,60
461,Campuhan Ridge Walk,"Lush, scenic locale known for its mellow hiking trails & sweeping hilltop views.",Taman Hiburan,Bali,0,4.4,lush scenic locale known for its mellow hiking trails sweeping hilltop views,lush scenic locale known for its mellow hiking trails sweeping hilltop views taman hiburan bali,Taman Hiburan,60
462,Bali Safari and Marine Park,"Family-friendly locale offering safaris for animal viewing, elephant rides & a water park.",Taman Hiburan,Bali,720000,4.4,family friendly locale offering safar for animal viewing elephant rides water park,family friendly locale offering safar for animal viewing elephant rides water park taman hiburan bali,Taman Hiburan,60
463,Bajra Sandhi Monument,"Ornate, landmark monument to the Balinese people, with a grassy surrounding park.",Taman Hiburan,Bali,30000,4.6,ornate landmark monument to the balinese people with grassy surrounding park,ornate landmark monument to the balinese people with grassy surrounding park taman hiburan bali,Taman Hiburan,60
464,Sukawati Art Market,"Colorful marketplace with merchants selling apparel, jewelry, locally made souvenirs & more.",Budaya,Bali,0,4.3,colorful marketplace with merchants selling apparel jewelry locally made souvenirs more,colorful marketplace with merchants selling apparel jewelry locally made souvenirs more budaya bali,Budaya,60
465,Taman Ujung,"This scenic, former water palace built in 1909 features gardens, large pools & historical photos.",Taman Hiburan,Bali,71700,4.6,this scenic former water palace built in features gardens large pools historical photos,this scenic former water palace built in features gardens large pools historical photos taman hiburan bali,Kebun/Taman,60
466,Secret Garden Village,"Beatiful Garden Located in Jalan Raya Denpasar, Bali.",Taman Hiburan,Bali,43050,4.6,beatiful garden located in jalan raya denpasar bal,beatiful garden located in jalan raya denpasar bal taman hiburan bali,Kebun/Taman,60
467,Penglipuran Village,Traditional Balinese village selling handicrafts & local produce & offering homestay accommodation.,Budaya,Bali,52200,4.8,traditional balinese village selling handicrafts local produce offering homestay accommodation,traditional balinese village selling handicrafts local produce offering homestay accommodation budaya bali,Candi/Keraton,60
468,Banjar Hot Spring,"Hot springs complex surrounded by tropical gardens offering pools & showers, plus an eatery & a spa.",Taman Hiburan,Bali,20000,4.3,hot springs complex surrounded by tropical gardens offering pools showers plus an eatery spa,hot springs complex surrounded by tropical gardens offering pools showers plus an eatery spa taman hiburan bali,Taman Hiburan,60
469,Bali Pulina,"Sprawling venue with lush, tropical vegetation, coffee & tea tastings & a zipline through foliage.",Taman Hiburan,Bali,100000,4.5,sprawling venue with lush tropical vegetation coffee tea tastings zipline through foliage,sprawling venue with lush tropical vegetation coffee tea tastings zipline through foliage taman hiburan bali,Taman Hiburan,60
470,Goa Lawah Temple,"This small, 11th-century Balinese Hindu temple was constructed around a bat-filled cave.",Budaya,Bali,20000,4.7,this small th century balinese hindu temple was constructed around bat filled cave,this small th century balinese hindu temple was constructed around bat filled cave budaya bali,Goa,60
471,Pantai Batu Bolong,This well-known sandy beach near shops & restaurants is popular with surfers & has board rentals,Bahari,Bali,2000,4.4,this well known sandy beach near shops restaurants is popular with surfers has board rentals,this well known sandy beach near shops restaurants is popular with surfers has board rentals bahari bali,Pantai/Bahari,60
472,Taman Nasional Gunung Leuser,"Taman Nasional Gunung Leuser adalah salah satu dari enam taman nasional yang terletak di Pulau Sumatera, Indonesia. Taman nasional ini merupakan salah satu kawasan lindung yang penting bagi flora dan fauna endemik, termasuk spesies langka seperti orangutan Sumatera, harimau Sumatera, dan gajah Sumatera.",Budaya,Aceh,25000,4.5,taman nasional gunung leuser salah enam taman nasional letak pulau sumatera indonesia taman nasional salah kawasan lindung flora fauna endemik spesies langka orangutan sumatera harimau sumatera gajah sumatera,taman nasional gunung leuser salah enam taman nasional letak pulau sumatera indonesia taman nasional salah kawasan lindung flora fauna endemik spesies langka orangutan sumatera harimau sumatera gajah sumatera budaya aceh,Gunung/Bukit,60
473,Desa Wisata Munduk,"Desa Wisata Munduk adalah sebuah desa di pegunungan Bali yang terkenal dengan keindahan alamnya. Desa ini dikelilingi oleh perkebunan kopi, kakao, dan rempah-rempah, serta memiliki udara segar dan pemandangan yang menakjubkan. Di Desa Wisata Munduk, pengunjung dapat menikmati keindahan alam, trekking, melihat air terjun, dan menjelajahi kehidupan desa yang tenang.",Desa Wisata,Bali,10000,4.5,desa wisata munduk desa gunung bal kenal indah alam desa keliling kebun kopi kakao rempah rempah milik udara segar pandang takjub desa wisata munduk unjung nikmat indah alam trekking air terjun jajah hidup desa tenang,desa wisata munduk desa gunung bal kenal indah alam desa keliling kebun kopi kakao rempah rempah milik udara segar pandang takjub desa wisata munduk unjung nikmat indah alam trekking air terjun jajah hidup desa tenang desa wisata bali,Lainnya,60
474,Desa Wisata Penglipuran,"Desa Wisata Penglipuran adalah sebuah desa wisata yang terletak di Kabupaten Bangli, Bali, Indonesia. Desa ini terkenal karena keindahan arsitektur tradisional Bali dan kelestariannya yang terjaga dengan baik. Penglipuran sering dijuluki sebagai ""desa adat Bali yang terbersih"" karena kepedulian warganya terhadap kebersihan dan kerapian desa.",Budaya,Bali,25000,4.8,desa wisata lipur desa wisata letak kabupaten bangli bal indonesia desa kenal indah arsitektur tradisional bal lestari jaga lipur juluk desa adat bal bersih peduli warga bersih rapi desa,desa wisata lipur desa wisata letak kabupaten bangli bal indonesia desa kenal indah arsitektur tradisional bal lestari jaga lipur juluk desa adat bal bersih peduli warga bersih rapi desa budaya bali,Candi/Keraton,60
475,Taman Nasional Bali Barat,"Taman Nasional Bali Barat adalah kawasan konservasi alam yang terletak di pesisir barat Pulau Bali. Taman nasional ini terkenal karena keindahan alamnya yang meliputi hutan tropis, pegunungan, dan ekosistem pesisir. Kawasan ini juga menjadi rumah bagi berbagai spesies satwa liar yang dilindungi, seperti banteng Bali, kijang, dan burung Jalak Bali.",Taman Nasional,Bali,15000,4.5,taman nasional bal barat kawasan konservasi alam letak pesisir barat pulau bal taman nasional kenal indah alam liput hutan tropis gunung ekosistem pesisir kawasan rumah spesies satwa liar lindung banteng bal kijang burung jalak bal,taman nasional bal barat kawasan konservasi alam letak pesisir barat pulau bal taman nasional kenal indah alam liput hutan tropis gunung ekosistem pesisir kawasan rumah spesies satwa liar lindung banteng bal kijang burung jalak bal taman nasional bali,Kebun/Taman,60
476,Desa Wisata Kampung Cai Ranca Upas,"Desa ini menawarkan suasana pedesaan yang alami dan keindahan alam yang memukau, dengan pemandangan sawah, perkebunan teh, dan udara segar yang menyejukkan.",Cagar Alam,Bandung,10000,4.7,desa tawar suasana desa alami indah alam pukau pandang sawah kebun teh udara segar sejuk,desa tawar suasana desa alami indah alam pukau pandang sawah kebun teh udara segar sejuk cagar alam bandung,Cagar Alam,60
477,Taman Wisata Alam Cikole,"Taman Wisata Alam Cikole adalah tempat wisata alam yang terletak di Lembang, Bandung, Indonesia. Taman ini memiliki luas sekitar 110 hektar dan menawarkan berbagai macam kegiatan seperti camping, hiking, off-road, dan flying fox. Pengunjung dapat menikmati keindahan alam, bermain air, dan menikmati kuliner khas daerah.",Budaya,Bandung,20000,4.6,taman wisata alam cikole wisata alam letak lembang bandung indonesia taman milik luas hektar tawar giat camping hiking off road flying fox unjung nikmat indah alam main air nikmat kuliner khas daerah,taman wisata alam cikole wisata alam letak lembang bandung indonesia taman milik luas hektar tawar giat camping hiking off road flying fox unjung nikmat indah alam main air nikmat kuliner khas daerah budaya bandung,Kebun/Taman,60
478,Taman Wisata Alam Ranca Upas,"Taman Wisata Alam Ranca Upas adalah sebuah tempat wisata alam yang terletak di Ciwidey, Bandung, Jawa Barat, Indonesia. Taman ini terkenal dengan keberadaan padang rumput yang hijau dan segar serta kawanan rusa yang berkeliaran. Pengunjung dapat menikmati suasana alam yang sejuk dan asri, serta melakukan berbagai kegiatan seperti camping, hiking, dan berkuda. Selain itu, di sini juga terdapat kolam pancing dan area piknik yang menyenangkan.",Budaya,Bandung,25000,4.5,taman wisata alam ranca upas wisata alam letak ciwidey bandung jawa barat indonesia taman kenal ada padang rumput hijau segar kawan rusa liar unjung nikmat suasana alam sejuk asri giat camping hiking kuda kolam pancing area piknik senang,taman wisata alam ranca upas wisata alam letak ciwidey bandung jawa barat indonesia taman kenal ada padang rumput hijau segar kawan rusa liar unjung nikmat suasana alam sejuk asri giat camping hiking kuda kolam pancing area piknik senang budaya bandung,Kebun/Taman,60
479,Taman Nasional Ujung Kulon,"Taman nasional ini terkenal karena keindahan alamnya, termasuk hutan hujan tropis, pantai-pantai yang eksotis, dan keanekaragaman hayati yang melimpah. Selain itu, Taman Nasional Ujung Kulon juga menjadi tempat perlindungan bagi spesies langka seperti badak bercula satu.",Budaya,Banten,7500,4.4,taman nasional kenal indah alam hutan hujan tropis pantai pantai eksotis keanekaragaman hayati limpah taman nasional ujung kulon lindung spesies langka badak cula,taman nasional kenal indah alam hutan hujan tropis pantai pantai eksotis keanekaragaman hayati limpah taman nasional ujung kulon lindung spesies langka badak cula budaya banten,Kebun/Taman,60
480,Desa Wisata Mangunan,"Desa Wisata Mangunan terletak di Kabupaten Bantul, Yogyakarta, Indonesia. Desa wisata ini terkenal dengan keindahan alamnya yang asri, terutama pemandangan dari bukit Mangunan yang mempesona. Di Desa Wisata Mangunan, pengunjung dapat melakukan berbagai aktivitas seperti hiking, camping, atau sekadar menikmati keindahan alam yang menakjubkan.",Desa Wisata,Bantul,5000,4.7,desa wisata mangun letak kabupaten bantul yogyakarta indonesia desa wisata kenal indah alam asri pandang bukit mangun pesona desa wisata mangun unjung aktivitas hiking camping nikmat indah alam takjub,desa wisata mangun letak kabupaten bantul yogyakarta indonesia desa wisata kenal indah alam asri pandang bukit mangun pesona desa wisata mangun unjung aktivitas hiking camping nikmat indah alam takjub desa wisata bantul,Lainnya,60
481,Kawah Ijen,"Kawah ini terkenal karena keindahan pemandangan alamnya, terutama fenomena api biru yang muncul di malam hari. Selain itu, Kawah Ijen juga terkenal dengan kandungan belerangnya yang menghasilkan salah satu kawah dengan asap belerang terbesar di dunia.",Cagar Alam,Banyuwangi,7500,4.7,kawah kenal indah pandang alam fenomena api biru muncul malam kawah ijen kenal kandung belerang hasil salah kawah asap belerang besar dunia,kawah kenal indah pandang alam fenomena api biru muncul malam kawah ijen kenal kandung belerang hasil salah kawah asap belerang besar dunia cagar alam banyuwangi,Cagar Alam,60
482,Desa Wisata Cinangneng,Desa ini menawarkan pengalaman yang autentik dalam mengenal kehidupan pedesaan serta keindahan alam dan budaya lokal.,Budaya,Bogor,100000,4.4,desa tawar alam autentik kenal hidup desa indah alam budaya lokal,desa tawar alam autentik kenal hidup desa indah alam budaya lokal budaya bogor,Budaya,60
483,Kebun Raya Bogor,"Kebun raya ini memiliki luas sekitar 87 hektar dan merupakan salah satu kebun raya terbesar di Indonesia. Kebun Raya Bogor memiliki koleksi tumbuhan yang sangat beragam, termasuk berbagai spesies tumbuhan langka dan koleksi flora endemik Indonesia.",Cagar Alam,Bogor,20000,4.5,kebun raya milik luas hektar salah kebun raya besar indonesia kebun raya bogor milik koleksi tumbuh agam spesies tumbuh langka koleksi flora endemik indonesia,kebun raya milik luas hektar salah kebun raya besar indonesia kebun raya bogor milik koleksi tumbuh agam spesies tumbuh langka koleksi flora endemik indonesia cagar alam bogor,Kebun/Taman,60
484,Taman Wisata Alam Cibodas,"Taman Wisata Alam Cibodas adalah tempat wisata alam yang terletak di kawasan Puncak, Jawa Barat, Indonesia. Taman ini memiliki area seluas 1.300 hektar dengan berbagai jenis flora dan fauna. Pengunjung dapat menikmati pemandangan alam, berkemah, hiking, atau mengunjungi kebun bunga yang indah di dalamnya. Taman Wisata Alam Cibodas juga memiliki area peristirahatan yang nyaman bagi pengunjung.",Cagar Alam,Bogor,15500,4.6,taman wisata alam cibodas wisata alam letak kawasan puncak jawa barat indonesia taman milik area luas hektar jenis flora fauna unjung nikmat pandang alam kemah hiking unjung kebun bunga indah dalam taman wisata alam cibodas milik area istirahat nyaman unjung,taman wisata alam cibodas wisata alam letak kawasan puncak jawa barat indonesia taman milik area luas hektar jenis flora fauna unjung nikmat pandang alam kemah hiking unjung kebun bunga indah dalam taman wisata alam cibodas milik area istirahat nyaman unjung cagar alam bogor,Kebun/Taman,60
485,Taman Wisata Alam Ciloto,"Taman Wisata Alam Ciloto adalah tempat wisata alam di Puncak, Jawa Barat, Indonesia. Taman ini memiliki pemandangan indah, udara sejuk, dan banyak flora dan fauna. Pengunjung dapat hiking, camping, dan melihat kebun bunga yang cantik. Taman ini juga terkenal dengan Istana Cipanas, dulunya menjadi kediaman Presiden Soeharto.",Budaya,Bogor,20000,4.6,taman wisata alam ciloto wisata alam puncak jawa barat indonesia taman milik pandang indah udara sejuk flora fauna unjung hiking camping kebun bunga cantik taman kenal istana cipanas dulunya diam presiden soeharto,taman wisata alam ciloto wisata alam puncak jawa barat indonesia taman milik pandang indah udara sejuk flora fauna unjung hiking camping kebun bunga cantik taman kenal istana cipanas dulunya diam presiden soeharto budaya bogor,Kebun/Taman,60
486,Taman Wisata Alam Gunung Geulis,"Taman Wisata Alam Gunung Geulis adalah tempat wisata alam yang terletak di kaki Gunung Salak, Bogor, Jawa Barat, Indonesia. Taman ini memiliki pemandangan indah dan udara yang sejuk dengan banyak jenis flora dan fauna yang dapat ditemukan di dalamnya. Pengunjung dapat melakukan berbagai kegiatan seperti hiking, camping, dan bermain air di sungai yang jernih. Taman Wisata Alam Gunung Geulis adalah tempat yang cocok untuk melepas penat dan menikmati keindahan alam yang masih alami.",Budaya,Bogor,0,4.3,taman wisata alam gunung geulis wisata alam letak kaki gunung salak bogor jawa barat indonesia taman milik pandang indah udara sejuk jenis flora fauna temu dalam unjung giat hiking camping main air sungai jernih taman wisata alam gunung geulis cocok lepas penat nikmat indah alam alami,taman wisata alam gunung geulis wisata alam letak kaki gunung salak bogor jawa barat indonesia taman milik pandang indah udara sejuk jenis flora fauna temu dalam unjung giat hiking camping main air sungai jernih taman wisata alam gunung geulis cocok lepas penat nikmat indah alam alami budaya bogor,Gunung/Bukit,60
487,Taman Wisata Alam Gunung Pancar,"Taman Wisata Alam Gunung Pancar terletak di Bogor, Jawa Barat. Tempat wisata ini terkenal dengan keindahan alamnya seperti air terjun, danau, dan pemandangan pegunungan yang mempesona. ",Cagar Alam,Bogor,20000,4.1,taman wisata alam gunung pancar letak bogor jawa barat wisata kenal indah alam air terjun danau pandang gunung pesona,taman wisata alam gunung pancar letak bogor jawa barat wisata kenal indah alam air terjun danau pandang gunung pesona cagar alam bogor,Gunung/Bukit,60
488,Taman Wisata Alam Riung Gunung,"Taman Wisata Alam Puncak Bogor adalah sebuah tempat wisata alam yang terletak di daerah Puncak, Jawa Barat, Indonesia. Taman ini memiliki kebun bunga yang cantik dan udara yang sejuk. Di sini, pengunjung dapat menikmati pemandangan pegunungan dan aktivitas seperti bersepeda, berjalan-jalan, dan memetik buah. Taman Wisata Alam Puncak Bogor merupakan tempat yang cocok untuk melepas penat dan menikmati keindahan alam.",Budaya,Bogor,5000,4.5,taman wisata alam puncak bogor wisata alam letak daerah puncak jawa barat indonesia taman milik kebun bunga cantik udara sejuk unjung nikmat pandang gunung aktivitas sepeda jalan jalan petik buah taman wisata alam puncak bogor cocok lepas penat nikmat indah alam,taman wisata alam puncak bogor wisata alam letak daerah puncak jawa barat indonesia taman milik kebun bunga cantik udara sejuk unjung nikmat pandang gunung aktivitas sepeda jalan jalan petik buah taman wisata alam puncak bogor cocok lepas penat nikmat indah alam budaya bogor,Gunung/Bukit,60
489,Taman Wisata Alam Kampoeng Air Kragilan,"Taman Wisata Alam Kampoeng Radjawali adalah tempat wisata alam yang terletak di Boyolali, Jawa Tengah, Indonesia. Taman ini memiliki konsep kebun buah-buahan dan terdapat berbagai macam tanaman seperti jeruk, rambutan, dan durian. Di sini, pengunjung dapat menikmati buah segar, berjalan-jalan, atau bersepeda di sekitar kebun. Selain itu, terdapat juga wahana flying fox dan kolam renang yang menyegarkan.",Budaya,Boyolali,10000,3.4,taman wisata alam kampoeng radjawali wisata alam letak boyolali jawa tengah indonesia taman milik konsep kebun buah buah tanam jeruk rambutan durian unjung nikmat buah segar jalan jalan sepeda kebun wahana flying fox kolam renang segar,taman wisata alam kampoeng radjawali wisata alam letak boyolali jawa tengah indonesia taman milik konsep kebun buah buah tanam jeruk rambutan durian unjung nikmat buah segar jalan jalan sepeda kebun wahana flying fox kolam renang segar budaya boyolali,Kebun/Taman,60
490,Taman Hutan Raya Ngurah Rai,Taman Hutan Raya Ngurah Rai terletak di Bali dan memiliki luas sekitar 15 hektar. Tempat wisata ini terkenal dengan keanekaragaman flora dan fauna khas Pulau Bali. ,Cagar Alam,Denpasar,10000,4.2,taman hutan raya ngurah rai letak bal milik luas hektar wisata kenal keanekaragaman flora fauna khas pulau bal,taman hutan raya ngurah rai letak bal milik luas hektar wisata kenal keanekaragaman flora fauna khas pulau bal cagar alam denpasar,Kebun/Taman,60
491,Taman Nasional Kelimutu,"Taman Nasional Kelimutu terletak di Pulau Flores, Nusa Tenggara Timur, Indonesia. Taman nasional ini terkenal dengan danau tiga warna (Kelimutu) yang mempesona dan keindahan alamnya. Di Taman Nasional Kelimutu, pengunjung dapat menikmati panorama pegunungan yang hijau dan beragam fauna, seperti burung-burung endemik Flores.",Cagar Alam,Ende,200000,4.7,taman nasional kelimutu letak pulau flores nusa tenggara timur indonesia taman nasional kenal danau warna kelimutu pesona indah alam taman nasional kelimutu unjung nikmat panorama gunung hijau agam fauna burung burung endemik flores,taman nasional kelimutu letak pulau flores nusa tenggara timur indonesia taman nasional kenal danau warna kelimutu pesona indah alam taman nasional kelimutu unjung nikmat panorama gunung hijau agam fauna burung burung endemik flores cagar alam ende,Kebun/Taman,60
492,Desa Wisata Nglanggeran,"Desa Wisata Nglanggeran terletak di Kabupaten Gunungkidul, Yogyakarta, Indonesia. Desa wisata ini terkenal dengan keindahan alamnya yang asri, terutama pemandangan dari bukit Nglanggeran dan gua-gua yang ada di sekitarnya. Di Desa Wisata Nglanggeran, pengunjung dapat melakukan berbagai aktivitas seperti hiking, camping, atau sekadar menikmati keindahan alam yang mempesona.",Desa Wisata,Gunungkidul,5000,4.5,desa wisata nglanggeran letak kabupaten gunungkidul yogyakarta indonesia desa wisata kenal indah alam asri pandang bukit nglanggeran gua gua desa wisata nglanggeran unjung aktivitas hiking camping nikmat indah alam pesona,desa wisata nglanggeran letak kabupaten gunungkidul yogyakarta indonesia desa wisata kenal indah alam asri pandang bukit nglanggeran gua gua desa wisata nglanggeran unjung aktivitas hiking camping nikmat indah alam pesona desa wisata gunungkidul,Lainnya,60
493,Taman Nasional Berbak,"Taman Nasional Berbak adalah kawasan konservasi alam yang terletak di Provinsi Jambi, Indonesia. Taman ini memiliki luas lebih dari 1 juta hektar dan merupakan habitat bagi beragam spesies satwa liar, seperti harimau sumatera, gajah, dan berbagai jenis burung. Taman ini juga memiliki hutan bakau yang luas yang menjadi tempat bersarangnya berbagai spesies burung laut.",Cagar Alam,Jambi,10000,4.2,taman nasional bak kawasan konservasi alam letak provinsi jambi indonesia taman milik luas juta hektar habitat agam spesies satwa liar harimau sumatera gajah jenis burung taman milik hutan bakau luas sarang spesies burung laut,taman nasional bak kawasan konservasi alam letak provinsi jambi indonesia taman milik luas juta hektar habitat agam spesies satwa liar harimau sumatera gajah jenis burung taman milik hutan bakau luas sarang spesies burung laut cagar alam jambi,Kebun/Taman,60
494,Taman Nasional Bukit Duabelas,"Taman Nasional Bukit Duabelas adalah taman nasional yang terletak di provinsi Jambi, Indonesia. Taman ini dikenal dengan keindahan hutan hujan tropisnya dan keberadaan suku Anak Dalam yang masih hidup secara tradisional. Pengunjung dapat melakukan trekking, berinteraksi dengan suku Anak Dalam, dan menikmati keindahan alam yang masih asli di sini.",Cagar Alam,Jambi,10000,4.0,taman nasional bukit duabelas taman nasional letak provinsi jambi indonesia taman kenal indah hutan hujan tropis ada suku anak hidup tradisional unjung trekking interaksi suku anak nikmat indah alam asli,taman nasional bukit duabelas taman nasional letak provinsi jambi indonesia taman kenal indah hutan hujan tropis ada suku anak hidup tradisional unjung trekking interaksi suku anak nikmat indah alam asli cagar alam jambi,Gunung/Bukit,60
495,Taman Nasional Bukit Tigapuluh,"Taman nasional ini dikenal karena kekayaan biodiversitasnya, termasuk populasi harimau Sumatera, gajah Sumatera, orangutan, dan berbagai spesies tumbuhan langka.",Cagar Alam,Jambi,15000,4.1,taman nasional kenal kaya biodiversitasnya populasi harimau sumatera gajah sumatera orangutan spesies tumbuh langka,taman nasional kenal kaya biodiversitasnya populasi harimau sumatera gajah sumatera orangutan spesies tumbuh langka cagar alam jambi,Gunung/Bukit,60
496,Taman Nasional Meru Betiri,Taman nasional yang memiliki keanekaragaman hayati yang kaya dan ekosistem yang unik. Taman ini terkenal karena menjadi tempat berkembang biaknya penyu hijau (Chelonia mydas) dan penyu sisik (Eretmochelys imbricata).,Budaya,Jember,7500,4.6,taman nasional milik keanekaragaman hayati kaya ekosistem unik taman kenal kembang biak penyu hijau chelonia mydas penyu sisik eretmochelys imbricata,taman nasional milik keanekaragaman hayati kaya ekosistem unik taman kenal kembang biak penyu hijau chelonia mydas penyu sisik eretmochelys imbricata budaya jember,Kebun/Taman,60
497,Taman Nasional Karimunjawa,"Taman Nasional Karimunjawa adalah sebuah taman nasional yang terletak di Kepulauan Karimunjawa, Jawa Tengah, Indonesia. Taman nasional ini terkenal karena keindahan alam bawah lautnya, pantai-pantai berpasir putih, dan keanekaragaman hayati yang melimpah.",Bahari,Jepara,7500,4.7,taman nasional karimunjawa taman nasional letak pulau karimunjawa jawa tengah indonesia taman nasional kenal indah alam laut pantai pantai pasir putih keanekaragaman hayati limpah,taman nasional karimunjawa taman nasional letak pulau karimunjawa jawa tengah indonesia taman nasional kenal indah alam laut pantai pantai pasir putih keanekaragaman hayati limpah bahari jepara,Kebun/Taman,60
498,Taman Nasional Betung Kerihun,"Taman Nasional Betung Kerihun merupakan salah satu taman nasional terbesar di Indonesia. Taman ini terkenal karena keindahan alamnya yang meliputi hutan hujan tropis, sungai, dan pegunungan. Taman ini juga menjadi habitat bagi berbagai spesies flora dan fauna langka.",Cagar Alam,Kapuas Hulu,10000,4.4,taman nasional betung kerihun salah taman nasional besar indonesia taman kenal indah alam liput hutan hujan tropis sungai gunung taman habitat spesies flora fauna langka,taman nasional betung kerihun salah taman nasional besar indonesia taman kenal indah alam liput hutan hujan tropis sungai gunung taman habitat spesies flora fauna langka cagar alam kapuas hulu,Kebun/Taman,60
499,Taman Nasional Tanjung Puting,"Taman Nasional Tanjung Puting terkenal karena menjadi habitat bagi populasi terbesar orangutan liar di dunia. Taman ini meliputi area hutan rawa gambut, sungai, dan hutan hujan tropis. Selain orangutan, taman ini juga merupakan rumah bagi berbagai spesies flora dan fauna yang langka.",Bahari,Kotawaringin,5000,4.7,taman nasional tanjung puting kenal habitat populasi besar orangutan liar dunia taman liput area hutan rawa gambut sungai hutan hujan tropis orangutan taman rumah spesies flora fauna langka,taman nasional tanjung puting kenal habitat populasi besar orangutan liar dunia taman liput area hutan rawa gambut sungai hutan hujan tropis orangutan taman rumah spesies flora fauna langka bahari kotawaringin,Kebun/Taman,60
500,Taman Wisata Alam Kubu Raya,"Taman Wisata Alam Kubu Raya terletak di Kalimantan Barat dan memiliki luas sekitar 2.278 hektar. Tempat wisata ini memiliki keindahan alam yang menakjubkan seperti air terjun, danau, danau buatan, serta berbagai macam flora dan fauna. ",Budaya,Kubu Raya,5000,4.6,taman wisata alam kubu raya letak kalimantan barat milik luas hektar wisata milik indah alam takjub air terjun danau danau buat flora fauna,taman wisata alam kubu raya letak kalimantan barat milik luas hektar wisata milik indah alam takjub air terjun danau danau buat flora fauna budaya kubu raya,Kebun/Taman,60
501,Desa Wisata Nglinggo,"Desa Wisata Nglinggo terletak di Kabupaten Kulon Progo, Yogyakarta, Indonesia. Desa ini terkenal dengan keindahan alamnya yang asri, terutama sawah, hutan, dan sungai. Di Desa Wisata Nglinggo, pengunjung dapat melakukan berbagai aktivitas seperti hiking, camping, atau hanya sekadar menikmati keindahan alam yang menakjubkan.",Desa Wisata,Kulon Progo,5000,4.4,desa wisata nglinggo letak kabupaten kulon progo yogyakarta indonesia desa kenal indah alam asri sawah hutan sungai desa wisata nglinggo unjung aktivitas hiking camping nikmat indah alam takjub,desa wisata nglinggo letak kabupaten kulon progo yogyakarta indonesia desa kenal indah alam asri sawah hutan sungai desa wisata nglinggo unjung aktivitas hiking camping nikmat indah alam takjub desa wisata kulon progo,Lainnya,60
502,Taman Hutan Raya Bukit Soeharto,"Taman Hutan Raya Bukit Soeharto terletak di Kabupaten Kutai Kartanegara, Kalimantan Timur, Indonesia. Taman hutan raya ini terkenal dengan keindahan alamnya yang asri, terutama keanekaragaman flora dan fauna, dan sungai yang indah. Di Taman Hutan Raya Bukit Soeharto, pengunjung dapat melakukan berbagai aktivitas seperti hiking, camping, atau sekadar menikmati keindahan alam yang menakjubkan. ",Cagar Alam,Kalimantan Timur,3000,4.4,taman hutan raya bukit soeharto letak kabupaten kuta kartanegara kalimantan timur indonesia taman hutan raya kenal indah alam asri keanekaragaman flora fauna sungai indah taman hutan raya bukit soeharto unjung aktivitas hiking camping nikmat indah alam takjub,taman hutan raya bukit soeharto letak kabupaten kuta kartanegara kalimantan timur indonesia taman hutan raya kenal indah alam asri keanekaragaman flora fauna sungai indah taman hutan raya bukit soeharto unjung aktivitas hiking camping nikmat indah alam takjub cagar alam kalimantan timur,Gunung/Bukit,60
503,Taman Nasional Bukit Barisan Selatan,"Taman Nasional Bukit Barisan Selatan merupakan salah satu kawasan konservasi yang penting di Indonesia. Taman ini terletak di pegunungan Bukit Barisan dan memiliki keanekaragaman hayati yang tinggi, termasuk spesies langka seperti harimau Sumatera dan badak Sumatera. Taman Nasional ini juga memiliki pemandangan alam yang indah, termasuk pegunungan, hutan hujan tropis, sungai, dan air terjun.",Taman Nasional,Lampung,15000,4.4,taman nasional bukit baris selatan salah kawasan konservasi indonesia taman letak gunung bukit baris milik keanekaragaman hayati tinggi spesies langka harimau sumatera badak sumatera taman nasional milik pandang alam indah gunung hutan hujan tropis sungai air terjun,taman nasional bukit baris selatan salah kawasan konservasi indonesia taman letak gunung bukit baris milik keanekaragaman hayati tinggi spesies langka harimau sumatera badak sumatera taman nasional milik pandang alam indah gunung hutan hujan tropis sungai air terjun taman nasional lampung,Gunung/Bukit,60
504,Taman Nasional Way Kambas,"Taman ini merupakan salah satu kawasan konservasi yang penting di Indonesia dan dikenal karena menjadi tempat perlindungan bagi gajah Sumatera yang terancam punah. Taman Nasional Way Kambas juga memiliki keanekaragaman hayati yang kaya, termasuk flora dan fauna yang langka dan dilindungi.",Taman Nasional,Lampung,7000,4.3,taman salah kawasan konservasi indonesia kenal lindung gajah sumatera ancam punah taman nasional way kambas milik keanekaragaman hayati kaya flora fauna langka lindung,taman salah kawasan konservasi indonesia kenal lindung gajah sumatera ancam punah taman nasional way kambas milik keanekaragaman hayati kaya flora fauna langka lindung taman nasional lampung,Kebun/Taman,60
505,Desa Wisata Lembah Harau,"Desa Wisata Lembah Harau terletak di Kabupaten Limapuluh Kota, Sumatra Barat, Indonesia. Desa wisata ini terkenal dengan keindahan alamnya yang asri, terutama air terjun dan tebing karstnya yang menjulang tinggi. Di Desa Wisata Lembah Harau, pengunjung dapat melakukan berbagai aktivitas seperti hiking, camping, atau hanya sekadar menikmati pemandangan yang menakjubkan.",Desa Wisata,Sumatera Barat,10000,4.5,desa wisata lembah harau letak kabupaten limapuluh kota sumatra barat indonesia desa wisata kenal indah alam asri air terjun tebing karst julang tinggi desa wisata lembah harau unjung aktivitas hiking camping nikmat pandang takjub,desa wisata lembah harau letak kabupaten limapuluh kota sumatra barat indonesia desa wisata kenal indah alam asri air terjun tebing karst julang tinggi desa wisata lembah harau unjung aktivitas hiking camping nikmat pandang takjub desa wisata sumatera barat,Lainnya,60
506,Taman Nasional Gunung Rinjani,"Taman ini meliputi area luas yang mencakup Gunung Rinjani, gunung berapi aktif yang merupakan gunung tertinggi kedua di Indonesia. Taman Nasional Gunung Rinjani terkenal karena keindahan pemandangan alamnya, seperti danau kaldera Segara Anak, air terjun, hutan tropis, dan flora serta fauna yang khas.",Taman Nasional,Lombok,10000,4.7,taman liput area luas cakup gunung rinjani gunung rap aktif gunung tinggi indonesia taman nasional gunung rinjani kenal indah pandang alam danau kaldera segara anak air terjun hutan tropis flora fauna khas,taman liput area luas cakup gunung rinjani gunung rap aktif gunung tinggi indonesia taman nasional gunung rinjani kenal indah pandang alam danau kaldera segara anak air terjun hutan tropis flora fauna khas taman nasional lombok,Gunung/Bukit,60
507,Desa Wisata Sade,"Desa Wisata Sade adalah sebuah desa tradisional yang terletak di Lombok, Nusa Tenggara Barat, Indonesia. Desa ini terkenal dengan keaslian budaya Sasaknya. Pengunjung dapat mengalami kehidupan tradisional Sasak dengan mengunjungi rumah tradisional, mempelajari kerajinan tangan seperti tenun ikat, dan menyaksikan pertunjukan seni tradisional. Desa ini juga memiliki lingkungan alam yang indah dengan pemandangan persawahan yang hijau. Pengunjung dapat berinteraksi dengan penduduk lokal yang ramah dan menjelajahi kehidupan pedesaan yang otentik di Desa Wisata Sade.",Budaya,Lombok,20000,4.6,desa wisata sade desa tradisional letak lombok nusa tenggara barat indonesia desa kenal asli budaya sasak unjung alami hidup tradisional sasak unjung rumah tradisional ajar rajin tangan tenun ikat saksi tunjuk seni tradisional desa milik lingkung alam indah pandang sawah hijau unjung interaksi duduk lokal ramah jajah hidup desa otentik desa wisata sade,desa wisata sade desa tradisional letak lombok nusa tenggara barat indonesia desa kenal asli budaya sasak unjung alami hidup tradisional sasak unjung rumah tradisional ajar rajin tangan tenun ikat saksi tunjuk seni tradisional desa milik lingkung alam indah pandang sawah hijau unjung interaksi duduk lokal ramah jajah hidup desa otentik desa wisata sade budaya lombok,Budaya,60
508,Taman Nasional Gunung Merbabu,"Taman Nasional Gunung Merbabu adalah sebuah taman nasional yang terletak di Provinsi Jawa Tengah, Indonesia. Taman nasional ini terkenal karena keindahan gunungnya, flora dan fauna yang beragam, serta trekking yang menantang.",Budaya,Magelang,7500,4.7,taman nasional gunung merbabu taman nasional letak provinsi jawa tengah indonesia taman nasional kenal indah gunung flora fauna agam trekking tantang,taman nasional gunung merbabu taman nasional letak provinsi jawa tengah indonesia taman nasional kenal indah gunung flora fauna agam trekking tantang budaya magelang,Gunung/Bukit,60
509,Desa Wisata Jodipan,"Desa Wisata Jodipan, juga dikenal sebagai Kampung Warna-Warni Jodipan, adalah destinasi wisata yang terkenal karena keindahan dan keunikan warna-warni rumah-rumahnya. Desa ini diubah menjadi sebuah kanvas besar yang dihiasi dengan mural dan cat warna-warni yang cerah, menciptakan suasana yang ceria dan menarik perhatian pengunjung.",Budaya,Malang,3000,4.5,desa wisata jodipan kenal kampung warna warni jodipan destinasi wisata kenal indah uni warna warni rumah rumah desa ubah kanvas hias mural cat warna warni cerah cipta suasana ceria tarik perhati unjung,desa wisata jodipan kenal kampung warna warni jodipan destinasi wisata kenal indah uni warna warni rumah rumah desa ubah kanvas hias mural cat warna warni cerah cipta suasana ceria tarik perhati unjung budaya malang,Budaya,60
510,Desa Wisata Ngadas,"Desa ini terkenal karena keindahan alamnya yang mempesona, pemandangan gunung yang spektakuler, serta budaya dan kehidupan masyarakat yang masih memegang teguh tradisi-tradisi lokal.",Cagar Alam,Malang,0,4.5,desa kenal indah alam pesona pandang gunung spektakuler budaya hidup masyarakat pegang teguh tradisi tradisi lokal,desa kenal indah alam pesona pandang gunung spektakuler budaya hidup masyarakat pegang teguh tradisi tradisi lokal cagar alam malang,Cagar Alam,60
511,Taman Hutan Raya R. Soerjo,Taman Hutan Raya R. Soerjo terletak di Jawa Timur dan memiliki luas sekitar 15.000 hektar. Tempat wisata ini memiliki keanekaragaman flora dan fauna yang sangat beragam.,Cagar Alam,Malang,5000,4.5,taman hutan raya soerjo letak jawa timur milik luas hektar wisata milik keanekaragaman flora fauna agam,taman hutan raya soerjo letak jawa timur milik luas hektar wisata milik keanekaragaman flora fauna agam cagar alam malang,Kebun/Taman,60
512,Taman Nasional Bromo Tengger Semeru,"Taman nasional ini terkenal karena keindahan alamnya yang menakjubkan, termasuk Gunung Bromo, Gunung Semeru, dan Kawah Tengger. Area ini menawarkan pemandangan spektakuler, seperti padang pasir luas, lautan kabut, dan pemandangan gunung yang megah.",Budaya,Malang,30000,4.8,taman nasional kenal indah alam takjub gunung bromo gunung meru kawah tengger area tawar pandang spektakuler padang pasir luas laut kabut pandang gunung megah,taman nasional kenal indah alam takjub gunung bromo gunung meru kawah tengger area tawar pandang spektakuler padang pasir luas laut kabut pandang gunung megah budaya malang,Kebun/Taman,60
513,Taman Wisata Alam Puncak Banyu Biru,"Taman Wisata Alam Puncak Banyu Biru terletak di Kabupaten Malang, Jawa Timur, Indonesia. Taman wisata ini terkenal dengan keindahan alamnya yang asri, terutama hutan pinus, dan air terjun yang indah. Di Taman Wisata Alam Puncak Banyu Biru, pengunjung dapat melakukan berbagai aktivitas seperti hiking, camping, atau sekadar menikmati keindahan alam yang mempesona.",Budaya,Malang,15000,4.2,taman wisata alam puncak banyu biru letak kabupaten malang jawa timur indonesia taman wisata kenal indah alam asri hutan pinus air terjun indah taman wisata alam puncak banyu biru unjung aktivitas hiking camping nikmat indah alam pesona,taman wisata alam puncak banyu biru letak kabupaten malang jawa timur indonesia taman wisata kenal indah alam asri hutan pinus air terjun indah taman wisata alam puncak banyu biru unjung aktivitas hiking camping nikmat indah alam pesona budaya malang,Gunung/Bukit,60
514,Pulau Kanawa,"Pulau Kanawa terletak di perairan Laut Flores, Nusa Tenggara Timur, Indonesia. Pulau ini terkenal dengan pantai berpasir putih, air laut yang jernih, dan keindahan bawah lautnya yang mempesona. Di Pulau Kanawa, pengunjung dapat melakukan berbagai aktivitas seperti snorkeling, diving, atau hanya sekadar bersantai di pantai.",Bahari,Manggarai,150000,4.6,pulau kanawa letak air laut flores nusa tenggara timur indonesia pulau kenal pantai pasir putih air laut jernih indah laut pesona pulau kanawa unjung aktivitas snorkeling diving santa pantai,pulau kanawa letak air laut flores nusa tenggara timur indonesia pulau kenal pantai pasir putih air laut jernih indah laut pesona pulau kanawa unjung aktivitas snorkeling diving santa pantai bahari manggarai,Pantai/Bahari,60
515,Taman Nasional Komodo,"Taman Nasional Komodo terletak di Kepulauan Nusa Tenggara, Indonesia. Taman nasional ini terkenal dengan keanekaragaman hayatinya, termasuk satwa komodo yang menjadi primadona tempat ini. Di Taman Nasional Komodo, pengunjung dapat menikmati keindahan alam dan keanekaragaman hayati yang luar biasa.",Bahari,Manggarai,300000,4.7,taman nasional komodo letak pulau nusa tenggara indonesia taman nasional kenal keanekaragaman hayati satwa komodo primadona taman nasional komodo unjung nikmat indah alam keanekaragaman hayati,taman nasional komodo letak pulau nusa tenggara indonesia taman nasional kenal keanekaragaman hayati satwa komodo primadona taman nasional komodo unjung nikmat indah alam keanekaragaman hayati bahari manggarai,Kebun/Taman,60
516,Pantai Klayar,"Pantai ini terkenal dengan keindahan alamnya, dengan pasir putih yang lembut, tebing karang yang menjulang tinggi, dan ombak yang kuat. Pemandangan pantai yang eksotis dan suasana yang tenang menjadikan Pantai Klayar sebagai tujuan wisata yang populer.",Bahari,Pacitan,10000,4.5,pantai kenal indah alam pasir putih lembut tebing karang julang tinggi ombak kuat pandang pantai eksotis suasana tenang jadi pantai klayar tuju wisata populer,pantai kenal indah alam pasir putih lembut tebing karang julang tinggi ombak kuat pandang pantai eksotis suasana tenang jadi pantai klayar tuju wisata populer bahari pacitan,Pantai/Bahari,60
517,Taman Hutan Raya Bung Hatta,"Taman Hutan Raya Bung Hatta terletak di Kota Padang, Sumatra Barat, Indonesia. Taman hutan raya ini terkenal dengan keindahan alamnya yang asri, terutama hutan dan sungai yang mempesona. Di Taman Hutan Raya Bung Hatta, pengunjung dapat melakukan berbagai aktivitas seperti hiking, camping, atau sekadar menikmati keindahan alam yang menakjubkan. ",Cagar Alam,Padang,5000,4.0,taman hutan raya hatta letak kota padang sumatra barat indonesia taman hutan raya kenal indah alam asri hutan sungai pesona taman hutan raya hatta unjung aktivitas hiking camping nikmat indah alam takjub,taman hutan raya hatta letak kota padang sumatra barat indonesia taman hutan raya kenal indah alam asri hutan sungai pesona taman hutan raya hatta unjung aktivitas hiking camping nikmat indah alam takjub cagar alam padang,Kebun/Taman,60
518,Taman Wisata Alam Punti Kayu,"Taman Wisata Alam Punti Kayu terletak di Kota Palembang, Sumatera Selatan. Tempat wisata ini memiliki berbagai macam fasilitas rekreasi seperti taman bermain, kolam renang, danau, dan lapangan olahraga.",Budaya,Palembang,10000,4.3,taman wisata alam punti kayu letak kota palembang sumatera selatan wisata milik fasilitas rekreasi taman main kolam renang danau lapang olahraga,taman wisata alam punti kayu letak kota palembang sumatera selatan wisata milik fasilitas rekreasi taman main kolam renang danau lapang olahraga budaya palembang,Kebun/Taman,60
519,Taman Nasional Teluk Cendrawasih,Taman Nasional Teluk Cenderawasih adalah kawasan konservasi laut di Papua yang memiliki terumbu karang terluas di dunia. Terumbu karang ini menjadi rumah bagi berbagai jenis ikan dan satwa laut seperti hiu paus dan penyu hijau. Taman Nasional Teluk Cenderawasih juga menyuguhkan pemandangan alam yang indah serta kegiatan snorkeling dan diving yang menarik.,Taman Nasional,Papua Barat,20000,4.3,taman nasional teluk cenderawasih kawasan konservasi laut papua milik terumbu karang luas dunia terumbu karang rumah jenis ikan satwa laut hiu paus penyu hijau taman nasional teluk cenderawasih suguh pandang alam indah giat snorkeling diving tarik,taman nasional teluk cenderawasih kawasan konservasi laut papua milik terumbu karang luas dunia terumbu karang rumah jenis ikan satwa laut hiu paus penyu hijau taman nasional teluk cenderawasih suguh pandang alam indah giat snorkeling diving tarik taman nasional papua barat,Kebun/Taman,60
520,Taman Hutan Raya Sultan Syarif Hasyim,"Taman Hutan Raya Sultan Syarif Hasyim adalah taman hutan yang terletak di kota Pekanbaru, Riau, Indonesia. Taman ini memiliki luas sekitar 1.300 hektar dan merupakan salah satu area konservasi hutan tropis yang penting di Indonesia. Di sini terdapat berbagai macam flora dan fauna langka yang dilindungi serta jalur hiking dan fasilitas pendukung lainnya.",Cagar Alam,Pekanbaru,0,4.2,taman hutan raya sultan syarif hasyim taman hutan letak kota pekanbaru riau indonesia taman milik luas hektar salah area konservasi hutan tropis indonesia flora fauna langka lindung jalur hiking fasilitas dukung,taman hutan raya sultan syarif hasyim taman hutan letak kota pekanbaru riau indonesia taman milik luas hektar salah area konservasi hutan tropis indonesia flora fauna langka lindung jalur hiking fasilitas dukung cagar alam pekanbaru,Kebun/Taman,60
521,Taman Nasional Tesso Nilo,"Taman Nasional Tesso Nilo terletak di Riau dan memiliki luas sekitar 83.068 hektar. Tempat wisata ini terkenal dengan keanekaragaman flora dan fauna seperti harimau sumatera, gajah, dan orangutan.",Cagar Alam,Pelalawan,15000,4.0,taman nasional tesso nilo letak riau milik luas hektar wisata kenal keanekaragaman flora fauna harimau sumatera gajah orangutan,taman nasional tesso nilo letak riau milik luas hektar wisata kenal keanekaragaman flora fauna harimau sumatera gajah orangutan cagar alam pelalawan,Kebun/Taman,60
522,Taman Hutan Raya Wan Abdul Rachman,"Taman Hutan Raya Wan Abdul Rachman berlokasi di Lampung dan memiliki luas sekitar 15.000 hektar. Tempat wisata ini memiliki berbagai macam atraksi seperti air terjun, danau, serta beberapa jenis tumbuhan yang langka. ",Cagar Alam,Pesawaran,5000,4.4,taman hutan raya wan abdul rachman lokasi lampung milik luas hektar wisata milik atraksi air terjun danau jenis tumbuh langka,taman hutan raya wan abdul rachman lokasi lampung milik luas hektar wisata milik atraksi air terjun danau jenis tumbuh langka cagar alam pesawaran,Kebun/Taman,60
523,Taman Wisata Alam Hutan Albasia,"Taman Wisata Alam Kubu Raya adalah taman wisata alam yang terletak di Kalimantan Barat, Indonesia. Taman ini memiliki hutan yang luas dan beragam spesies flora dan fauna yang menarik untuk dijelajahi. Pengunjung dapat melakukan kegiatan seperti hiking, camping, dan berburu foto alam yang indah di sini.",Budaya,Pontianak,5000,4.1,taman wisata alam kubu raya taman wisata alam letak kalimantan barat indonesia taman milik hutan luas agam spesies flora fauna tarik jajah unjung giat hiking camping buru foto alam indah,taman wisata alam kubu raya taman wisata alam letak kalimantan barat indonesia taman milik hutan luas agam spesies flora fauna tarik jajah unjung giat hiking camping buru foto alam indah budaya pontianak,Kebun/Taman,60
524,Taman Buru Gunung Masigit Kareumbi,"Taman Wisata Alam Gunung Masigit adalah tempat wisata alam yang terletak di Purwakarta, Jawa Barat, Indonesia. Taman ini terkenal dengan keindahan panorama pegunungan dan hutan serta berbagai aktivitas seperti camping, hiking, dan off-road.",Cagar Alam,Purwakarta,5000,4.3,taman wisata alam gunung masigit wisata alam letak purwakarta jawa barat indonesia taman kenal indah panorama gunung hutan aktivitas camping hiking off road,taman wisata alam gunung masigit wisata alam letak purwakarta jawa barat indonesia taman kenal indah panorama gunung hutan aktivitas camping hiking off road cagar alam purwakarta,Gunung/Bukit,60
525,Taman Nasional Kutai,"Taman Nasional Kutai adalah sebuah taman nasional yang terletak di Kalimantan Timur, Indonesia. Taman ini memiliki luas sekitar 200.000 hektar dan menjadi habitat bagi berbagai macam spesies flora dan fauna, seperti orangutan, bekantan, dan harimau. Pengunjung dapat menikmati keindahan alam dengan berjalan-jalan atau mengikuti program tur yang disediakan oleh pihak taman nasional.",Cagar Alam,Samarinda,15000,4.7,taman nasional kuta taman nasional letak kalimantan timur indonesia taman milik luas hektar habitat spesies flora fauna orangutan bekantan harimau unjung nikmat indah alam jalan jalan ikut program tur sedia taman nasional,taman nasional kuta taman nasional letak kalimantan timur indonesia taman milik luas hektar habitat spesies flora fauna orangutan bekantan harimau unjung nikmat indah alam jalan jalan ikut program tur sedia taman nasional cagar alam samarinda,Kebun/Taman,60
526,Waduk Jatibarang Mijen,"Waduk Jatibarang Mijen adalah waduk yang terletak di Mijen, Semarang, Jawa Tengah, Indonesia. Waduk ini menawarkan pemandangan indah dan suasana yang tenang. Air jernih waduk yang dikelilingi oleh perbukitan hijau menciptakan panorama yang memukau. Pengunjung dapat menikmati kegiatan seperti perahu dayung, memancing, atau hanya bersantai di tepi waduk sambil menikmati keindahan alam sekitarnya. Waduk Jatibarang Mijen menjadi tempat yang populer bagi wisatawan yang ingin melepaskan penat dan menikmati keindahan alam yang damai.",Cagar Alam,Semarang,2500,4.1,waduk jatibarang mijen waduk letak mijen semarang jawa tengah indonesia waduk tawar pandang indah suasana tenang air jernih waduk keliling bukit hijau cipta panorama pukau unjung nikmat giat perahu dayung pancing santa tepi waduk nikmat indah alam waduk jatibarang mijen populer wisatawan lepas penat nikmat indah alam damai,waduk jatibarang mijen waduk letak mijen semarang jawa tengah indonesia waduk tawar pandang indah suasana tenang air jernih waduk keliling bukit hijau cipta panorama pukau unjung nikmat giat perahu dayung pancing santa tepi waduk nikmat indah alam waduk jatibarang mijen populer wisatawan lepas penat nikmat indah alam damai cagar alam semarang,Cagar Alam,60
527,Taman Nasional Baluran,"Taman nasional ini terkenal dengan keindahan alamnya yang kaya akan flora dan fauna. Kawasan ini mencakup berbagai ekosistem, seperti hutan bakau, savana, hutan hujan tropis, dan pantai. Taman Nasional Baluran menawarkan pemandangan yang spektakuler, dengan hewan liar seperti banteng, kijang, babi hutan, dan berbagai spesies burung yang dapat ditemui di sana.",Cagar Alam,Situbondo,150000,4.6,taman nasional kenal indah alam kaya flora fauna kawasan cakup ekosistem hutan bakau savana hutan hujan tropis pantai taman nasional balur tawar pandang spektakuler hewan liar banteng kijang babi hutan spesies burung temu,taman nasional kenal indah alam kaya flora fauna kawasan cakup ekosistem hutan bakau savana hutan hujan tropis pantai taman nasional balur tawar pandang spektakuler hewan liar banteng kijang babi hutan spesies burung temu cagar alam situbondo,Kebun/Taman,60
528,Desa Wisata Kinahrejo,"Desa Wisata Kinahrejo terletak di Kabupaten Sleman, Yogyakarta, Indonesia. Desa wisata ini terkenal dengan keindahan alamnya yang asri, terutama pemandangan dari kaki Gunung Merapi yang mempesona. Di Desa Wisata Kinahrejo, pengunjung dapat melakukan berbagai aktivitas seperti hiking, camping, atau sekadar menikmati keindahan alam yang menakjubkan.",Desa Wisata,Sleman,5000,4.3,desa wisata kinahrejo letak kabupaten sleman yogyakarta indonesia desa wisata kenal indah alam asri pandang kaki gunung rapi pesona desa wisata kinahrejo unjung aktivitas hiking camping nikmat indah alam takjub,desa wisata kinahrejo letak kabupaten sleman yogyakarta indonesia desa wisata kenal indah alam asri pandang kaki gunung rapi pesona desa wisata kinahrejo unjung aktivitas hiking camping nikmat indah alam takjub desa wisata sleman,Lainnya,60
529,Taman Nasional Kerinci Seblat,"Taman Nasional Kerinci Seblat terletak di Sumatra, Indonesia. Taman nasional ini terkenal dengan keanekaragaman hayatinya, termasuk flora dan fauna yang endemik di kawasan Sumatra, seperti harimau, gajah, dan orangutan. Di Taman Nasional Kerinci Seblat, pengunjung dapat melakukan berbagai aktivitas seperti hiking, melihat air terjun, atau hanya sekadar bersantai di alam yang asri.",Taman Nasional,Solok Selatan,10000,4.6,taman nasional kerinci seblat letak sumatra indonesia taman nasional kenal keanekaragaman hayati flora fauna endemik kawasan sumatra harimau gajah orangutan taman nasional kerinci seblat unjung aktivitas hiking air terjun santa alam asri,taman nasional kerinci seblat letak sumatra indonesia taman nasional kenal keanekaragaman hayati flora fauna endemik kawasan sumatra harimau gajah orangutan taman nasional kerinci seblat unjung aktivitas hiking air terjun santa alam asri taman nasional solok selatan,Kebun/Taman,60
530,Taman Wisata Tirta Alam,"Taman Wisata Alam Tirta Alam adalah sebuah tempat wisata alam yang terletak di Subang, Jawa Barat, Indonesia. Taman ini memiliki area sekitar 250 hektar yang terdiri dari beragam jenis flora dan fauna, serta memiliki panorama alam yang menakjubkan. Di sini, pengunjung dapat menikmati berbagai kegiatan seperti berjalan-jalan di alam terbuka, camping, atau berkunjung ke air terjun yang indah.",Budaya,Subang,20000,4.2,taman wisata alam tirta alam wisata alam letak subang jawa barat indonesia taman milik area hektar agam jenis flora fauna milik panorama alam takjub unjung nikmat giat jalan jalan alam buka camping kunjung air terjun indah,taman wisata alam tirta alam wisata alam letak subang jawa barat indonesia taman milik area hektar agam jenis flora fauna milik panorama alam takjub unjung nikmat giat jalan jalan alam buka camping kunjung air terjun indah budaya subang,Kebun/Taman,60
531,Taman Wisata Alam Curug Cipendok,"Taman Wisata Alam Curug Cipendok adalah tempat wisata yang terletak di Sukabumi, Jawa Barat, Indonesia. Taman ini terkenal dengan air terjunnya yang indah dan berbagai kegiatan seperti berenang, memancing, dan hiking di sekitarnya. Di sini juga terdapat area camping yang cocok untuk melepas penat dan menikmati alam.",Budaya,Sukabumi,9000,4.4,taman wisata alam curug cipendok wisata letak sukabumi jawa barat indonesia taman kenal air terjun indah giat renang pancing hiking area camping cocok lepas penat nikmat alam,taman wisata alam curug cipendok wisata letak sukabumi jawa barat indonesia taman kenal air terjun indah giat renang pancing hiking area camping cocok lepas penat nikmat alam budaya sukabumi,Air Terjun,60
532,Taman Wisata Alam Situgunung,"Taman Wisata Alam Situgunung adalah tempat wisata alam yang terletak di Sukabumi, Jawa Barat, Indonesia. Taman ini memiliki keindahan alam yang memukau, termasuk air terjun dan danau yang indah. Pengunjung dapat melakukan aktivitas seperti hiking, camping, dan memancing. Taman Wisata Alam Situgunung juga terkenal dengan keberadaan flora dan fauna yang beragam, seperti bunga anggrek dan burung elang.",Budaya,Sukabumi,50000,4.0,taman wisata alam situgunung wisata alam letak sukabumi jawa barat indonesia taman milik indah alam pukau air terjun danau indah unjung aktivitas hiking camping pancing taman wisata alam situgunung kenal ada flora fauna agam bunga anggrek burung elang,taman wisata alam situgunung wisata alam letak sukabumi jawa barat indonesia taman milik indah alam pukau air terjun danau indah unjung aktivitas hiking camping pancing taman wisata alam situgunung kenal ada flora fauna agam bunga anggrek burung elang budaya sukabumi,Gunung/Bukit,60
533,Danau Toba,"Danau Toba terletak di Sumatra Utara, Indonesia, dan merupakan danau terbesar di Indonesia. Danau Toba dikenal sebagai tempat wisata yang populer, terutama bagi para pecinta alam dan budaya. Di sekitar danau, terdapat berbagai atraksi wisata seperti air terjun, pantai, pasar tradisional, dan pulau-pulau kecil yang menarik. ",Budaya,Sumatra Utara,20000,4.5,danau toba letak sumatra utara indonesia danau besar indonesia danau toba kenal wisata populer cinta alam budaya danau atraksi wisata air terjun pantai pasar tradisional pulau pulau tarik,danau toba letak sumatra utara indonesia danau besar indonesia danau toba kenal wisata populer cinta alam budaya danau atraksi wisata air terjun pantai pasar tradisional pulau pulau tarik budaya sumatra utara,Danau/Sungai,60
534,Taman Wisata Alam Telaga Menjer,"Taman Wisata Alam Telaga Menjer terletak di Wonosobo, Jawa Tengah. Tempat wisata ini terkenal dengan keindahan danau Menjer yang dikelilingi oleh tebing-tebing curam dan hijau yang membuat pemandangan menjadi sangat indah. ",Budaya,Wonosobo,5000,4.6,taman wisata alam telaga menjer letak wonosobo jawa tengah wisata kenal indah danau menjer keliling tebing tebing curam hijau pandang indah,taman wisata alam telaga menjer letak wonosobo jawa tengah wisata kenal indah danau menjer keliling tebing tebing curam hijau pandang indah budaya wonosobo,Danau/Sungai,60
535,Desa Wisata Kalibiru,"Desa Wisata Kalibiru adalah destinasi wisata alam yang terkenal dengan keindahan pemandangan alamnya. Desa ini menawarkan pengalaman yang menenangkan dan dekat dengan alam, serta berbagai aktivitas outdoor yang menarik.",Budaya,Yogyakarta,10000,4.4,desa wisata kalibiru destinasi wisata alam kenal indah pandang alam desa tawar alam tenang alam aktivitas outdoor tarik,desa wisata kalibiru destinasi wisata alam kenal indah pandang alam desa tawar alam tenang alam aktivitas outdoor tarik budaya yogyakarta,Budaya,60